# Aspose.3D Wavefront OBJ Exporter
# Copyright 2004-2025 Aspose Pty Ltd.
# File created: 05/17/2025 15:34:05

mtllib material.lib
g Sphere

#
# object Sphere
#

v 83.13208 0.00854344 -55.55396
v 55.45072 0.05664175 -83.14328
v 17.22243 0.628146 -98.07366
v -6.4293284 1.3644044 -99.99421
v -34.853996 2.4430225 -98.07126
v -123.66294 3.754901 -83.1308
v 98.06492 -3.7982128 -19.131397
v 92.37385 -7.4576945 -37.530136
v 83.132065 -10.830067 -54.486446
v 70.6942 -13.785248 -69.34867
v 55.459335 -16.166834 -81.54562
v 37.681892 -17.803455 -90.60857
v 17.361357 -18.524435 -96.18911
v -6.0812106 -18.177439 -98.07274
v -34.11581 -16.736357 -96.186714
v -70.01739 -14.431519 -90.602844
v -121.05598 -12.414114 -81.53352
v -205.34511 -14.839208 -69.31407
v -380.3496 -18.468016 -52.522995
v -625.8258 -6.6399455 -17.770845
v -640.7763 -3.8005013 -10.201663
v 98.06492 -7.457965 -18.02122
v 92.37385 -14.636555 -35.352448
v 83.132065 -21.25216 -51.324924
v 70.69443 -27.050308 -65.324814
v 55.474976 -31.770687 -76.81408
v 37.75748 -35.15352 -85.35116
v 17.590853 -36.967144 -90.6079
v -5.518334 -37.015106 -92.38216
v -32.92456 -35.24876 -90.605545
v -67.68102 -31.887749 -85.34565
v -116.50312 -27.970974 -76.80251
v -195.93745 -27.548502 -65.29393
v -352.05 -28.804787 -51.02137
v -616.5895 -9.181838 -17.449545
v -638.8796 -5.179871 -9.824313
v 98.06492 -10.8308115 -16.218391
v 92.37385 -21.252632 -31.816074
v 83.13206 -30.857203 -46.190903
v 70.6946 -39.275387 -58.790455
v 55.493965 -46.154205 -69.13048
v 37.85237 -51.153267 -76.8136
v 17.878897 -53.987297 -81.54447
v -4.813172 -54.41854 -83.141174
v -31.425425 -52.375893 -81.54216
v -64.71673 -48.059708 -76.808266
v -110.64307 -42.35708 -69.11979
v -183.62172 -39.042545 -58.76383
v -319.21313 -37.93651 -46.034058
v -592.06866 -12.781242 -17.68754
v -635.00244 -6.787997 -8.9567
v 98.06492 -13.787134 -13.7921915
v 92.37385 -27.051674 -27.056915
v 83.13207 -39.276104 -39.281677
v 70.694626 -49.990627 -49.996674
v 55.512287 -58.763424 -58.79009
v 37.952282 -65.18514 -65.32399
v 18.188759 -68.92544 -69.34718
v -4.044078 -69.71153 -70.70498
v -29.779125 -67.45032 -69.345
v -61.44811 -62.316994 -65.318985
v -104.195335 -55.052074 -58.780262
v -170.19899 -48.969933 -49.974033
v -286.49927 -45.21644 -39.18302
v -537.6471 -21.372925 -21.160927
v -627.79004 -8.42687 -8.069069
v 98.06492 -16.21333 -10.835863
v 92.37387 -31.810822 -21.257872
v 83.13207 -46.185314 -30.862766
v 70.69464 -58.784386 -39.28143
v 55.526703 -69.11264 -46.19029
v 38.045002 -76.70743 -51.323856
v 18.4884 -81.2021 -54.484734
v -3.2828145 -82.29897 -55.551373
v -28.1333 -79.883286 -54.482613
v -58.164303 -74.102196 -51.319115
v -97.769554 -65.57763 -46.18127
v -157.08131 -57.064724 -39.26211
v -256.99756 -50.717033 -30.796305
v -454.992 -33.549866 -19.094292
v -616.55743 -9.7748375 -7.5885525
v 99.986565 0.007714009 0.0027298252
v 98.06492 -18.01615 -7.4630103
v 92.373886 -35.347187 -14.641784
v 83.1321 -51.319336 -21.257694
v 70.69467 -65.31873 -27.056494
v 55.535133 -76.80296 -31.815292
v 38.121452 -85.27567 -35.351215
v 18.755856 -90.34137 -37.52828
v -2.5838547 -91.69062 -38.262753
v -26.598734 -89.18733 -37.526264
v -55.080772 -82.95055 -35.346737
v -91.796036 -73.51658 -31.806984
v -145.13232 -63.08739 -27.039814
v -232.04337 -54.626617 -21.209494
v -390.31326 -41.84712 -12.794612
v -593.24097 -11.566978 -6.8516116
v 98.06492 -19.126324 -3.803253
v 92.37389 -37.52487 -7.462909
v 83.132126 -54.48083 -10.835586
v 70.6947 -69.342575 -13.791673
v 55.538887 -81.53812 -16.21751
v 38.178047 -90.559 -18.019896
v 18.977943 -95.98976 -19.129452
v -1.9809079 -97.52112 -19.5035
v -25.24268 -94.997826 -19.127514
v -52.330315 -88.51468 -18.015642
v -86.512535 -78.54301 -16.209814
v -134.76616 -66.80123 -13.777002
v -211.36156 -56.63996 -10.798389
v -342.86597 -45.623554 -7.2435923
v -559.85004 -14.154125 -7.221002
v 98.06493 -19.501183 0.0027672837
v 92.37391 -38.260185 0.002869188
v 83.13216 -55.548336 0.0030428907
v 70.69474 -70.70124 0.0032856688
v 55.539562 -83.1365 0.0036377928
v 38.21513 -92.353134 0.004076016
v 19.15017 -97.92986 0.004684145
v -1.4864376 -99.564865 0.00546842
v -24.096014 -97.08899 0.006517922
v -49.97782 -90.57515 0.00811199
v -82.00708 -80.441795 0.010803278
v -126.09572 -68.022865 0.016420877
v -194.48848 -56.68919 0.033228792
v -308.96402 -45.62736 0.13560691
v -517.70557 -19.243172 -6.2152023
v 98.06495 -19.126322 3.8087873
v 92.37393 -37.52487 7.4686456
v 83.13218 -54.48083 10.841669
v 70.694786 -69.34256 13.798237
v 55.53961 -81.53885 16.224785
v 38.236423 -90.59054 18.028051
v 19.275423 -96.08866 19.138819
v -1.1002053 -97.74451 19.514458
v -23.161762 -95.382866 19.140615
v -48.035233 -89.0536 18.031925
v -78.27761 -79.12605 16.231565
v -119.01616 -66.653725 13.810194
v -180.95908 -54.7912 10.867232
v -283.06638 -43.885868 7.561153
v -470.6595 -22.819483 -0.14660889
v 98.06495 -18.016146 7.4685426
v 92.37394 -35.347187 14.647517
v 83.13221 -51.31931 21.263773
v 70.694824 -65.31873 27.063066
v 55.539665 -76.80733 31.822557
v 38.24569 -85.34035 35.359367
v 19.360415 -90.53963 37.537643
v -0.81069183 -92.1334 38.273705
v -22.428354 -89.94896 37.539375
v -46.481926 -84.01326 35.36309
v -75.279594 -74.64554 31.829048
v -113.381615 -62.703224 27.074186
v -170.31148 -50.99269 21.28619
v -263.2382 -40.73964 14.718353
v -433.6341 -23.938889 6.779534
v 98.064964 -16.213322 10.841392
v 92.37396 -31.810818 21.263601
v 83.13223 -46.1853 30.868834
v 70.69487 -58.78438 39.28799
v 55.539726 -69.12376 46.197548
v 38.24875 -76.80565 51.331997
v 19.414248 -81.49912 54.494083
v -0.6012769 -82.95211 55.562336
v -21.872753 -81.00311 54.495796
v -45.280552 -75.65521 51.335598
v -72.943565 -67.17635 46.203743
v -109.01875 -56.281902 39.298416
v -162.12537 -45.41188 30.888979
v -248.3337 -36.46743 21.321857
v -407.05472 -23.464653 11.658415
v 98.06498 -13.7871275 13.79772
v 92.37398 -27.051664 27.062645
v 83.132256 -39.27609 39.28774
v 70.69491 -49.990627 50.003235
v 55.539776 -58.78339 58.79732
v 38.249165 -65.31647 65.332115
v 19.446299 -69.316536 69.35653
v -0.45560375 -70.55888 70.715935
v -21.468157 -68.8956 69.3582
v -44.39185 -64.307556 65.33568
v -71.19945 -57.010887 58.80328
v -105.76551 -47.6077 50.013176
v -156.03522 -38.20831 39.30647
v -237.29486 -31.144398 27.113102
v -386.96622 -21.691181 15.000845
v 98.06498 -10.830808 16.223911
v 92.374 -21.252625 31.821802
v 83.13229 -30.857195 46.19696
v 70.69494 -39.275402 58.796997
v 55.53983 -46.18363 69.1377
v 38.24923 -51.316372 76.82173
v 19.464113 -54.462852 81.55382
v -0.35956305 -55.434727 83.15217
v -21.190815 -54.097954 81.55543
v -43.77393 -50.412956 76.8251
v -69.98218 -44.544746 69.14351
v -103.498634 -36.999332 58.806583
v -151.76585 -29.607641 46.21465
v -229.48834 -24.917246 31.86745
v -372.72354 -19.107227 17.17798
v 98.06499 -7.457961 18.026737
v 92.37401 -14.636544 35.358166
v 83.1323 -21.252144 51.330963
v 70.69497 -27.050491 65.33135
v 55.539867 -31.808664 76.82128
v 38.249287 -35.34376 85.35927
v 19.47343 -37.5113 90.61722
v -0.3016267 -38.164825 92.39312
v -21.02028 -37.18448 90.618866
v -43.396935 -34.51188 85.36264
v -69.24306 -30.262926 76.82691
v -102.118774 -24.857082 65.340775
v -149.1128 -19.901897 51.34799
v -224.48663 -18.009836 35.40094
v -363.54483 -15.956815 18.612558
v 98.065 -3.7982097 19.13691
v 92.37402 -7.4576874 37.535847
v 83.13233 -10.830056 54.492462
v 70.69501 -13.785699 69.3552
v 55.539913 -16.210918 81.5528
v 38.249325 -18.012487 90.61666
v 19.477535 -19.114937 96.198425
v -0.27405244 -19.415754 98.08365
v -20.943893 -18.809294 96.20006
v -43.2416 -17.220287 90.62001
v -68.951935 -14.718525 81.55836
v -101.5632 -11.645263 69.364426
v -147.93987 -9.438931 54.509212
v -222.02124 -10.679318 37.5772
v -358.77094 -12.373723 19.557974
v 98.065 0.0078032888 19.511766
v 92.37403 0.008078257 38.27116
v 83.13235 0.008550564 55.55997
v 70.69502 0.009233548 70.71387
v 55.53994 0.010194457 83.15044
v 38.249363 0.011443147 92.39186
v 19.478264 0.018464211 98.082954
v -0.2730144 0.09033834 100.005104
v -20.956814 0.3190282 98.08457
v -43.301918 0.79420286 92.39519
v -69.09695 1.488135 83.15597
v -101.80425 2.12854 70.72308
v -148.17212 1.392083 55.57664
v -221.9444 -3.2016218 38.312378
v -358.04935 -8.593194 19.902142
v 98.065 3.8138163 19.136906
v 92.37403 7.473844 37.535843
v 83.13236 10.847156 54.49245
v 70.69503 13.804165 69.35518
v 55.53996 16.231308 81.55279
v 38.249386 18.035372 90.616646
v 19.47599 19.153322 96.19839
v -0.2991506 19.603432 98.0836
v -21.062521 19.46482 96.20002
v -43.58433 18.83849 90.61998
v -69.685165 17.73308 81.558365
v -102.84522 15.933998 69.364494
v -149.79495 12.176206 54.50943
v -224.2161 4.136534 37.578213
v -361.28024 -4.7993073 19.60729
v 98.06501 7.473565 18.026731
v 92.37404 14.652701 35.35816
v 83.132355 21.26924 51.330933
v 70.69504 27.068964 65.33134
v 55.539963 31.829054 76.82125
v 38.24939 35.366653 85.35924
v 19.469236 37.55463 90.61715
v -0.35788164 38.374516 92.39302
v -21.272806 37.89366 90.61876
v -44.107788 36.22068 85.36258
v -70.74194 33.39276 76.82691
v -104.718445 29.238512 65.340904
v -152.84456 22.4899 51.34852
v -228.90083 11.048016 35.402935
v -368.6247 -1.1414789 18.739912
v 98.065 10.84641 16.223904
v 92.37404 21.268776 31.821781
v 83.13236 30.87429 46.196915
v 70.69504 39.293877 58.79697
v 55.539967 46.204014 69.137634
v 38.24939 51.339245 76.82168
v 19.45448 54.51618 81.553734
v -0.4596954 55.684334 83.15205
v -21.607582 54.900475 81.55532
v -44.9016 52.27633 76.82503
v -72.30744 47.86758 69.14352
v -107.481186 41.527203 58.806812
v -157.41273 31.91557 46.21545
v -236.17136 17.258686 31.870811
v -380.48843 2.1414747 17.333147
v 98.065 13.80273 13.797705
v 92.37404 27.06781 27.06262
v 83.13235 39.293182 39.28769
v 70.69502 50.009087 50.003197
v 55.53994 58.803764 58.79725
v 38.249367 65.33934 65.332054
v 19.425432 69.387955 69.35642
v -0.6200503 70.871056 70.71577
v -22.09458 69.836525 69.3581
v -46.003822 66.39363 65.335594
v -74.43142 60.60457 58.80331
v -111.21513 52.321297 50.013515
v -163.63466 40.05796 39.307636
v -246.33765 22.520847 27.118414
v -397.57565 4.4576674 15.004746
v -605.81805 -4.4700007 -2.4333446
v 98.065 16.228926 10.841375
v 92.374016 31.826954 21.263573
v 83.13234 46.202385 30.868774
v 70.695 58.80284 39.28794
v 55.539925 69.14413 46.197464
v 38.24884 76.829315 51.331913
v 19.37204 81.60119 54.49395
v -0.8579823 83.35555 55.56215
v -22.76157 82.13347 54.495632
v -47.453033 78.03595 51.335503
v -77.16936 71.11856 46.203785
v -116.01584 61.194435 39.2989
v -171.69505 46.55807 30.890722
v -259.86844 26.596653 21.330078
v -420.62555 5.4872947 11.428755
v 98.064995 18.031746 7.4685254
v 92.37401 35.36332 14.647484
v 83.13232 51.336388 21.26371
v 70.69498 65.3372 27.063011
v 55.539875 76.82769 31.822464
v 38.242752 85.36994 35.359283
v 19.283247 90.689064 37.537495
v -1.1934941 92.663155 38.273502
v -23.636587 91.32502 37.539227
v -49.284386 86.76177 35.363037
v -80.57062 79.008156 31.829123
v -121.97983 67.78515 27.074827
v -181.83313 51.109955 21.288565
v -277.47858 29.241714 14.731574
v -451.83426 5.548117 6.0914197
v 98.06498 19.141916 3.8087714
v 92.37399 37.541 7.468615
v 83.13229 54.497883 10.84161
v 70.694954 69.36102 13.798186
v 55.539825 81.55922 16.22469
v 38.225132 90.63493 18.027962
v 19.14761 96.305214 19.138676
v -1.6451693 98.44154 19.514265
v -24.736664 97.06461 19.140467
v -51.51353 92.24204 18.031881
v -84.666595 83.973236 16.231758
v -129.19318 71.80639 13.811135
v -194.3565 53.495647 10.870626
v -300.09967 30.403496 7.5835137
v -496.96182 3.1257012 -0.39516675
v 98.06498 19.516777 0.002753507
v 92.37398 38.27631 0.0028393252
v 83.13226 55.565388 0.0029868085
v 70.6949 70.71971 0.00323337
v 55.53979 83.15686 0.0035448181
v 38.18963 92.4234 0.003993796
v 18.956446 98.23712 0.004539421
v -2.2193549 100.47281 0.005285866
v -26.058884 99.137314 0.0063867522
v -54.130955 94.271904 0.00810663
v -89.456245 85.82464 0.011095552
v -137.71097 73.05918 0.017659383
v -209.63072 53.60851 0.03805744
v -329.0531 30.233553 0.17750382
v -543.16656 3.5533025 -3.9955251
v 98.06497 19.141916 -3.803264
v 92.37396 37.540997 -7.4629364
v 83.13224 54.49787 -10.835633
v 70.69488 69.36102 -13.79172
v 55.53868 81.56 -16.217598
v 38.131203 90.668526 -18.019974
v 18.708063 96.41286 -19.129585
v -2.9064815 98.68121 -19.503656
v -27.57208 97.465965 -19.127632
v -57.08406 92.77687 -18.015594
v -94.8769 84.48932 -16.209421
v -147.53189 71.45366 -13.7754
v -228.0231 51.433887 -10.791337
v -366.72787 29.067503 -6.9132757
v -578.3969 3.1893008 -4.5519605
v 98.064964 18.031744 -7.4630175
v 92.37395 35.36331 -14.641805
v 83.13222 51.33636 -21.257729
v 70.69483 65.33719 -27.056536
v 55.531803 76.832375 -31.815365
v 38.049282 85.43841 -35.35128
v 18.411373 90.90334 -37.52839
v -3.6770685 93.13577 -38.26288
v -29.21443 92.116295 -37.52634
v -60.26245 87.814606 -35.346645
v -100.77939 80.008606 -31.806477
v -158.56793 67.01125 -27.03778
v -249.96664 47.106064 -21.198881
v -418.65054 22.89728 -12.198653
v -604.8019 2.0078187 -5.458973
v 98.06496 16.228918 -10.835866
v 92.37394 31.826944 -21.257883
v 83.13219 46.202354 -30.862787
v 70.694786 58.80284 -39.281467
v 55.51849 69.15578 -46.190353
v 37.950268 76.932526 -51.323906
v 18.087791 81.91899 -54.48483
v -4.476784 84.04689 -55.551453
v -30.884079 83.2898 -54.482677
v -63.4898 79.57143 -51.318977
v -106.90202 72.53662 -46.180656
v -170.49893 59.88141 -39.25966
v -275.73184 40.68664 -30.779684
v -496.90973 9.92508 -17.30009
v -621.6973 1.6097704 -6.3878
v 98.06494 13.802729 -13.792189
v 92.37392 27.067797 -27.056921
v 83.13216 39.293144 -39.28169
v 70.69475 50.009087 -49.996704
v 55.49969 58.824425 -58.790127
v 37.844746 65.476395 -65.32401
v 17.768053 69.80192 -69.347244
v -5.237134 71.75889 -70.70502
v -32.450428 71.31878 -69.345
v -66.53323 68.35963 -65.3188
v -112.84612 62.350117 -58.77958
v -182.74063 50.366184 -49.97121
v -304.9494 32.526997 -39.15654
v -566.1029 5.07549 -16.369152
v -631.25073 1.5113664 -7.4020042
v 98.064926 10.846403 -16.218382
v 92.37389 21.268763 -31.816074
v 83.132126 30.874249 -46.1909
v 70.694695 39.29387 -58.790466
v 55.479443 46.234203 -69.13049
v 37.74733 51.508102 -76.81362
v 17.489227 55.013046 -81.5445
v -5.876838 56.737274 -83.14118
v -33.758026 56.654682 -81.54216
v -69.11001 54.601624 -76.80811
v -118.07158 49.840332 -69.119125
v -194.32208 38.93391 -58.760914
v -336.00406 23.313963 -45.992584
v -602.91095 1.5335906 -16.37463
v -636.8529 1.1236334 -8.429461
v 98.064926 7.47356 -18.021204
v 92.373886 14.652691 -35.352448
v 83.1321 21.269203 -51.32489
v 70.6945 27.06913 -65.32483
v 55.462048 31.86774 -76.81407
v 37.673317 35.561607 -85.35116
v 17.289738 38.115135 -90.6079
v -6.3220053 39.552296 -92.382095
v -34.661034 39.852848 -90.605515
v -70.92971 38.819843 -85.34548
v -121.96958 35.507694 -76.801994
v -203.8114 26.12488 -65.2914
v -365.52167 13.500513 -50.715706
v -620.20654 -0.5600164 -17.006283
v -640.0359 0.20050648 -9.274387
v 98.064926 3.813812 -19.131376
v 92.37387 7.4738297 -37.53013
v 83.13209 10.847121 -54.486385
v 70.69422 13.804604 -69.34866
v 55.451622 16.275808 -81.545586
v 37.634872 18.247059 -90.608536
v 17.196705 19.75268 -96.189095
v -6.5142508 20.85684 -98.07266
v -35.04383 21.549994 -96.18667
v -71.7479 21.612389 -90.60277
v -123.95886 19.937101 -81.53314
v -209.53487 12.512115 -69.31255
v -388.08447 2.2893233 -52.06924
v -627.099 -2.6668806 -17.69956
v -641.44617 -1.0530792 -9.885576
v 98.064926 0.0078006107 -19.506235
v 92.373856 0.00806715 -38.26543
v 70.69407 0.009806919 -70.707344
v 37.638218 0.22804652 -92.383736
v -71.43502 3.6331844 -92.37794
v -210.16496 -1.3238295 -70.670784
v -394.2371 -8.41511 -52.374344
v -628.5968 -4.7074814 -17.787008
v -641.61414 -2.424206 -10.204097
# 482 vertices

vn -0.12223686 -0.02663792 -0.99214345
vn -0.12050077 -0.015685886 -0.99258935
vn -0.11104118 -0.24284874 -0.9636879
vn -0.11822676 -0.30786088 -0.9440573
vn 0.36665392 0.00056971743 -0.9303572
vn 0.54935676 0.00022240472 -0.8355878
vn 0.5490647 -0.16239205 -0.81985164
vn 0.36532998 -0.18011135 -0.9132874
vn -0.32291347 -0.07803878 -0.94320565
vn -0.12223686 -0.02663792 -0.99214345
vn -0.11822676 -0.30786088 -0.9440573
vn -0.28703126 -0.5808567 -0.7617208
vn 0.17570317 0.0007302495 -0.9844429
vn 0.36665392 0.00056971743 -0.9303572
vn 0.36532998 -0.18011135 -0.9132874
vn 0.17206389 -0.1903529 -0.9665194
vn -0.8989994 -0.3603464 0.24889879
vn -0.32291347 -0.07803878 -0.94320565
vn -0.28703126 -0.5808567 -0.7617208
vn -0.5507021 -0.72278595 0.41750172
vn 0.0067004194 -0.00017853777 -0.9999775
vn 0.17570317 0.0007302495 -0.9844429
vn 0.17206389 -0.1903529 -0.9665194
vn -2.6006557E-05 -0.19519636 -0.9807642
vn 0.98078537 -7.9685384E-07 -0.19508988
vn 1 -1.194952E-06 -2.1564445E-06
vn 0.98078525 -0.038060624 -0.1913418
vn -0.13672906 -0.07522197 0.9877484
vn -0.8989994 -0.3603464 0.24889879
vn -0.5507021 -0.72278595 0.41750172
vn -0.111270994 -0.0031669845 -0.9937851
vn 0.0067004194 -0.00017853777 -0.9999775
vn -2.6006557E-05 -0.19519636 -0.9807642
vn -0.12001112 -0.20019527 -0.97237813
vn 0.9238796 -6.0698153E-07 -0.38268316
vn 0.98078537 -7.9685384E-07 -0.19508988
vn 0.98078525 -0.038060624 -0.1913418
vn 0.9238791 -0.074658476 -0.37533134
vn -0.16508491 -0.008488651 -0.98624283
vn -0.111270994 -0.0031669845 -0.9937851
vn -0.12001112 -0.20019527 -0.97237813
vn -0.17209424 -0.21149722 -0.9621084
vn 0.831462 -1.0101447E-08 -0.5555816
vn 0.9238796 -6.0698153E-07 -0.38268316
vn 0.9238791 -0.074658476 -0.37533134
vn 0.8314606 -0.10838631 -0.54490894
vn -0.1593779 -0.014204538 -0.9871155
vn -0.16508491 -0.008488651 -0.98624283
vn -0.17209424 -0.21149722 -0.9621084
vn -0.15721883 -0.23132448 -0.96008915
vn 0.7061099 3.9918825E-05 -0.7081022
vn 0.831462 -1.0101447E-08 -0.5555816
vn 0.8314606 -0.10838631 -0.54490894
vn 0.70608294 -0.13800542 -0.69455117
vn -0.12050077 -0.015685886 -0.99258935
vn -0.1593779 -0.014204538 -0.9871155
vn -0.15721883 -0.23132448 -0.96008915
vn -0.11104118 -0.24284874 -0.9636879
vn 0.54935676 0.00022240472 -0.8355878
vn 0.7061099 3.9918825E-05 -0.7081022
vn 0.70608294 -0.13800542 -0.69455117
vn 0.5490647 -0.16239205 -0.81985164
vn 0.70608294 -0.13800542 -0.69455117
vn 0.8314606 -0.10838631 -0.54490894
vn 0.831461 -0.21260925 -0.51329315
vn 0.70616794 -0.27074313 -0.65423614
vn -0.11104118 -0.24284874 -0.9636879
vn -0.15721883 -0.23132448 -0.96008915
vn -0.16109729 -0.4329012 -0.8869297
vn -0.10522162 -0.46868682 -0.8770753
vn 0.5490647 -0.16239205 -0.81985164
vn 0.70608294 -0.13800542 -0.69455117
vn 0.70616794 -0.27074313 -0.65423614
vn 0.54924226 -0.3188008 -0.7724629
vn -0.11822676 -0.30786088 -0.9440573
vn -0.11104118 -0.24284874 -0.9636879
vn -0.10522162 -0.46868682 -0.8770753
vn -0.110706985 -0.59118503 -0.79890186
vn 0.36532998 -0.18011135 -0.9132874
vn 0.5490647 -0.16239205 -0.81985164
vn 0.54924226 -0.3188008 -0.7724629
vn 0.36497143 -0.35400864 -0.8610887
vn -0.28703126 -0.5808567 -0.7617208
vn -0.11822676 -0.30786088 -0.9440573
vn -0.110706985 -0.59118503 -0.79890186
vn -0.1984344 -0.8527893 -0.4830882
vn 0.17206389 -0.1903529 -0.9665194
vn 0.36532998 -0.18011135 -0.9132874
vn 0.36497143 -0.35400864 -0.8610887
vn 0.16956513 -0.37418538 -0.9117198
vn -0.5507021 -0.72278595 0.41750172
vn -0.28703126 -0.5808567 -0.7617208
vn -0.1984344 -0.8527893 -0.4830882
vn -0.3489756 -0.73282063 0.5841146
vn -2.6006557E-05 -0.19519636 -0.9807642
vn 0.17206389 -0.1903529 -0.9665194
vn 0.16956513 -0.37418538 -0.9117198
vn -0.0062793796 -0.38205704 -0.92411745
vn 0.98078525 -0.038060624 -0.1913418
vn 1 -1.194952E-06 -2.1564445E-06
vn 0.98078513 -0.0746578 -0.18024063
vn -0.13672906 -0.07522197 0.9877484
vn -0.5507021 -0.72278595 0.41750172
vn -0.3489756 -0.73282063 0.5841146
vn -0.12001112 -0.20019527 -0.97237813
vn -2.6006557E-05 -0.19519636 -0.9807642
vn -0.0062793796 -0.38205704 -0.92411745
vn -0.12981988 -0.38733396 -0.91275364
vn 0.9238791 -0.074658476 -0.37533134
vn 0.98078525 -0.038060624 -0.1913418
vn 0.98078513 -0.0746578 -0.18024063
vn 0.92387843 -0.14644803 -0.3535557
vn -0.17209424 -0.21149722 -0.9621084
vn -0.12001112 -0.20019527 -0.97237813
vn -0.12981988 -0.38733396 -0.91275364
vn -0.18259118 -0.4022208 -0.8971504
vn 0.8314606 -0.10838631 -0.54490894
vn 0.9238791 -0.074658476 -0.37533134
vn 0.92387843 -0.14644803 -0.3535557
vn 0.831461 -0.21260925 -0.51329315
vn -0.15721883 -0.23132448 -0.96008915
vn -0.17209424 -0.21149722 -0.9621084
vn -0.18259118 -0.4022208 -0.8971504
vn -0.16109729 -0.4329012 -0.8869297
vn -0.0062793796 -0.38205704 -0.92411745
vn 0.16956513 -0.37418538 -0.9117198
vn 0.1684878 -0.5439059 -0.8220573
vn -0.011523983 -0.5539464 -0.83247256
vn 0.98078513 -0.0746578 -0.18024063
vn 1 -1.194952E-06 -2.1564445E-06
vn 0.9807851 -0.10838652 -0.16221258
vn -0.13672906 -0.07522197 0.9877484
vn -0.3489756 -0.73282063 0.5841146
vn -0.26071924 -0.78458613 0.562539
vn -0.12981988 -0.38733396 -0.91275364
vn -0.0062793796 -0.38205704 -0.92411745
vn -0.011523983 -0.5539464 -0.83247256
vn -0.14005989 -0.5574957 -0.81827974
vn 0.92387843 -0.14644803 -0.3535557
vn 0.98078513 -0.0746578 -0.18024063
vn 0.9807851 -0.10838652 -0.16221258
vn 0.92387795 -0.2126097 -0.31819284
vn -0.18259118 -0.4022208 -0.8971504
vn -0.12981988 -0.38733396 -0.91275364
vn -0.14005989 -0.5574957 -0.81827974
vn -0.19620796 -0.5722544 -0.79625833
vn 0.831461 -0.21260925 -0.51329315
vn 0.92387843 -0.14644803 -0.3535557
vn 0.92387795 -0.2126097 -0.31819284
vn 0.83146167 -0.30866337 -0.4619506
vn -0.16109729 -0.4329012 -0.8869297
vn -0.18259118 -0.4022208 -0.8971504
vn -0.19620796 -0.5722544 -0.79625833
vn -0.17171058 -0.6086304 -0.77465117
vn 0.70616794 -0.27074313 -0.65423614
vn 0.831461 -0.21260925 -0.51329315
vn 0.83146167 -0.30866337 -0.4619506
vn 0.70634484 -0.39304367 -0.58872205
vn -0.10522162 -0.46868682 -0.8770753
vn -0.16109729 -0.4329012 -0.8869297
vn -0.17171058 -0.6086304 -0.77465117
vn -0.10633959 -0.6628687 -0.7411458
vn 0.54924226 -0.3188008 -0.7724629
vn 0.70616794 -0.27074313 -0.65423614
vn 0.70634484 -0.39304367 -0.58872205
vn 0.54986095 -0.46292788 -0.6952342
vn -0.110706985 -0.59118503 -0.79890186
vn -0.10522162 -0.46868682 -0.8770753
vn -0.10633959 -0.6628687 -0.7411458
vn -0.10248152 -0.756731 -0.6456438
vn 0.36497143 -0.35400864 -0.8610887
vn 0.54924226 -0.3188008 -0.7724629
vn 0.54986095 -0.46292788 -0.6952342
vn 0.3656366 -0.5144321 -0.77567357
vn -0.1984344 -0.8527893 -0.4830882
vn -0.110706985 -0.59118503 -0.79890186
vn -0.10248152 -0.756731 -0.6456438
vn -0.15530364 -0.91700065 -0.3674106
vn 0.16956513 -0.37418538 -0.9117198
vn 0.36497143 -0.35400864 -0.8610887
vn 0.3656366 -0.5144321 -0.77567357
vn 0.1684878 -0.5439059 -0.8220573
vn -0.3489756 -0.73282063 0.5841146
vn -0.1984344 -0.8527893 -0.4830882
vn -0.15530364 -0.91700065 -0.3674106
vn -0.26071924 -0.78458613 0.562539
vn -0.10633959 -0.6628687 -0.7411458
vn -0.17171058 -0.6086304 -0.77465117
vn -0.18878347 -0.7514948 -0.63215214
vn -0.1163411 -0.80670416 -0.5793903
vn 0.54986095 -0.46292788 -0.6952342
vn 0.70634484 -0.39304367 -0.58872205
vn 0.70657015 -0.5001919 -0.50056636
vn 0.5508084 -0.5891691 -0.5911766
vn -0.10248152 -0.756731 -0.6456438
vn -0.10633959 -0.6628687 -0.7411458
vn -0.1163411 -0.80670416 -0.5793903
vn -0.09837379 -0.85386693 -0.51111037
vn 0.3656366 -0.5144321 -0.77567357
vn 0.54986095 -0.46292788 -0.6952342
vn 0.5508084 -0.5891691 -0.5911766
vn 0.3672168 -0.6551485 -0.6602516
vn -0.15530364 -0.91700065 -0.3674106
vn -0.10248152 -0.756731 -0.6456438
vn -0.09837379 -0.85386693 -0.51111037
vn -0.14040585 -0.9472532 -0.28809285
vn 0.1684878 -0.5439059 -0.8220573
vn 0.3656366 -0.5144321 -0.77567357
vn 0.3672168 -0.6551485 -0.6602516
vn 0.1689108 -0.693108 -0.70076424
vn -0.26071924 -0.78458613 0.562539
vn -0.15530364 -0.91700065 -0.3674106
vn -0.14040585 -0.9472532 -0.28809285
vn -0.18172434 -0.8604895 0.47595602
vn -0.011523983 -0.5539464 -0.83247256
vn 0.1684878 -0.5439059 -0.8220573
vn 0.1689108 -0.693108 -0.70076424
vn -0.015336855 -0.70471436 -0.7093253
vn 0.9807851 -0.10838652 -0.16221258
vn 1 -1.194952E-06 -2.1564445E-06
vn 0.9807851 -0.13795014 -0.13795063
vn -0.13672906 -0.07522197 0.9877484
vn -0.26071924 -0.78458613 0.562539
vn -0.18172434 -0.8604895 0.47595602
vn -0.14005989 -0.5574957 -0.81827974
vn -0.011523983 -0.5539464 -0.83247256
vn -0.015336855 -0.70471436 -0.7093253
vn -0.15002875 -0.7047988 -0.6933614
vn 0.92387795 -0.2126097 -0.31819284
vn 0.9807851 -0.10838652 -0.16221258
vn 0.9807851 -0.13795014 -0.13795063
vn 0.92387766 -0.2706009 -0.27060175
vn -0.19620796 -0.5722544 -0.79625833
vn -0.14005989 -0.5574957 -0.81827974
vn -0.15002875 -0.7047988 -0.6933614
vn -0.21199036 -0.7154534 -0.66572255
vn 0.83146167 -0.30866337 -0.4619506
vn 0.92387795 -0.2126097 -0.31819284
vn 0.92387766 -0.2706009 -0.27060175
vn 0.8314613 -0.39285606 -0.39285654
vn -0.17171058 -0.6086304 -0.77465117
vn -0.19620796 -0.5722544 -0.79625833
vn -0.21199036 -0.7154534 -0.66572255
vn -0.18878347 -0.7514948 -0.63215214
vn 0.70634484 -0.39304367 -0.58872205
vn 0.83146167 -0.30866337 -0.4619506
vn 0.8314613 -0.39285606 -0.39285654
vn 0.70657015 -0.5001919 -0.50056636
vn -0.13672906 -0.07522197 0.9877484
vn -0.18172434 -0.8604895 0.47595602
vn -0.12207182 -0.85389715 0.505923
vn -0.15002875 -0.7047988 -0.6933614
vn -0.015336855 -0.70471436 -0.7093253
vn -0.01747998 -0.8289036 -0.5591183
vn -0.15906872 -0.8245064 -0.5430345
vn 0.92387766 -0.2706009 -0.27060175
vn 0.9807851 -0.13795014 -0.13795063
vn 0.98078513 -0.16221197 -0.108387336
vn 0.9238775 -0.318193 -0.21261142
vn -0.21199036 -0.7154534 -0.66572255
vn -0.15002875 -0.7047988 -0.6933614
vn -0.15906872 -0.8245064 -0.5430345
vn -0.22864485 -0.8278944 -0.5121644
vn 0.8314613 -0.39285606 -0.39285654
vn 0.92387766 -0.2706009 -0.27060175
vn 0.9238775 -0.318193 -0.21261142
vn 0.8314605 -0.4619505 -0.30866665
vn -0.18878347 -0.7514948 -0.63215214
vn -0.21199036 -0.7154534 -0.66572255
vn -0.22864485 -0.8278944 -0.5121644
vn -0.2109053 -0.85774213 -0.46882564
vn 0.70657015 -0.5001919 -0.50056636
vn 0.8314613 -0.39285606 -0.39285654
vn 0.8314605 -0.4619505 -0.30866665
vn 0.7067898 -0.58808386 -0.39319918
vn -0.1163411 -0.80670416 -0.5793903
vn -0.18878347 -0.7514948 -0.63215214
vn -0.2109053 -0.85774213 -0.46882564
vn -0.13399567 -0.9050216 -0.40370917
vn 0.5508084 -0.5891691 -0.5911766
vn 0.70657015 -0.5001919 -0.50056636
vn 0.7067898 -0.58808386 -0.39319918
vn 0.5519204 -0.69263464 -0.46437165
vn -0.09837379 -0.85386693 -0.51111037
vn -0.1163411 -0.80670416 -0.5793903
vn -0.13399567 -0.9050216 -0.40370917
vn -0.09579859 -0.93842 -0.33194968
vn 0.3672168 -0.6551485 -0.6602516
vn 0.5508084 -0.5891691 -0.5911766
vn 0.5519204 -0.69263464 -0.46437165
vn 0.3694677 -0.7706241 -0.51926106
vn -0.14040585 -0.9472532 -0.28809285
vn -0.09837379 -0.85386693 -0.51111037
vn -0.09579859 -0.93842 -0.33194968
vn -0.12264643 -0.988765 -0.085449174
vn 0.1689108 -0.693108 -0.70076424
vn 0.3672168 -0.6551485 -0.6602516
vn 0.3694677 -0.7706241 -0.51926106
vn 0.17070107 -0.81599844 -0.55227494
vn -0.18172434 -0.8604895 0.47595602
vn -0.14040585 -0.9472532 -0.28809285
vn -0.12264643 -0.988765 -0.085449174
vn -0.12207182 -0.85389715 0.505923
vn -0.015336855 -0.70471436 -0.7093253
vn 0.1689108 -0.693108 -0.70076424
vn 0.17070107 -0.81599844 -0.55227494
vn -0.01747998 -0.8289036 -0.5591183
vn 0.9807851 -0.13795014 -0.13795063
vn 1 -1.194952E-06 -2.1564445E-06
vn 0.98078513 -0.16221197 -0.108387336
vn -0.09579859 -0.93842 -0.33194968
vn -0.13399567 -0.9050216 -0.40370917
vn -0.15763427 -0.9622808 -0.22173662
vn -0.09809682 -0.9842511 -0.14706065
vn 0.3694677 -0.7706241 -0.51926106
vn 0.5519204 -0.69263464 -0.46437165
vn 0.55302423 -0.76934475 -0.3198013
vn 0.3720715 -0.8562958 -0.3582182
vn -0.12264643 -0.988765 -0.085449174
vn -0.09579859 -0.93842 -0.33194968
vn -0.09809682 -0.9842511 -0.14706065
vn -0.10827758 -0.97757137 0.18063861
vn 0.17070107 -0.81599844 -0.55227494
vn 0.3694677 -0.7706241 -0.51926106
vn 0.3720715 -0.8562958 -0.3582182
vn 0.17354454 -0.9076491 -0.38217178
vn -0.12207182 -0.85389715 0.505923
vn -0.12264643 -0.988765 -0.085449174
vn -0.10827758 -0.97757137 0.18063861
vn -0.08796653 -0.7528716 0.6522624
vn -0.01747998 -0.8289036 -0.5591183
vn 0.17070107 -0.81599844 -0.55227494
vn 0.17354454 -0.9076491 -0.38217178
vn -0.017961314 -0.9218112 -0.3872229
vn 0.98078513 -0.16221197 -0.108387336
vn 1 -1.194952E-06 -2.1564445E-06
vn 0.9807852 -0.18024029 -0.074658394
vn -0.13672906 -0.07522197 0.9877484
vn -0.12207182 -0.85389715 0.505923
vn -0.08796653 -0.7528716 0.6522624
vn -0.15906872 -0.8245064 -0.5430345
vn -0.01747998 -0.8289036 -0.5591183
vn -0.017961314 -0.9218112 -0.3872229
vn -0.16667594 -0.912816 -0.3728084
vn 0.9238775 -0.318193 -0.21261142
vn 0.98078513 -0.16221197 -0.108387336
vn 0.9807852 -0.18024029 -0.074658394
vn 0.9238776 -0.35355723 -0.14644952
vn -0.22864485 -0.8278944 -0.5121644
vn -0.15906872 -0.8245064 -0.5430345
vn -0.16667594 -0.912816 -0.3728084
vn -0.24487321 -0.9072376 -0.34198982
vn 0.8314605 -0.4619505 -0.30866665
vn 0.9238775 -0.318193 -0.21261142
vn 0.9238776 -0.35355723 -0.14644952
vn 0.83146024 -0.5132923 -0.21261422
vn -0.2109053 -0.85774213 -0.46882564
vn -0.22864485 -0.8278944 -0.5121644
vn -0.24487321 -0.9072376 -0.34198982
vn -0.23580608 -0.9265446 -0.293105
vn 0.7067898 -0.58808386 -0.39319918
vn 0.8314605 -0.4619505 -0.30866665
vn 0.83146024 -0.5132923 -0.21261422
vn 0.70695585 -0.65337074 -0.27077696
vn -0.13399567 -0.9050216 -0.40370917
vn -0.2109053 -0.85774213 -0.46882564
vn -0.23580608 -0.9265446 -0.293105
vn -0.15763427 -0.9622808 -0.22173662
vn 0.5519204 -0.69263464 -0.46437165
vn 0.7067898 -0.58808386 -0.39319918
vn 0.70695585 -0.65337074 -0.27077696
vn 0.55302423 -0.76934475 -0.3198013
vn 0.9238776 -0.35355723 -0.14644952
vn 0.9807852 -0.18024029 -0.074658394
vn 0.9807852 -0.19134179 -0.038061775
vn 0.9238778 -0.37533417 -0.07466014
vn -0.24487321 -0.9072376 -0.34198982
vn -0.16667594 -0.912816 -0.3728084
vn -0.17256567 -0.9667468 -0.18873711
vn -0.25965098 -0.9521299 -0.16133833
vn 0.83146024 -0.5132923 -0.21261422
vn 0.9238776 -0.35355723 -0.14644952
vn 0.9238778 -0.37533417 -0.07466014
vn 0.8314606 -0.5449081 -0.108390555
vn -0.23580608 -0.9265446 -0.293105
vn -0.24487321 -0.9072376 -0.34198982
vn -0.25965098 -0.9521299 -0.16133833
vn -0.26105586 -0.95880383 -0.11200478
vn 0.70695585 -0.65337074 -0.27077696
vn 0.83146024 -0.5132923 -0.21261422
vn 0.8314606 -0.5449081 -0.108390555
vn 0.707048 -0.6935671 -0.13801387
vn -0.15763427 -0.9622808 -0.22173662
vn -0.23580608 -0.9265446 -0.293105
vn -0.26105586 -0.95880383 -0.11200478
vn -0.18517265 -0.9820074 -0.037049685
vn 0.55302423 -0.76934475 -0.3198013
vn 0.70695585 -0.65337074 -0.27077696
vn 0.707048 -0.6935671 -0.13801387
vn 0.5539776 -0.81639457 -0.1631216
vn -0.09809682 -0.9842511 -0.14706065
vn -0.15763427 -0.9622808 -0.22173662
vn -0.18517265 -0.9820074 -0.037049685
vn -0.107579775 -0.9924645 0.05865769
vn 0.3720715 -0.8562958 -0.3582182
vn 0.55302423 -0.76934475 -0.3198013
vn 0.5539776 -0.81639457 -0.1631216
vn 0.37470022 -0.9088108 -0.1834741
vn -0.10827758 -0.97757137 0.18063861
vn -0.09809682 -0.9842511 -0.14706065
vn -0.107579775 -0.9924645 0.05865769
vn -0.1005025 -0.91944945 0.38014722
vn 0.17354454 -0.9076491 -0.38217178
vn 0.3720715 -0.8562958 -0.3582182
vn 0.37470022 -0.9088108 -0.1834741
vn 0.17701964 -0.9642826 -0.19703574
vn -0.08796653 -0.7528716 0.6522624
vn -0.10827758 -0.97757137 0.18063861
vn -0.1005025 -0.91944945 0.38014722
vn -0.092466556 -0.7426394 0.66327727
vn -0.017961314 -0.9218112 -0.3872229
vn 0.17354454 -0.9076491 -0.38217178
vn 0.17701964 -0.9642826 -0.19703574
vn -0.017023103 -0.9796567 -0.19995734
vn 0.9807852 -0.18024029 -0.074658394
vn 1 -1.194952E-06 -2.1564445E-06
vn 0.9807852 -0.19134179 -0.038061775
vn -0.13672906 -0.07522197 0.9877484
vn -0.08796653 -0.7528716 0.6522624
vn -0.092466556 -0.7426394 0.66327727
vn -0.16667594 -0.912816 -0.3728084
vn -0.017961314 -0.9218112 -0.3872229
vn -0.017023103 -0.9796567 -0.19995734
vn -0.17256567 -0.9667468 -0.18873711
vn 0.37470022 -0.9088108 -0.1834741
vn 0.5539776 -0.81639457 -0.1631216
vn 0.55469275 -0.83205515 -0.0004337586
vn 0.37706828 -0.9261834 -0.0019539476
vn -0.1005025 -0.91944945 0.38014722
vn -0.107579775 -0.9924645 0.05865769
vn -0.12597896 -0.9599005 0.2504403
vn -0.10607071 -0.8920215 0.43937087
vn 0.17701964 -0.9642826 -0.19703574
vn 0.37470022 -0.9088108 -0.1834741
vn 0.37706828 -0.9261834 -0.0019539476
vn 0.18068266 -0.9835324 -0.004202809
vn -0.092466556 -0.7426394 0.66327727
vn -0.1005025 -0.91944945 0.38014722
vn -0.10607071 -0.8920215 0.43937087
vn -0.11913527 -0.83430713 0.5382736
vn -0.017023103 -0.9796567 -0.19995734
vn 0.17701964 -0.9642826 -0.19703574
vn 0.18068266 -0.9835324 -0.004202809
vn -0.015054448 -0.99987656 -0.00448705
vn 0.9807852 -0.19134179 -0.038061775
vn 1 -1.194952E-06 -2.1564445E-06
vn 0.9807853 -0.19509012 -3.370503E-06
vn -0.13672906 -0.07522197 0.9877484
vn -0.092466556 -0.7426394 0.66327727
vn -0.11913527 -0.83430713 0.5382736
vn -0.17256567 -0.9667468 -0.18873711
vn -0.017023103 -0.9796567 -0.19995734
vn -0.015054448 -0.99987656 -0.00448705
vn -0.17668293 -0.9842646 0.002524133
vn 0.9238778 -0.37533417 -0.07466014
vn 0.9807852 -0.19134179 -0.038061775
vn 0.9807853 -0.19509012 -3.370503E-06
vn 0.9238781 -0.382687 -2.4406977E-06
vn -0.25965098 -0.9521299 -0.16133833
vn -0.17256567 -0.9667468 -0.18873711
vn -0.17668293 -0.9842646 0.002524133
vn -0.2723568 -0.96190536 0.023663353
vn 0.8314606 -0.5449081 -0.108390555
vn 0.9238778 -0.37533417 -0.07466014
vn 0.9238781 -0.382687 -2.4406977E-06
vn 0.8314613 -0.5555827 -2.0036246E-06
vn -0.26105586 -0.95880383 -0.11200478
vn -0.25965098 -0.9521299 -0.16133833
vn -0.2723568 -0.96190536 0.023663353
vn -0.2846518 -0.9561756 0.06856795
vn 0.707048 -0.6935671 -0.13801387
vn 0.8314606 -0.5449081 -0.108390555
vn 0.8314613 -0.5555827 -2.0036246E-06
vn 0.70707947 -0.7071341 -1.0261802E-05
vn -0.18517265 -0.9820074 -0.037049685
vn -0.26105586 -0.95880383 -0.11200478
vn -0.2846518 -0.9561756 0.06856795
vn -0.21460727 -0.9662558 0.14245509
vn 0.5539776 -0.81639457 -0.1631216
vn 0.707048 -0.6935671 -0.13801387
vn 0.70707947 -0.7071341 -1.0261802E-05
vn 0.55469275 -0.83205515 -0.0004337586
vn -0.107579775 -0.9924645 0.05865769
vn -0.18517265 -0.9820074 -0.037049685
vn -0.21460727 -0.9662558 0.14245509
vn -0.12597896 -0.9599005 0.2504403
vn -0.2723568 -0.96190536 0.023663353
vn -0.17668293 -0.9842646 0.002524133
vn -0.17916012 -0.9645306 0.19386186
vn -0.28270468 -0.93667746 0.20667225
vn 0.8314613 -0.5555827 -2.0036246E-06
vn 0.9238781 -0.382687 -2.4406977E-06
vn 0.9238785 -0.37533325 0.07465634
vn 0.8314624 -0.5449062 0.10838635
vn -0.2846518 -0.9561756 0.06856795
vn -0.2723568 -0.96190536 0.023663353
vn -0.28270468 -0.93667746 0.20667225
vn -0.305248 -0.9206965 0.24319057
vn 0.70707947 -0.7071341 -1.0261802E-05
vn 0.8314613 -0.5555827 -2.0036246E-06
vn 0.8314624 -0.5449062 0.10838635
vn 0.7070857 -0.69354105 0.13795143
vn -0.21460727 -0.9662558 0.14245509
vn -0.2846518 -0.9561756 0.06856795
vn -0.305248 -0.9206965 0.24319057
vn -0.24347197 -0.9186809 0.31104147
vn 0.55469275 -0.83205515 -0.0004337586
vn 0.70707947 -0.7071341 -1.0261802E-05
vn 0.7070857 -0.69354105 0.13795143
vn 0.5551584 -0.81580985 0.16202909
vn -0.12597896 -0.9599005 0.2504403
vn -0.21460727 -0.9662558 0.14245509
vn -0.24347197 -0.9186809 0.31104147
vn -0.15012762 -0.89956206 0.41018268
vn 0.37706828 -0.9261834 -0.0019539476
vn 0.55469275 -0.83205515 -0.0004337586
vn 0.5551584 -0.81580985 0.16202909
vn 0.3789893 -0.907876 0.1792434
vn -0.10607071 -0.8920215 0.43937087
vn -0.12597896 -0.9599005 0.2504403
vn -0.15012762 -0.89956206 0.41018268
vn -0.1120152 -0.8539723 0.50811785
vn 0.18068266 -0.9835324 -0.004202809
vn 0.37706828 -0.9261834 -0.0019539476
vn 0.3789893 -0.907876 0.1792434
vn 0.18414356 -0.9646276 0.188639
vn -0.11913527 -0.83430713 0.5382736
vn -0.10607071 -0.8920215 0.43937087
vn -0.1120152 -0.8539723 0.50811785
vn -0.12022983 -0.8443628 0.52210754
vn -0.015054448 -0.99987656 -0.00448705
vn 0.18068266 -0.9835324 -0.004202809
vn 0.18414356 -0.9646276 0.188639
vn -0.01249347 -0.9814143 0.19149347
vn 0.9807853 -0.19509012 -3.370503E-06
vn 1 -1.194952E-06 -2.1564445E-06
vn 0.9807855 -0.19134115 0.03805781
vn -0.13672906 -0.07522197 0.9877484
vn -0.11913527 -0.83430713 0.5382736
vn -0.12022983 -0.8443628 0.52210754
vn -0.17668293 -0.9842646 0.002524133
vn -0.015054448 -0.99987656 -0.00448705
vn -0.01249347 -0.9814143 0.19149347
vn -0.17916012 -0.9645306 0.19386186
vn 0.9238781 -0.382687 -2.4406977E-06
vn 0.9807853 -0.19509012 -3.370503E-06
vn 0.9807855 -0.19134115 0.03805781
vn 0.9238785 -0.37533325 0.07465634
vn -0.1120152 -0.8539723 0.50811785
vn -0.15012762 -0.89956206 0.41018268
vn -0.175355 -0.8171777 0.54906386
vn -0.11780545 -0.7852351 0.6078879
vn 0.18414356 -0.9646276 0.188639
vn 0.3789893 -0.907876 0.1792434
vn 0.38040492 -0.8547287 0.3531727
vn 0.18713489 -0.90840364 0.3738761
vn -0.12022983 -0.8443628 0.52210754
vn -0.1120152 -0.8539723 0.50811785
vn -0.11780545 -0.7852351 0.6078879
vn -0.11393257 -0.7767364 0.6194352
vn -0.01249347 -0.9814143 0.19149347
vn 0.18414356 -0.9646276 0.188639
vn 0.18713489 -0.90840364 0.3738761
vn -0.0097381985 -0.92486477 0.38017142
vn 0.9807855 -0.19134115 0.03805781
vn 1 -1.194952E-06 -2.1564445E-06
vn 0.98078555 -0.18023933 0.07465564
vn -0.13672906 -0.07522197 0.9877484
vn -0.12022983 -0.8443628 0.52210754
vn -0.11393257 -0.7767364 0.6194352
vn -0.17916012 -0.9645306 0.19386186
vn -0.01249347 -0.9814143 0.19149347
vn -0.0097381985 -0.92486477 0.38017142
vn -0.18024401 -0.9080971 0.3779838
vn 0.9238785 -0.37533325 0.07465634
vn 0.9807855 -0.19134115 0.03805781
vn 0.98078555 -0.18023933 0.07465564
vn 0.92387897 -0.3535555 0.1464453
vn -0.28270468 -0.93667746 0.20667225
vn -0.17916012 -0.9645306 0.19386186
vn -0.18024401 -0.9080971 0.3779838
vn -0.29060528 -0.8775631 0.381355
vn 0.8314624 -0.5449062 0.10838635
vn 0.9238785 -0.37533325 0.07465634
vn 0.92387897 -0.3535555 0.1464453
vn 0.831464 -0.5132887 0.21260864
vn -0.305248 -0.9206965 0.24319057
vn -0.28270468 -0.93667746 0.20667225
vn -0.29060528 -0.8775631 0.381355
vn -0.32213828 -0.8547541 0.40696734
vn 0.7070857 -0.69354105 0.13795143
vn 0.8314624 -0.5449062 0.10838635
vn 0.831464 -0.5132887 0.21260864
vn 0.70708895 -0.65329903 0.27060235
vn -0.24347197 -0.9186809 0.31104147
vn -0.305248 -0.9206965 0.24319057
vn -0.32213828 -0.8547541 0.40696734
vn -0.26965576 -0.84336644 0.46477818
vn 0.5551584 -0.81580985 0.16202909
vn 0.7070857 -0.69354105 0.13795143
vn 0.70708895 -0.65329903 0.27060235
vn 0.55540997 -0.7683185 0.3181298
vn -0.15012762 -0.89956206 0.41018268
vn -0.24347197 -0.9186809 0.31104147
vn -0.26965576 -0.84336644 0.46477818
vn -0.175355 -0.8171777 0.54906386
vn 0.3789893 -0.907876 0.1792434
vn 0.5551584 -0.81580985 0.16202909
vn 0.55540997 -0.7683185 0.3181298
vn 0.38040492 -0.8547287 0.3531727
vn 0.831464 -0.5132887 0.21260864
vn 0.92387897 -0.3535555 0.1464453
vn 0.92387956 -0.3181909 0.2126054
vn 0.83146584 -0.46194577 0.30865943
vn -0.32213828 -0.8547541 0.40696734
vn -0.29060528 -0.8775631 0.381355
vn -0.2961026 -0.78673506 0.5416376
vn -0.33510152 -0.76099956 0.5555057
vn 0.70708895 -0.65329903 0.27060235
vn 0.831464 -0.5132887 0.21260864
vn 0.83146584 -0.46194577 0.30865943
vn 0.7070928 -0.5879509 0.39285302
vn -0.26965576 -0.84336644 0.46477818
vn -0.32213828 -0.8547541 0.40696734
vn -0.33510152 -0.76099956 0.5555057
vn -0.291754 -0.7440618 0.6010421
vn 0.55540997 -0.7683185 0.3181298
vn 0.70708895 -0.65329903 0.27060235
vn 0.7070928 -0.5879509 0.39285302
vn 0.555514 -0.6913915 0.46193287
vn -0.175355 -0.8171777 0.54906386
vn -0.26965576 -0.84336644 0.46477818
vn -0.291754 -0.7440618 0.6010421
vn -0.19922163 -0.7159993 0.6690708
vn 0.38040492 -0.8547287 0.3531727
vn 0.55540997 -0.7683185 0.3181298
vn 0.555514 -0.6913915 0.46193287
vn 0.38136315 -0.76887393 0.5132202
vn -0.11780545 -0.7852351 0.6078879
vn -0.175355 -0.8171777 0.54906386
vn -0.19922163 -0.7159993 0.6690708
vn -0.12538609 -0.6801015 0.7223159
vn 0.18713489 -0.90840364 0.3738761
vn 0.38040492 -0.8547287 0.3531727
vn 0.38136315 -0.76887393 0.5132202
vn 0.18953364 -0.8171876 0.54431736
vn -0.11393257 -0.7767364 0.6194352
vn -0.11780545 -0.7852351 0.6078879
vn -0.12538609 -0.6801015 0.7223159
vn -0.10726913 -0.6266152 0.7719111
vn -0.0097381985 -0.92486477 0.38017142
vn 0.18713489 -0.90840364 0.3738761
vn 0.18953364 -0.8171876 0.54431736
vn -0.007077789 -0.8324474 0.55405885
vn 0.98078555 -0.18023933 0.07465564
vn 1 -1.194952E-06 -2.1564445E-06
vn 0.9807857 -0.16221137 0.10838261
vn -0.13672906 -0.07522197 0.9877484
vn -0.11393257 -0.7767364 0.6194352
vn -0.10726913 -0.6266152 0.7719111
vn -0.18024401 -0.9080971 0.3779838
vn -0.0097381985 -0.92486477 0.38017142
vn -0.007077789 -0.8324474 0.55405885
vn -0.18022597 -0.8169818 0.5477767
vn 0.92387897 -0.3535555 0.1464453
vn 0.98078555 -0.18023933 0.07465564
vn 0.9807857 -0.16221137 0.10838261
vn 0.92387956 -0.3181909 0.2126054
vn -0.29060528 -0.8775631 0.381355
vn -0.18024401 -0.9080971 0.3779838
vn -0.18022597 -0.8169818 0.5477767
vn -0.2961026 -0.78673506 0.5416376
vn 0.18953364 -0.8171876 0.54431736
vn 0.38136315 -0.76887393 0.5132202
vn 0.38195804 -0.6536491 0.65333825
vn 0.19132887 -0.69463474 0.6934521
vn -0.10726913 -0.6266152 0.7719111
vn -0.12538609 -0.6801015 0.7223159
vn -0.13591263 -0.54874796 0.82486576
vn -0.102846116 -0.44368687 0.890261
vn -0.007077789 -0.8324474 0.55405885
vn 0.18953364 -0.8171876 0.54431736
vn 0.19132887 -0.69463474 0.6934521
vn -0.0046816147 -0.70784646 0.7063508
vn 0.9807857 -0.16221137 0.10838261
vn 1 -1.194952E-06 -2.1564445E-06
vn 0.9807859 -0.13794914 0.13794564
vn -0.13672906 -0.07522197 0.9877484
vn -0.10726913 -0.6266152 0.7719111
vn -0.102846116 -0.44368687 0.890261
vn -0.18022597 -0.8169818 0.5477767
vn -0.007077789 -0.8324474 0.55405885
vn -0.0046816147 -0.70784646 0.7063508
vn -0.17937899 -0.69460416 0.69666934
vn 0.92387956 -0.3181909 0.2126054
vn 0.9807857 -0.16221137 0.10838261
vn 0.9807859 -0.13794914 0.13794564
vn 0.9238803 -0.2705986 0.27059492
vn -0.2961026 -0.78673506 0.5416376
vn -0.18022597 -0.8169818 0.5477767
vn -0.17937899 -0.69460416 0.69666934
vn -0.2993266 -0.6674123 0.6818831
vn 0.83146584 -0.46194577 0.30865943
vn 0.92387956 -0.3181909 0.2126054
vn 0.9238803 -0.2705986 0.27059492
vn 0.83146787 -0.39285123 0.39284745
vn -0.33510152 -0.76099956 0.5555057
vn -0.2961026 -0.78673506 0.5416376
vn -0.2993266 -0.6674123 0.6818831
vn -0.34420642 -0.64260846 0.6845264
vn 0.7070928 -0.5879509 0.39285302
vn 0.83146584 -0.46194577 0.30865943
vn 0.83146787 -0.39285123 0.39284745
vn 0.707097 -0.5000088 0.50000495
vn -0.291754 -0.7440618 0.6010421
vn -0.33510152 -0.76099956 0.5555057
vn -0.34420642 -0.64260846 0.6845264
vn -0.30908918 -0.62428075 0.71745205
vn 0.555514 -0.6913915 0.46193287
vn 0.7070928 -0.5879509 0.39285302
vn 0.707097 -0.5000088 0.50000495
vn 0.5555448 -0.587954 0.5879456
vn -0.19922163 -0.7159993 0.6690708
vn -0.291754 -0.7440618 0.6010421
vn -0.30908918 -0.62428075 0.71745205
vn -0.22029312 -0.59744084 0.7710612
vn 0.38136315 -0.76887393 0.5132202
vn 0.555514 -0.6913915 0.46193287
vn 0.5555448 -0.587954 0.5879456
vn 0.38195804 -0.6536491 0.65333825
vn -0.12538609 -0.6801015 0.7223159
vn -0.19922163 -0.7159993 0.6690708
vn -0.22029312 -0.59744084 0.7710612
vn -0.13591263 -0.54874796 0.82486576
vn -0.34420642 -0.64260846 0.6845264
vn -0.2993266 -0.6674123 0.6818831
vn -0.30042464 -0.5238731 0.79705834
vn -0.34960768 -0.5034339 0.7901448
vn 0.707097 -0.5000088 0.50000495
vn 0.83146787 -0.39285123 0.39284745
vn 0.83147 -0.3086597 0.46193802
vn 0.7071016 -0.39285216 0.5879408
vn -0.30908918 -0.62428075 0.71745205
vn -0.34420642 -0.64260846 0.6845264
vn -0.34960768 -0.5034339 0.7901448
vn -0.3215188 -0.48765963 0.8116734
vn 0.5555448 -0.587954 0.5879456
vn 0.707097 -0.5000088 0.50000495
vn 0.7071016 -0.39285216 0.5879408
vn 0.55555534 -0.4619472 0.69134873
vn -0.22029312 -0.59744084 0.7710612
vn -0.30908918 -0.62428075 0.71745205
vn -0.3215188 -0.48765963 0.8116734
vn -0.23788777 -0.46522915 0.8526261
vn 0.38195804 -0.6536491 0.65333825
vn 0.5555448 -0.587954 0.5879456
vn 0.55555534 -0.4619472 0.69134873
vn 0.38229933 -0.5134583 0.76824975
vn -0.13591263 -0.54874796 0.82486576
vn -0.22029312 -0.59744084 0.7710612
vn -0.23788777 -0.46522915 0.8526261
vn -0.14858696 -0.41241142 0.89879847
vn 0.19132887 -0.69463474 0.6934521
vn 0.38195804 -0.6536491 0.65333825
vn 0.38229933 -0.5134583 0.76824975
vn 0.19259335 -0.54554147 0.8156545
vn -0.102846116 -0.44368687 0.890261
vn -0.13591263 -0.54874796 0.82486576
vn -0.14858696 -0.41241142 0.89879847
vn -0.10287721 -0.29904577 0.9486769
vn -0.0046816147 -0.70784646 0.7063508
vn 0.19132887 -0.69463474 0.6934521
vn 0.19259335 -0.54554147 0.8156545
vn -0.0026144935 -0.5560029 0.83117616
vn 0.9807859 -0.13794914 0.13794564
vn 1 -1.194952E-06 -2.1564445E-06
vn 0.9807861 -0.10838559 0.16220726
vn -0.13672906 -0.07522197 0.9877484
vn -0.102846116 -0.44368687 0.890261
vn -0.10287721 -0.29904577 0.9486769
vn -0.17937899 -0.69460416 0.69666934
vn -0.0046816147 -0.70784646 0.7063508
vn -0.0026144935 -0.5560029 0.83117616
vn -0.17789955 -0.54567015 0.8188992
vn 0.9238803 -0.2705986 0.27059492
vn 0.9807859 -0.13794914 0.13794564
vn 0.9807861 -0.10838559 0.16220726
vn 0.9238811 -0.2126071 0.31818533
vn -0.2993266 -0.6674123 0.6818831
vn -0.17937899 -0.69460416 0.69666934
vn -0.17789955 -0.54567015 0.8188992
vn -0.30042464 -0.5238731 0.79705834
vn 0.83146787 -0.39285123 0.39284745
vn 0.9238803 -0.2705986 0.27059492
vn 0.9238811 -0.2126071 0.31818533
vn 0.83147 -0.3086597 0.46193802
vn -0.10287721 -0.29904577 0.9486769
vn -0.14858696 -0.41241142 0.89879847
vn -0.16099347 -0.2824504 0.94567585
vn -0.10586548 -0.20406602 0.9732161
vn -0.0026144935 -0.5560029 0.83117616
vn 0.19259335 -0.54554147 0.8156545
vn 0.19345088 -0.37564456 0.9063487
vn -0.00084688206 -0.3828638 0.9238044
vn 0.9807861 -0.10838559 0.16220726
vn 1 -1.194952E-06 -2.1564445E-06
vn 0.98078626 -0.07465795 0.18023467
vn -0.13672906 -0.07522197 0.9877484
vn -0.10287721 -0.29904577 0.9486769
vn -0.10586548 -0.20406602 0.9732161
vn -0.17789955 -0.54567015 0.8188992
vn -0.0026144935 -0.5560029 0.83117616
vn -0.00084688206 -0.3828638 0.9238044
vn -0.17586488 -0.3759469 0.90979964
vn 0.9238811 -0.2126071 0.31818533
vn 0.9807861 -0.10838559 0.16220726
vn 0.98078626 -0.07465795 0.18023467
vn 0.9238818 -0.14644606 0.3535476
vn -0.30042464 -0.5238731 0.79705834
vn -0.17789955 -0.54567015 0.8188992
vn -0.17586488 -0.3759469 0.90979964
vn -0.29951113 -0.36133936 0.8830215
vn 0.83147 -0.3086597 0.46193802
vn 0.9238811 -0.2126071 0.31818533
vn 0.9238818 -0.14644606 0.3535476
vn 0.83147216 -0.2126077 0.5132757
vn -0.34960768 -0.5034339 0.7901448
vn -0.30042464 -0.5238731 0.79705834
vn -0.29951113 -0.36133936 0.8830215
vn -0.35149676 -0.34796447 0.8691206
vn 0.7071016 -0.39285216 0.5879408
vn 0.83147 -0.3086597 0.46193802
vn 0.83147216 -0.2126077 0.5132757
vn 0.7071063 -0.27060005 0.6532811
vn -0.3215188 -0.48765963 0.8116734
vn -0.34960768 -0.5034339 0.7901448
vn -0.35149676 -0.34796447 0.8691206
vn -0.32919827 -0.33796215 0.8817086
vn 0.55555534 -0.4619472 0.69134873
vn 0.7071016 -0.39285216 0.5879408
vn 0.7071063 -0.27060005 0.6532811
vn 0.55556375 -0.31819293 0.7681811
vn -0.23788777 -0.46522915 0.8526261
vn -0.3215188 -0.48765963 0.8116734
vn -0.32919827 -0.33796215 0.8817086
vn -0.25159365 -0.32306308 0.9123217
vn 0.38229933 -0.5134583 0.76824975
vn 0.55555534 -0.4619472 0.69134873
vn 0.55556375 -0.31819293 0.7681811
vn 0.382484 -0.35362962 0.8536112
vn -0.14858696 -0.41241142 0.89879847
vn -0.23788777 -0.46522915 0.8526261
vn -0.25159365 -0.32306308 0.9123217
vn -0.16099347 -0.2824504 0.94567585
vn 0.19259335 -0.54554147 0.8156545
vn 0.38229933 -0.5134583 0.76824975
vn 0.382484 -0.35362962 0.8536112
vn 0.19345088 -0.37564456 0.9063487
vn -0.32919827 -0.33796215 0.8817086
vn -0.35149676 -0.34796447 0.8691206
vn -0.3500732 -0.18119654 0.9190302
vn -0.33246616 -0.17921442 0.92593116
vn 0.55556375 -0.31819293 0.7681811
vn 0.7071063 -0.27060005 0.6532811
vn 0.707111 -0.13795039 0.69351536
vn 0.55557215 -0.16221277 0.8154917
vn -0.25159365 -0.32306308 0.9123217
vn -0.32919827 -0.33796215 0.8817086
vn -0.33246616 -0.17921442 0.92593116
vn -0.2613191 -0.17431645 0.94938195
vn 0.382484 -0.35362962 0.8536112
vn 0.55556375 -0.31819293 0.7681811
vn 0.55557215 -0.16221277 0.8154917
vn 0.38257965 -0.18026397 0.9061665
vn -0.16099347 -0.2824504 0.94567585
vn -0.25159365 -0.32306308 0.9123217
vn -0.2613191 -0.17431645 0.94938195
vn -0.17126177 -0.15575029 0.9728367
vn 0.19345088 -0.37564456 0.9063487
vn 0.382484 -0.35362962 0.8536112
vn 0.38257965 -0.18026397 0.9061665
vn 0.19403176 -0.19144484 0.96213335
vn -0.10586548 -0.20406602 0.9732161
vn -0.16099347 -0.2824504 0.94567585
vn -0.17126177 -0.15575029 0.9728367
vn -0.10905541 -0.123328894 0.9863553
vn -0.00084688206 -0.3828638 0.9238044
vn 0.19345088 -0.37564456 0.9063487
vn 0.19403176 -0.19144484 0.96213335
vn 0.0007222941 -0.19514339 0.98077446
vn 0.98078626 -0.07465795 0.18023467
vn 1 -1.194952E-06 -2.1564445E-06
vn 0.98078644 -0.03806055 0.19133578
vn -0.13672906 -0.07522197 0.9877484
vn -0.10586548 -0.20406602 0.9732161
vn -0.10905541 -0.123328894 0.9863553
vn -0.17586488 -0.3759469 0.90979964
vn -0.00084688206 -0.3828638 0.9238044
vn 0.0007222941 -0.19514339 0.98077446
vn -0.1732433 -0.19198498 0.9659858
vn 0.9238818 -0.14644606 0.3535476
vn 0.98078626 -0.07465795 0.18023467
vn 0.98078644 -0.03806055 0.19133578
vn 0.92388254 -0.074657775 0.37532273
vn -0.29951113 -0.36133936 0.8830215
vn -0.17586488 -0.3759469 0.90979964
vn -0.1732433 -0.19198498 0.9659858
vn -0.2966424 -0.18571225 0.93675727
vn 0.83147216 -0.2126077 0.5132757
vn 0.9238818 -0.14644606 0.3535476
vn 0.92388254 -0.074657775 0.37532273
vn 0.83147454 -0.108386494 0.54488754
vn -0.35149676 -0.34796447 0.8691206
vn -0.29951113 -0.36133936 0.8830215
vn -0.2966424 -0.18571225 0.93675727
vn -0.3500732 -0.18119654 0.9190302
vn 0.7071063 -0.27060005 0.6532811
vn 0.83147216 -0.2126077 0.5132757
vn 0.83147454 -0.108386494 0.54488754
vn 0.707111 -0.13795039 0.69351536
vn 0.98078644 -0.03806055 0.19133578
vn 1 -1.194952E-06 -2.1564445E-06
vn 0.98078656 -2.51609E-07 0.19508404
vn -0.13672906 -0.07522197 0.9877484
vn -0.10905541 -0.123328894 0.9863553
vn -0.111019455 -0.033033267 0.99326915
vn -0.1732433 -0.19198498 0.9659858
vn 0.0007222941 -0.19514339 0.98077446
vn 0.0022367563 -8.366196E-05 0.99999756
vn -0.16992818 -0.00084703293 0.9854561
vn 0.92388254 -0.074657775 0.37532273
vn 0.98078644 -0.03806055 0.19133578
vn 0.98078656 -2.51609E-07 0.19508404
vn 0.92388326 -6.3507736E-07 0.38267437
vn -0.2966424 -0.18571225 0.93675727
vn -0.1732433 -0.19198498 0.9659858
vn -0.16992818 -0.00084703293 0.9854561
vn -0.2918378 -0.003344539 0.95646197
vn 0.83147454 -0.108386494 0.54488754
vn 0.92388254 -0.074657775 0.37532273
vn 0.92388326 -6.3507736E-07 0.38267437
vn 0.8314765 -6.1837454E-07 0.55555993
vn -0.3500732 -0.18119654 0.9190302
vn -0.2966424 -0.18571225 0.93675727
vn -0.2918378 -0.003344539 0.95646197
vn -0.34553456 -0.008456999 0.9383679
vn 0.707111 -0.13795039 0.69351536
vn 0.83147454 -0.108386494 0.54488754
vn 0.8314765 -6.1837454E-07 0.55555993
vn 0.7071155 -5.0370915E-07 0.70709807
vn -0.33246616 -0.17921442 0.92593116
vn -0.3500732 -0.18119654 0.9190302
vn -0.34553456 -0.008456999 0.9383679
vn -0.33176363 -0.015639026 0.9432329
vn 0.55557215 -0.16221277 0.8154917
vn 0.707111 -0.13795039 0.69351536
vn 0.7071155 -5.0370915E-07 0.70709807
vn 0.5555803 -5.914077E-07 0.8314629
vn -0.2613191 -0.17431645 0.94938195
vn -0.33246616 -0.17921442 0.92593116
vn -0.33176363 -0.015639026 0.9432329
vn -0.26725116 -0.022286367 0.96336913
vn 0.38257965 -0.18026397 0.9061665
vn 0.55557215 -0.16221277 0.8154917
vn 0.5555803 -5.914077E-07 0.8314629
vn 0.38262776 1.575078E-06 0.92390263
vn -0.17126177 -0.15575029 0.9728367
vn -0.2613191 -0.17431645 0.94938195
vn -0.26725116 -0.022286367 0.96336913
vn -0.1785794 -0.02750752 0.9835409
vn 0.19403176 -0.19144484 0.96213335
vn 0.38257965 -0.18026397 0.9061665
vn 0.38262776 1.575078E-06 0.92390263
vn 0.19444576 1.2219685E-05 0.9809133
vn -0.10905541 -0.123328894 0.9863553
vn -0.17126177 -0.15575029 0.9728367
vn -0.1785794 -0.02750752 0.9835409
vn -0.111019455 -0.033033267 0.99326915
vn 0.0007222941 -0.19514339 0.98077446
vn 0.19403176 -0.19144484 0.96213335
vn 0.19444576 1.2219685E-05 0.9809133
vn 0.0022367563 -8.366196E-05 0.99999756
vn 0.5555803 -5.914077E-07 0.8314629
vn 0.7071155 -5.0370915E-07 0.70709807
vn 0.7071195 0.13794719 0.6935074
vn 0.55558777 0.1622094 0.81548166
vn -0.26725116 -0.022286367 0.96336913
vn -0.33176363 -0.015639026 0.9432329
vn -0.32761335 0.14842273 0.933081
vn -0.269755 0.12971751 0.9541518
vn 0.38262776 1.575078E-06 0.92390263
vn 0.5555803 -5.914077E-07 0.8314629
vn 0.55558777 0.1622094 0.81548166
vn 0.3826518 0.18025498 0.9061378
vn -0.1785794 -0.02750752 0.9835409
vn -0.26725116 -0.022286367 0.96336913
vn -0.269755 0.12971751 0.9541518
vn -0.18256673 0.099222325 0.978174
vn 0.19444576 1.2219685E-05 0.9809133
vn 0.38262776 1.575078E-06 0.92390263
vn 0.3826518 0.18025498 0.9061378
vn 0.19478028 0.19139387 0.9619922
vn -0.111019455 -0.033033267 0.99326915
vn -0.1785794 -0.02750752 0.9835409
vn -0.18256673 0.099222325 0.978174
vn -0.111555025 0.053608652 0.9923112
vn 0.0022367563 -8.366196E-05 0.99999756
vn 0.19444576 1.2219685E-05 0.9809133
vn 0.19478028 0.19139387 0.9619922
vn 0.0038574378 0.19481109 0.9808332
vn 0.98078656 -2.51609E-07 0.19508404
vn 1 -1.194952E-06 -2.1564445E-06
vn 0.9807866 0.038058184 0.1913352
vn -0.13672906 -0.07522197 0.9877484
vn -0.111019455 -0.033033267 0.99326915
vn -0.111555025 0.053608652 0.9923112
vn -0.16992818 -0.00084703293 0.9854561
vn 0.0022367563 -8.366196E-05 0.99999756
vn 0.0038574378 0.19481109 0.9808332
vn -0.16577381 0.19019273 0.96764964
vn 0.92388326 -6.3507736E-07 0.38267437
vn 0.98078656 -2.51609E-07 0.19508404
vn 0.9807866 0.038058184 0.1913352
vn 0.92388386 0.07465539 0.37532008
vn -0.2918378 -0.003344539 0.95646197
vn -0.16992818 -0.00084703293 0.9854561
vn -0.16577381 0.19019273 0.96764964
vn -0.28510854 0.17923537 0.9415879
vn 0.8314765 -6.1837454E-07 0.55555993
vn 0.92388326 -6.3507736E-07 0.38267437
vn 0.92388386 0.07465539 0.37532008
vn 0.83147824 0.10838383 0.5448825
vn -0.34553456 -0.008456999 0.9383679
vn -0.2918378 -0.003344539 0.95646197
vn -0.28510854 0.17923537 0.9415879
vn -0.33810622 0.16478397 0.92656916
vn 0.7071155 -5.0370915E-07 0.70709807
vn 0.8314765 -6.1837454E-07 0.55555993
vn 0.83147824 0.10838383 0.5448825
vn 0.7071195 0.13794719 0.6935074
vn -0.33176363 -0.015639026 0.9432329
vn -0.34553456 -0.008456999 0.9383679
vn -0.33810622 0.16478397 0.92656916
vn -0.32761335 0.14842273 0.933081
vn -0.16577381 0.19019273 0.96764964
vn 0.0038574378 0.19481109 0.9808332
vn 0.005742021 0.382057 0.9241209
vn -0.16064112 0.37393683 0.9134362
vn 0.92388386 0.07465539 0.37532008
vn 0.9807866 0.038058184 0.1913352
vn 0.98078674 0.07465513 0.1802331
vn 0.92388433 0.14644244 0.35354257
vn -0.28510854 0.17923537 0.9415879
vn -0.16577381 0.19019273 0.96764964
vn -0.16064112 0.37393683 0.9134362
vn -0.27649954 0.3555789 0.89281106
vn 0.83147824 0.10838383 0.5448825
vn 0.92388386 0.07465539 0.37532008
vn 0.92388433 0.14644244 0.35354257
vn 0.8314798 0.2126021 0.5132658
vn -0.33810622 0.16478397 0.92656916
vn -0.28510854 0.17923537 0.9415879
vn -0.27649954 0.3555789 0.89281106
vn -0.3280799 0.3330918 0.8839759
vn 0.7071195 0.13794719 0.6935074
vn 0.83147824 0.10838383 0.5448825
vn 0.8314798 0.2126021 0.5132658
vn 0.7071231 0.27059227 0.6532662
vn -0.32761335 0.14842273 0.933081
vn -0.33810622 0.16478397 0.92656916
vn -0.3280799 0.3330918 0.8839759
vn -0.3206167 0.30858585 0.8955332
vn 0.55558777 0.1622094 0.81548166
vn 0.7071195 0.13794719 0.6935074
vn 0.7071231 0.27059227 0.6532662
vn 0.5555941 0.31818432 0.7681627
vn -0.269755 0.12971751 0.9541518
vn -0.32761335 0.14842273 0.933081
vn -0.3206167 0.30858585 0.8955332
vn -0.26926455 0.27837163 0.9219576
vn 0.3826518 0.18025498 0.9061378
vn 0.55558777 0.1622094 0.81548166
vn 0.5555941 0.31818432 0.7681627
vn 0.38266355 0.3535774 0.8535524
vn -0.18256673 0.099222325 0.978174
vn -0.269755 0.12971751 0.9541518
vn -0.26926455 0.27837163 0.9219576
vn -0.18310277 0.2240569 0.9572209
vn 0.19478028 0.19139387 0.9619922
vn 0.3826518 0.18025498 0.9061378
vn 0.38266355 0.3535774 0.8535524
vn 0.19510606 0.37535617 0.9061133
vn -0.111555025 0.053608652 0.9923112
vn -0.18256673 0.099222325 0.978174
vn -0.18310277 0.2240569 0.9572209
vn -0.1105874 0.13239443 0.98500866
vn 0.0038574378 0.19481109 0.9808332
vn 0.19478028 0.19139387 0.9619922
vn 0.19510606 0.37535617 0.9061133
vn 0.005742021 0.382057 0.9241209
vn 0.9807866 0.038058184 0.1913352
vn 1 -1.194952E-06 -2.1564445E-06
vn 0.98078674 0.07465513 0.1802331
vn -0.13672906 -0.07522197 0.9877484
vn -0.111555025 0.053608652 0.9923112
vn -0.1105874 0.13239443 0.98500866
vn -0.26926455 0.27837163 0.9219576
vn -0.3206167 0.30858585 0.8955332
vn -0.31144607 0.46049473 0.8312316
vn -0.26618636 0.42039692 0.8674163
vn 0.38266355 0.3535774 0.8535524
vn 0.5555941 0.31818432 0.7681627
vn 0.55559915 0.46193036 0.6913248
vn 0.38266924 0.5133106 0.76816434
vn -0.18310277 0.2240569 0.9572209
vn -0.26926455 0.27837163 0.9219576
vn -0.26618636 0.42039692 0.8674163
vn -0.18156904 0.35850185 0.91570145
vn 0.19510606 0.37535617 0.9061133
vn 0.38266355 0.3535774 0.8535524
vn 0.38266924 0.5133106 0.76816434
vn 0.19548118 0.54482883 0.8154439
vn -0.1105874 0.13239443 0.98500866
vn -0.18310277 0.2240569 0.9572209
vn -0.18156904 0.35850185 0.91570145
vn -0.10996862 0.25591215 0.96042484
vn 0.005742021 0.382057 0.9241209
vn 0.19510606 0.37535617 0.9061133
vn 0.19548118 0.54482883 0.8154439
vn 0.008025548 0.5544895 0.832152
vn 0.98078674 0.07465513 0.1802331
vn 1 -1.194952E-06 -2.1564445E-06
vn 0.98078674 0.10838302 0.16220503
vn -0.13672906 -0.07522197 0.9877484
vn -0.1105874 0.13239443 0.98500866
vn -0.10996862 0.25591215 0.96042484
vn -0.16064112 0.37393683 0.9134362
vn 0.005742021 0.382057 0.9241209
vn 0.008025548 0.5544895 0.832152
vn -0.15444405 0.54355043 0.8250454
vn 0.92388433 0.14644244 0.35354257
vn 0.98078674 0.07465513 0.1802331
vn 0.98078674 0.10838302 0.16220503
vn 0.9238847 0.2126013 0.3181788
vn -0.27649954 0.3555789 0.89281106
vn -0.16064112 0.37393683 0.9134362
vn -0.15444405 0.54355043 0.8250454
vn -0.266144 0.519547 0.8119349
vn 0.8314798 0.2126021 0.5132658
vn 0.92388433 0.14644244 0.35354257
vn 0.9238847 0.2126013 0.3181788
vn 0.83148104 0.30864957 0.46192512
vn -0.3280799 0.3330918 0.8839759
vn -0.27649954 0.3555789 0.89281106
vn -0.266144 0.519547 0.8119349
vn -0.31584728 0.49121168 0.81175834
vn 0.7071231 0.27059227 0.6532662
vn 0.8314798 0.2126021 0.5132658
vn 0.83148104 0.30864957 0.46192512
vn 0.7071258 0.39283794 0.5879213
vn -0.3206167 0.30858585 0.8955332
vn -0.3280799 0.3330918 0.8839759
vn -0.31584728 0.49121168 0.81175834
vn -0.31144607 0.46049473 0.8312316
vn 0.5555941 0.31818432 0.7681627
vn 0.7071231 0.27059227 0.6532662
vn 0.7071258 0.39283794 0.5879213
vn 0.55559915 0.46193036 0.6913248
vn 0.9238847 0.2126013 0.3181788
vn 0.98078674 0.10838302 0.16220503
vn 0.9807868 0.13794483 0.13794395
vn 0.92388487 0.2705898 0.27058786
vn -0.266144 0.519547 0.8119349
vn -0.15444405 0.54355043 0.8250454
vn -0.14720207 0.6928436 0.70590323
vn -0.2542975 0.66550857 0.70173436
vn 0.83148104 0.30864957 0.46192512
vn 0.9238847 0.2126013 0.3181788
vn 0.92388487 0.2705898 0.27058786
vn 0.8314818 0.39283577 0.39283335
vn -0.31584728 0.49121168 0.81175834
vn -0.266144 0.519547 0.8119349
vn -0.2542975 0.66550857 0.70173436
vn -0.3019187 0.6341605 0.71181846
vn 0.7071258 0.39283794 0.5879213
vn 0.83148104 0.30864957 0.46192512
vn 0.8314818 0.39283577 0.39283335
vn 0.7071277 0.4999865 0.4999839
vn -0.31144607 0.46049473 0.8312316
vn -0.31584728 0.49121168 0.81175834
vn -0.3019187 0.6341605 0.71181846
vn -0.3008235 0.59989285 0.7413729
vn 0.55559915 0.46193036 0.6913248
vn 0.7071258 0.39283794 0.5879213
vn 0.7071277 0.4999865 0.4999839
vn 0.5556031 0.5879234 0.5879212
vn -0.26618636 0.42039692 0.8674163
vn -0.31144607 0.46049473 0.8312316
vn -0.3008235 0.59989285 0.7413729
vn -0.2608548 0.5529049 0.7913602
vn 0.38266924 0.5133106 0.76816434
vn 0.55559915 0.46193036 0.6913248
vn 0.5556031 0.5879234 0.5879212
vn 0.38267225 0.6533152 0.65325433
vn -0.18156904 0.35850185 0.91570145
vn -0.26618636 0.42039692 0.8674163
vn -0.2608548 0.5529049 0.7913602
vn -0.17974797 0.5047441 0.8443483
vn 0.19548118 0.54482883 0.8154439
vn 0.38266924 0.5133106 0.76816434
vn 0.38267225 0.6533152 0.65325433
vn 0.1959471 0.693298 0.69350034
vn -0.10996862 0.25591215 0.96042484
vn -0.18156904 0.35850185 0.91570145
vn -0.17974797 0.5047441 0.8443483
vn -0.11107931 0.4745088 0.87321407
vn 0.008025548 0.5544895 0.832152
vn 0.19548118 0.54482883 0.8154439
vn 0.1959471 0.693298 0.69350034
vn 0.010786895 0.7055631 0.708565
vn 0.98078674 0.10838302 0.16220503
vn 1 -1.194952E-06 -2.1564445E-06
vn 0.9807868 0.13794483 0.13794395
vn -0.13672906 -0.07522197 0.9877484
vn -0.10996862 0.25591215 0.96042484
vn -0.11107931 0.4745088 0.87321407
vn -0.15444405 0.54355043 0.8250454
vn 0.008025548 0.5544895 0.832152
vn 0.010786895 0.7055631 0.708565
vn -0.14720207 0.6928436 0.70590323
vn 0.38267225 0.6533152 0.65325433
vn 0.5556031 0.5879234 0.5879212
vn 0.55560416 0.6913256 0.46192303
vn 0.3826642 0.7682155 0.51323795
vn -0.17974797 0.5047441 0.8443483
vn -0.2608548 0.5529049 0.7913602
vn -0.2535279 0.6734467 0.6944012
vn -0.17750631 0.64012396 0.7474843
vn 0.1959471 0.693298 0.69350034
vn 0.38267225 0.6533152 0.65325433
vn 0.3826642 0.7682155 0.51323795
vn 0.19651379 0.8150784 0.5450042
vn -0.11107931 0.4745088 0.87321407
vn -0.17974797 0.5047441 0.8443483
vn -0.17750631 0.64012396 0.7474843
vn -0.11064134 0.6997564 0.70576173
vn 0.010786895 0.7055631 0.708565
vn 0.1959471 0.693298 0.69350034
vn 0.19651379 0.8150784 0.5450042
vn 0.01401352 0.829612 0.5581644
vn 0.9807868 0.13794483 0.13794395
vn 1 -1.194952E-06 -2.1564445E-06
vn 0.98078674 0.16220625 0.108381286
vn -0.13672906 -0.07522197 0.9877484
vn -0.11107931 0.4745088 0.87321407
vn -0.11064134 0.6997564 0.70576173
vn -0.14720207 0.6928436 0.70590323
vn 0.010786895 0.7055631 0.708565
vn 0.01401352 0.829612 0.5581644
vn -0.13908401 0.81643754 0.5604331
vn 0.92388487 0.2705898 0.27058786
vn 0.9807868 0.13794483 0.13794395
vn 0.98078674 0.16220625 0.108381286
vn 0.9238849 0.31817967 0.21259882
vn -0.2542975 0.66550857 0.70173436
vn -0.14720207 0.6928436 0.70590323
vn -0.13908401 0.81643754 0.5604331
vn -0.24134721 0.78843486 0.5657933
vn 0.8314818 0.39283577 0.39283335
vn 0.92388487 0.2705898 0.27058786
vn 0.9238849 0.31817967 0.21259882
vn 0.8314822 0.46192515 0.3086463
vn -0.3019187 0.6341605 0.71181846
vn -0.2542975 0.66550857 0.70173436
vn -0.24134721 0.78843486 0.5657933
vn -0.28693095 0.7572925 0.5866675
vn 0.7071277 0.4999865 0.4999839
vn 0.8314818 0.39283577 0.39283335
vn 0.8314822 0.46192515 0.3086463
vn 0.7071289 0.5879205 0.39283356
vn -0.3008235 0.59989285 0.7413729
vn -0.3019187 0.6341605 0.71181846
vn -0.28693095 0.7572925 0.5866675
vn -0.28945452 0.72266436 0.6276722
vn 0.5556031 0.5879234 0.5879212
vn 0.7071277 0.4999865 0.4999839
vn 0.7071289 0.5879205 0.39283356
vn 0.55560416 0.6913256 0.46192303
vn -0.2608548 0.5529049 0.7913602
vn -0.3008235 0.59989285 0.7413729
vn -0.28945452 0.72266436 0.6276722
vn -0.2535279 0.6734467 0.6944012
vn -0.24134721 0.78843486 0.5657933
vn -0.13908401 0.81643754 0.5604331
vn -0.13042441 0.9098687 0.39386335
vn -0.2278106 0.8839251 0.4083856
vn 0.8314822 0.46192515 0.3086463
vn 0.9238849 0.31817967 0.21259882
vn 0.9238849 0.35354215 0.14643957
vn 0.83148235 0.51326317 0.21259841
vn -0.28693095 0.7572925 0.5866675
vn -0.24134721 0.78843486 0.5657933
vn -0.2278106 0.8839251 0.4083856
vn -0.27162817 0.8562403 0.43939805
vn 0.7071289 0.5879205 0.39283356
vn 0.8314822 0.46192515 0.3086463
vn 0.83148235 0.51326317 0.21259841
vn 0.7071292 0.65326154 0.27058756
vn -0.28945452 0.72266436 0.6276722
vn -0.28693095 0.7572925 0.5866675
vn -0.27162817 0.8562403 0.43939805
vn -0.27785578 0.8247709 0.4924926
vn 0.55560416 0.6913256 0.46192303
vn 0.7071289 0.5879205 0.39283356
vn 0.7071292 0.65326154 0.27058756
vn 0.55559415 0.7681703 0.3181659
vn -0.2535279 0.6734467 0.6944012
vn -0.28945452 0.72266436 0.6276722
vn -0.27785578 0.8247709 0.4924926
vn -0.24404691 0.7785212 0.5782265
vn 0.3826642 0.7682155 0.51323795
vn 0.55560416 0.6913256 0.46192303
vn 0.55559415 0.7681703 0.3181659
vn 0.38260874 0.8536136 0.35348892
vn -0.17750631 0.64012396 0.7474843
vn -0.2535279 0.6734467 0.6944012
vn -0.24404691 0.7785212 0.5782265
vn -0.17344533 0.74789214 0.64076054
vn 0.19651379 0.8150784 0.5450042
vn 0.3826642 0.7682155 0.51323795
vn 0.38260874 0.8536136 0.35348892
vn 0.19713758 0.9055409 0.37567595
vn -0.11064134 0.6997564 0.70576173
vn -0.17750631 0.64012396 0.7474843
vn -0.17344533 0.74789214 0.64076054
vn -0.10896851 0.86119145 0.4964625
vn 0.01401352 0.829612 0.5581644
vn 0.19651379 0.8150784 0.5450042
vn 0.19713758 0.9055409 0.37567595
vn 0.017582629 0.92204154 0.3866913
vn 0.98078674 0.16220625 0.108381286
vn 1 -1.194952E-06 -2.1564445E-06
vn 0.9807867 0.18023439 0.07465254
vn -0.13672906 -0.07522197 0.9877484
vn -0.11064134 0.6997564 0.70576173
vn -0.10896851 0.86119145 0.4964625
vn -0.13908401 0.81643754 0.5604331
vn 0.01401352 0.829612 0.5581644
vn 0.017582629 0.92204154 0.3866913
vn -0.13042441 0.9098687 0.39386335
vn 0.9238849 0.31817967 0.21259882
vn 0.98078674 0.16220625 0.108381286
vn 0.9807867 0.18023439 0.07465254
vn 0.9238849 0.35354215 0.14643957
vn -0.17344533 0.74789214 0.64076054
vn -0.24404691 0.7785212 0.5782265
vn -0.23154356 0.8641056 0.44688827
vn -0.16026871 0.7849183 0.5985124
vn 0.19713758 0.9055409 0.37567595
vn 0.38260874 0.8536136 0.35348892
vn 0.38243863 0.9062545 0.18012083
vn 0.19770782 0.96127486 0.19199556
vn -0.10896851 0.86119145 0.4964625
vn -0.17344533 0.74789214 0.64076054
vn -0.16026871 0.7849183 0.5985124
vn -0.097477175 0.79559743 0.59793216
vn 0.017582629 0.92204154 0.3866913
vn 0.19713758 0.9055409 0.37567595
vn 0.19770782 0.96127486 0.19199556
vn 0.021249024 0.9794496 0.20056638
vn 0.9807867 0.18023439 0.07465254
vn 1 -1.194952E-06 -2.1564445E-06
vn 0.98078656 0.1913358 0.03805668
vn -0.13672906 -0.07522197 0.9877484
vn -0.10896851 0.86119145 0.4964625
vn -0.097477175 0.79559743 0.59793216
vn -0.13042441 0.9098687 0.39386335
vn 0.017582629 0.92204154 0.3866913
vn 0.021249024 0.9794496 0.20056638
vn -0.12168978 0.96965724 0.21202917
vn 0.9238849 0.35354215 0.14643957
vn 0.9807867 0.18023439 0.07465254
vn 0.98078656 0.1913358 0.03805668
vn 0.9238847 0.3753184 0.07465309
vn -0.2278106 0.8839251 0.4083856
vn -0.13042441 0.9098687 0.39386335
vn -0.12168978 0.96965724 0.21202917
vn -0.21427897 0.9482258 0.23441926
vn 0.83148235 0.51326317 0.21259841
vn 0.9238849 0.35354215 0.14643957
vn 0.9238847 0.3753184 0.07465309
vn 0.83148193 0.54487735 0.1083804
vn -0.27162817 0.8562403 0.43939805
vn -0.2278106 0.8839251 0.4083856
vn -0.21427897 0.9482258 0.23441926
vn -0.25677845 0.9268661 0.273832
vn 0.7071292 0.65326154 0.27058756
vn 0.83148235 0.51326317 0.21259841
vn 0.83148193 0.54487735 0.1083804
vn 0.70712876 0.6934988 0.13794328
vn -0.27785578 0.8247709 0.4924926
vn -0.27162817 0.8562403 0.43939805
vn -0.25677845 0.9268661 0.273832
vn -0.26614967 0.9023705 0.33895698
vn 0.55559415 0.7681703 0.3181659
vn 0.7071292 0.65326154 0.27058756
vn 0.70712876 0.6934988 0.13794328
vn 0.5555524 0.8155152 0.16216177
vn -0.24404691 0.7785212 0.5782265
vn -0.27785578 0.8247709 0.4924926
vn -0.26614967 0.9023705 0.33895698
vn -0.23154356 0.8641056 0.44688827
vn 0.38260874 0.8536136 0.35348892
vn 0.55559415 0.7681703 0.3181659
vn 0.5555524 0.8155152 0.16216177
vn 0.38243863 0.9062545 0.18012083
vn -0.25677845 0.9268661 0.273832
vn -0.21427897 0.9482258 0.23441926
vn -0.20134805 0.9782745 0.049375623
vn -0.24299288 0.965397 0.09467311
vn 0.70712876 0.6934988 0.13794328
vn 0.83148193 0.54487735 0.1083804
vn 0.8314812 0.5555528 -2.2576164E-06
vn 0.70712733 0.70708627 -2.6181756E-06
vn -0.26614967 0.9023705 0.33895698
vn -0.25677845 0.9268661 0.273832
vn -0.24299288 0.965397 0.09467311
vn -0.254017 0.95205545 0.17048694
vn 0.5555524 0.8155152 0.16216177
vn 0.70712876 0.6934988 0.13794328
vn 0.70712733 0.70708627 -2.6181756E-06
vn 0.55544025 0.8315565 -0.00011093485
vn -0.23154356 0.8641056 0.44688827
vn -0.26614967 0.9023705 0.33895698
vn -0.254017 0.95205545 0.17048694
vn -0.21455832 0.9277363 0.3054014
vn 0.38243863 0.9062545 0.18012083
vn 0.5555524 0.8155152 0.16216177
vn 0.55544025 0.8315565 -0.00011093485
vn 0.38205913 0.92413783 -0.00024256861
vn -0.16026871 0.7849183 0.5985124
vn -0.23154356 0.8641056 0.44688827
vn -0.21455832 0.9277363 0.3054014
vn -0.13914077 0.8076454 0.57301724
vn 0.19770782 0.96127486 0.19199556
vn 0.38243863 0.9062545 0.18012083
vn 0.38205913 0.92413783 -0.00024256861
vn 0.19804178 0.98019314 0.0009423897
vn -0.097477175 0.79559743 0.59793216
vn -0.16026871 0.7849183 0.5985124
vn -0.13914077 0.8076454 0.57301724
vn -0.069021024 0.57737017 0.81356
vn 0.021249024 0.9794496 0.20056638
vn 0.19770782 0.96127486 0.19199556
vn 0.19804178 0.98019314 0.0009423897
vn 0.024647372 0.9996741 0.00664783
vn 0.98078656 0.1913358 0.03805668
vn 1 -1.194952E-06 -2.1564445E-06
vn 0.9807865 0.19508408 -1.2456859E-06
vn -0.13672906 -0.07522197 0.9877484
vn -0.097477175 0.79559743 0.59793216
vn -0.069021024 0.57737017 0.81356
vn -0.12168978 0.96965724 0.21202917
vn 0.021249024 0.9794496 0.20056638
vn 0.024647372 0.9996741 0.00664783
vn -0.11341555 0.99332076 0.021230567
vn 0.9238847 0.3753184 0.07465309
vn 0.98078656 0.1913358 0.03805668
vn 0.9807865 0.19508408 -1.2456859E-06
vn 0.9238844 0.38267162 -1.9743072E-06
vn -0.21427897 0.9482258 0.23441926
vn -0.12168978 0.96965724 0.21202917
vn -0.11341555 0.99332076 0.021230567
vn -0.20134805 0.9782745 0.049375623
vn 0.83148193 0.54487735 0.1083804
vn 0.9238847 0.3753184 0.07465309
vn 0.9238844 0.38267162 -1.9743072E-06
vn 0.8314812 0.5555528 -2.2576164E-06
vn -0.069021024 0.57737017 0.81356
vn -0.13914077 0.8076454 0.57301724
vn -0.13152711 0.9320392 0.33764407
vn -0.07200944 0.65489036 0.7522854
vn 0.024647372 0.9996741 0.00664783
vn 0.19804178 0.98019314 0.0009423897
vn 0.19789957 0.96157944 -0.1902649
vn 0.027342446 0.9818046 -0.18791528
vn 0.9807865 0.19508408 -1.2456859E-06
vn 1 -1.194952E-06 -2.1564445E-06
vn 0.98078644 0.19133587 -0.03806083
vn -0.13672906 -0.07522197 0.9877484
vn -0.069021024 0.57737017 0.81356
vn -0.07200944 0.65489036 0.7522854
vn -0.11341555 0.99332076 0.021230567
vn 0.024647372 0.9996741 0.00664783
vn 0.027342446 0.9818046 -0.18791528
vn -0.10615368 0.979398 -0.17178753
vn 0.9238844 0.38267162 -1.9743072E-06
vn 0.9807865 0.19508408 -1.2456859E-06
vn 0.98078644 0.19133587 -0.03806083
vn 0.923884 0.37531945 -0.074657656
vn -0.20134805 0.9782745 0.049375623
vn -0.11341555 0.99332076 0.021230567
vn -0.10615368 0.979398 -0.17178753
vn -0.18958855 0.97173303 -0.14068034
vn 0.8314812 0.5555528 -2.2576164E-06
vn 0.9238844 0.38267162 -1.9743072E-06
vn 0.923884 0.37531945 -0.074657656
vn 0.83148026 0.5448791 -0.108385295
vn -0.24299288 0.965397 0.09467311
vn -0.20134805 0.9782745 0.049375623
vn -0.18958855 0.97173303 -0.14068034
vn -0.23052871 0.968651 -0.092583604
vn 0.70712733 0.70708627 -2.6181756E-06
vn 0.8314812 0.5555528 -2.2576164E-06
vn 0.83148026 0.5448791 -0.108385295
vn 0.7071185 0.6935054 -0.13796209
vn -0.254017 0.95205545 0.17048694
vn -0.24299288 0.965397 0.09467311
vn -0.23052871 0.968651 -0.092583604
vn -0.24069473 0.97055995 -0.008904894
vn 0.55544025 0.8315565 -0.00011093485
vn 0.70712733 0.70708627 -2.6181756E-06
vn 0.7071185 0.6935054 -0.13796209
vn 0.55520284 0.81569445 -0.16245738
vn -0.21455832 0.9277363 0.3054014
vn -0.254017 0.95205545 0.17048694
vn -0.24069473 0.97055995 -0.008904894
vn -0.19767371 0.97349435 0.11503847
vn 0.38205913 0.92413783 -0.00024256861
vn 0.55544025 0.8315565 -0.00011093485
vn 0.55520284 0.81569445 -0.16245738
vn 0.381354 0.90658975 -0.18073224
vn -0.13914077 0.8076454 0.57301724
vn -0.21455832 0.9277363 0.3054014
vn -0.19767371 0.97349435 0.11503847
vn -0.13152711 0.9320392 0.33764407
vn 0.19804178 0.98019314 0.0009423897
vn 0.38205913 0.92413783 -0.00024256861
vn 0.381354 0.90658975 -0.18073224
vn 0.19789957 0.96157944 -0.1902649
vn 0.7071185 0.6935054 -0.13796209
vn 0.83148026 0.5448791 -0.108385295
vn 0.8314789 0.5132663 -0.21260409
vn 0.70708394 0.6532849 -0.2706494
vn -0.24069473 0.97055995 -0.008904894
vn -0.23052871 0.968651 -0.092583604
vn -0.21923473 0.9340994 -0.2817703
vn -0.22550729 0.95420253 -0.19658072
vn 0.55520284 0.81569445 -0.16245738
vn 0.7071185 0.6935054 -0.13796209
vn 0.70708394 0.6532849 -0.2706494
vn 0.5547744 0.76854116 -0.31870025
vn -0.19767371 0.97349435 0.11503847
vn -0.24069473 0.97055995 -0.008904894
vn -0.22550729 0.95420253 -0.19658072
vn -0.18410444 0.9760368 -0.11600756
vn 0.381354 0.90658975 -0.18073224
vn 0.55520284 0.81569445 -0.16245738
vn 0.5547744 0.76854116 -0.31870025
vn 0.38021454 0.85426486 -0.35449755
vn -0.13152711 0.9320392 0.33764407
vn -0.19767371 0.97349435 0.11503847
vn -0.18410444 0.9760368 -0.11600756
vn -0.13171822 0.98791826 -0.08165696
vn 0.19789957 0.96157944 -0.1902649
vn 0.381354 0.90658975 -0.18073224
vn 0.38021454 0.85426486 -0.35449755
vn 0.19704051 0.90609074 -0.37439904
vn -0.07200944 0.65489036 0.7522854
vn -0.13152711 0.9320392 0.33764407
vn -0.13171822 0.98791826 -0.08165696
vn -0.10071227 0.850984 0.51544476
vn 0.027342446 0.9818046 -0.18791528
vn 0.19789957 0.96157944 -0.1902649
vn 0.19704051 0.90609074 -0.37439904
vn 0.028906591 0.9262298 -0.37584934
vn 0.98078644 0.19133587 -0.03806083
vn 1 -1.194952E-06 -2.1564445E-06
vn 0.9807863 0.18023467 -0.074657366
vn -0.13672906 -0.07522197 0.9877484
vn -0.07200944 0.65489036 0.7522854
vn -0.10071227 0.850984 0.51544476
vn -0.10615368 0.979398 -0.17178753
vn 0.027342446 0.9818046 -0.18791528
vn 0.028906591 0.9262298 -0.37584934
vn -0.100425646 0.9275661 -0.35991088
vn 0.923884 0.37531945 -0.074657656
vn 0.98078644 0.19133587 -0.03806083
vn 0.9807863 0.18023467 -0.074657366
vn 0.92388344 0.35354394 -0.14644462
vn -0.18958855 0.97173303 -0.14068034
vn -0.10615368 0.979398 -0.17178753
vn -0.100425646 0.9275661 -0.35991088
vn -0.1795167 0.927119 -0.32897434
vn 0.83148026 0.5448791 -0.108385295
vn 0.923884 0.37531945 -0.074657656
vn 0.92388344 0.35354394 -0.14644462
vn 0.8314789 0.5132663 -0.21260409
vn -0.23052871 0.968651 -0.092583604
vn -0.18958855 0.97173303 -0.14068034
vn -0.1795167 0.927119 -0.32897434
vn -0.21923473 0.9340994 -0.2817703
vn 0.028906591 0.9262298 -0.37584934
vn 0.19704051 0.90609074 -0.37439904
vn 0.19528203 0.81575555 -0.5444334
vn 0.028985802 0.8347138 -0.5499206
vn 0.9807863 0.18023467 -0.074657366
vn 1 -1.194952E-06 -2.1564445E-06
vn 0.9807862 0.16220632 -0.10838628
vn -0.13672906 -0.07522197 0.9877484
vn -0.10071227 0.850984 0.51544476
vn -0.107655115 0.8722982 0.47697607
vn -0.100425646 0.9275661 -0.35991088
vn 0.028906591 0.9262298 -0.37584934
vn 0.028985802 0.8347138 -0.5499206
vn -0.09664693 0.8388561 -0.535705
vn 0.92388344 0.35354394 -0.14644462
vn 0.9807863 0.18023467 -0.074657366
vn 0.9807862 0.16220632 -0.10838628
vn 0.92388296 0.31818148 -0.21260501
vn -0.1795167 0.927119 -0.32897434
vn -0.100425646 0.9275661 -0.35991088
vn -0.09664693 0.8388561 -0.535705
vn -0.17148514 0.84423685 -0.5077961
vn 0.8314789 0.5132663 -0.21260409
vn 0.92388344 0.35354394 -0.14644462
vn 0.92388296 0.31818148 -0.21260501
vn 0.8314773 0.46192905 -0.3086537
vn -0.21923473 0.9340994 -0.2817703
vn -0.1795167 0.927119 -0.32897434
vn -0.17148514 0.84423685 -0.5077961
vn -0.20859997 0.8601677 -0.46540046
vn 0.70708394 0.6532849 -0.2706494
vn 0.8314789 0.5132663 -0.21260409
vn 0.8314773 0.46192905 -0.3086537
vn 0.70700127 0.5879753 -0.39298123
vn -0.22550729 0.95420253 -0.19658072
vn -0.21923473 0.9340994 -0.2817703
vn -0.20859997 0.8601677 -0.46540046
vn -0.20801184 0.89835536 -0.38689628
vn 0.5547744 0.76854116 -0.31870025
vn 0.70708394 0.6532849 -0.2706494
vn 0.70700127 0.5879753 -0.39298123
vn 0.5541097 0.69188386 -0.46288136
vn -0.18410444 0.9760368 -0.11600756
vn -0.22550729 0.95420253 -0.19658072
vn -0.20801184 0.89835536 -0.38689628
vn -0.16656323 0.9559544 -0.24167727
vn 0.38021454 0.85426486 -0.35449755
vn 0.5547744 0.76854116 -0.31870025
vn 0.5541097 0.69188386 -0.46288136
vn 0.3785786 0.7691205 -0.51490957
vn -0.13171822 0.98791826 -0.08165696
vn -0.18410444 0.9760368 -0.11600756
vn -0.16656323 0.9559544 -0.24167727
vn -0.11212718 0.9797008 -0.16617402
vn 0.19704051 0.90609074 -0.37439904
vn 0.38021454 0.85426486 -0.35449755
vn 0.3785786 0.7691205 -0.51490957
vn 0.19528203 0.81575555 -0.5444334
vn -0.10071227 0.850984 0.51544476
vn -0.13171822 0.98791826 -0.08165696
vn -0.11212718 0.9797008 -0.16617402
vn -0.107655115 0.8722982 0.47697607
vn -0.20801184 0.89835536 -0.38689628
vn -0.20859997 0.8601677 -0.46540046
vn -0.1979525 0.746931 -0.6347511
vn -0.18814765 0.80066365 -0.5688042
vn 0.5541097 0.69188386 -0.46288136
vn 0.70700127 0.5879753 -0.39298123
vn 0.70685697 0.5000844 -0.5002687
vn 0.55321336 0.5886299 -0.58946574
vn -0.16656323 0.9559544 -0.24167727
vn -0.20801184 0.89835536 -0.38689628
vn -0.18814765 0.80066365 -0.5688042
vn -0.14939015 0.9072867 -0.3930819
vn 0.3785786 0.7691205 -0.51490957
vn 0.5541097 0.69188386 -0.46288136
vn 0.55321336 0.5886299 -0.58946574
vn 0.37645626 0.65437996 -0.65579534
vn -0.11212718 0.9797008 -0.16617402
vn -0.16656323 0.9559544 -0.24167727
vn -0.14939015 0.9072867 -0.3930819
vn -0.10057208 0.97596157 -0.19335002
vn 0.19528203 0.81575555 -0.5444334
vn 0.3785786 0.7691205 -0.51490957
vn 0.37645626 0.65437996 -0.65579534
vn 0.19254556 0.6939636 -0.6937873
vn -0.107655115 0.8722982 0.47697607
vn -0.11212718 0.9797008 -0.16617402
vn -0.10057208 0.97596157 -0.19335002
vn -0.14880463 0.8071414 0.57129675
vn 0.028985802 0.8347138 -0.5499206
vn 0.19528203 0.81575555 -0.5444334
vn 0.19254556 0.6939636 -0.6937873
vn 0.027374716 0.7105024 -0.70316213
vn 0.9807862 0.16220632 -0.10838628
vn 1 -1.194952E-06 -2.1564445E-06
vn 0.98078597 0.13794473 -0.13794968
vn -0.13672906 -0.07522197 0.9877484
vn -0.107655115 0.8722982 0.47697607
vn -0.14880463 0.8071414 0.57129675
vn -0.09664693 0.8388561 -0.535705
vn 0.028985802 0.8347138 -0.5499206
vn 0.027374716 0.7105024 -0.70316213
vn -0.09508053 0.7159439 -0.6916532
vn 0.92388296 0.31818148 -0.21260501
vn 0.9807862 0.16220632 -0.10838628
vn 0.98078597 0.13794473 -0.13794968
vn 0.9238823 0.27059144 -0.2705953
vn -0.17148514 0.84423685 -0.5077961
vn -0.09664693 0.8388561 -0.535705
vn -0.09508053 0.7159439 -0.6916532
vn -0.16563518 0.7247294 -0.668829
vn 0.8314773 0.46192905 -0.3086537
vn 0.92388296 0.31818148 -0.21260501
vn 0.9238823 0.27059144 -0.2705953
vn 0.83147544 0.39283964 -0.39284298
vn -0.20859997 0.8601677 -0.46540046
vn -0.17148514 0.84423685 -0.5077961
vn -0.16563518 0.7247294 -0.668829
vn -0.1979525 0.746931 -0.6347511
vn 0.70700127 0.5879753 -0.39298123
vn 0.8314773 0.46192905 -0.3086537
vn 0.83147544 0.39283964 -0.39284298
vn 0.70685697 0.5000844 -0.5002687
vn 0.98078597 0.13794473 -0.13794968
vn 1 -1.194952E-06 -2.1564445E-06
vn 0.98078585 0.10838353 -0.16221039
vn -0.13672906 -0.07522197 0.9877484
vn -0.14880463 0.8071414 0.57129675
vn -0.25786602 0.77814066 0.57271487
vn -0.09508053 0.7159439 -0.6916532
vn 0.027374716 0.7105024 -0.70316213
vn 0.024071129 0.5583435 -0.8292605
vn -0.09583399 0.56333345 -0.820653
vn 0.9238823 0.27059144 -0.2705953
vn 0.98078597 0.13794473 -0.13794968
vn 0.98078585 0.10838353 -0.16221039
vn 0.92388153 0.21260321 -0.3181866
vn -0.16563518 0.7247294 -0.668829
vn -0.09508053 0.7159439 -0.6916532
vn -0.09583399 0.56333345 -0.820653
vn -0.16196097 0.5724775 -0.803765
vn 0.83147544 0.39283964 -0.39284298
vn 0.9238823 0.27059144 -0.2705953
vn 0.92388153 0.21260321 -0.3181866
vn 0.83147323 0.30865288 -0.46193692
vn -0.1979525 0.746931 -0.6347511
vn -0.16563518 0.7247294 -0.668829
vn -0.16196097 0.5724775 -0.803765
vn -0.18692559 0.5963208 -0.78067935
vn 0.70685697 0.5000844 -0.5002687
vn 0.83147544 0.39283964 -0.39284298
vn 0.83147323 0.30865288 -0.46193692
vn 0.7066601 0.39297524 -0.58838934
vn -0.18814765 0.80066365 -0.5688042
vn -0.1979525 0.746931 -0.6347511
vn -0.18692559 0.5963208 -0.78067935
vn -0.16694741 0.6568287 -0.73532623
vn 0.55321336 0.5886299 -0.58946574
vn 0.70685697 0.5000844 -0.5002687
vn 0.7066601 0.39297524 -0.58838934
vn 0.5521523 0.46270508 -0.69356465
vn -0.14939015 0.9072867 -0.3930819
vn -0.18814765 0.80066365 -0.5688042
vn -0.16694741 0.6568287 -0.73532623
vn -0.13534631 0.7760548 -0.6159711
vn 0.37645626 0.65437996 -0.65579534
vn 0.55321336 0.5886299 -0.58946574
vn 0.5521523 0.46270508 -0.69356465
vn 0.37395307 0.5144249 -0.77170336
vn -0.10057208 0.97596157 -0.19335002
vn -0.14939015 0.9072867 -0.3930819
vn -0.13534631 0.7760548 -0.6159711
vn -0.11207222 0.89792126 -0.42564917
vn 0.19254556 0.6939636 -0.6937873
vn 0.37645626 0.65437996 -0.65579534
vn 0.37395307 0.5144249 -0.77170336
vn 0.1889071 0.54539007 -0.8166173
vn -0.14880463 0.8071414 0.57129675
vn -0.10057208 0.97596157 -0.19335002
vn -0.11207222 0.89792126 -0.42564917
vn -0.25786602 0.77814066 0.57271487
vn 0.027374716 0.7105024 -0.70316213
vn 0.19254556 0.6939636 -0.6937873
vn 0.1889071 0.54539007 -0.8166173
vn 0.024071129 0.5583435 -0.8292605
vn 0.5521523 0.46270508 -0.69356465
vn 0.7066601 0.39297524 -0.58838934
vn 0.70644003 0.27073902 -0.65394413
vn 0.551048 0.3189068 -0.77113205
vn -0.13534631 0.7760548 -0.6159711
vn -0.16694741 0.6568287 -0.73532623
vn -0.14751968 0.45102432 -0.8802358
vn -0.12895583 0.55247813 -0.8234915
vn 0.37395307 0.5144249 -0.77170336
vn 0.5521523 0.46270508 -0.69356465
vn 0.551048 0.3189068 -0.77113205
vn 0.37128183 0.35462245 -0.85813326
vn -0.11207222 0.89792126 -0.42564917
vn -0.13534631 0.7760548 -0.6159711
vn -0.12895583 0.55247813 -0.8234915
vn -0.15302671 0.7516694 -0.64154184
vn 0.1889071 0.54539007 -0.8166173
vn 0.37395307 0.5144249 -0.77170336
vn 0.37128183 0.35462245 -0.85813326
vn 0.18461348 0.37582037 -0.90811723
vn -0.25786602 0.77814066 0.57271487
vn -0.11207222 0.89792126 -0.42564917
vn -0.15302671 0.7516694 -0.64154184
vn -0.42448044 0.7401141 0.52158153
vn 0.024071129 0.5583435 -0.8292605
vn 0.1889071 0.54539007 -0.8166173
vn 0.18461348 0.37582037 -0.90811723
vn 0.019267866 0.38432983 -0.9229948
vn 0.98078585 0.10838353 -0.16221039
vn 1 -1.194952E-06 -2.1564445E-06
vn 0.98078567 0.074656054 -0.18023843
vn -0.13672906 -0.07522197 0.9877484
vn -0.25786602 0.77814066 0.57271487
vn -0.42448044 0.7401141 0.52158153
vn -0.09583399 0.56333345 -0.820653
vn 0.024071129 0.5583435 -0.8292605
vn 0.019267866 0.38432983 -0.9229948
vn -0.09888558 0.38730472 -0.91663337
vn 0.92388153 0.21260321 -0.3181866
vn 0.98078585 0.10838353 -0.16221039
vn 0.98078567 0.074656054 -0.18023843
vn 0.9238808 0.14644398 -0.3535511
vn -0.16196097 0.5724775 -0.803765
vn -0.09583399 0.56333345 -0.820653
vn -0.09888558 0.38730472 -0.91663337
vn -0.1604737 0.39372492 -0.9051126
vn 0.83147323 0.30865288 -0.46193692
vn 0.92388153 0.21260321 -0.3181866
vn 0.9238808 0.14644398 -0.3535511
vn 0.83147 0.21260355 -0.51328105
vn -0.18692559 0.5963208 -0.78067935
vn -0.16196097 0.5724775 -0.803765
vn -0.1604737 0.39372492 -0.9051126
vn -0.17593314 0.412901 -0.893622
vn 0.7066601 0.39297524 -0.58838934
vn 0.83147323 0.30865288 -0.46193692
vn 0.83147 0.21260355 -0.51328105
vn 0.70644003 0.27073902 -0.65394413
vn -0.16694741 0.6568287 -0.73532623
vn -0.18692559 0.5963208 -0.78067935
vn -0.17593314 0.412901 -0.893622
vn -0.14751968 0.45102432 -0.8802358
vn -0.09888558 0.38730472 -0.91663337
vn 0.019267866 0.38432983 -0.9229948
vn 0.013318147 0.1955862 -0.98059607
vn -0.10410841 0.19558863 -0.9751443
vn 0.9238808 0.14644398 -0.3535511
vn 0.98078567 0.074656054 -0.18023843
vn 0.9807855 0.038058683 -0.19134079
vn 0.92388016 0.07465624 -0.37532905
vn -0.1604737 0.39372492 -0.9051126
vn -0.09888558 0.38730472 -0.91663337
vn -0.10410841 0.19558863 -0.9751443
vn -0.1613707 0.19677123 -0.9670784
vn 0.83147 0.21260355 -0.51328105
vn 0.9238808 0.14644398 -0.3535511
vn 0.92388016 0.07465624 -0.37532905
vn 0.8314657 0.108384244 -0.54490155
vn -0.17593314 0.412901 -0.893622
vn -0.1604737 0.39372492 -0.9051126
vn -0.1613707 0.19677123 -0.9670784
vn -0.16619118 0.20525327 -0.96449554
vn 0.70644003 0.27073902 -0.65394413
vn 0.83147 0.21260355 -0.51328105
vn 0.8314657 0.108384244 -0.54490155
vn 0.70624053 0.13806053 -0.69438004
vn -0.14751968 0.45102432 -0.8802358
vn -0.17593314 0.412901 -0.893622
vn -0.16619118 0.20525327 -0.96449554
vn -0.1320082 0.21278314 -0.9681411
vn 0.551048 0.3189068 -0.77113205
vn 0.70644003 0.27073902 -0.65394413
vn 0.70624053 0.13806053 -0.69438004
vn 0.55006075 0.16274433 -0.81911385
vn -0.12895583 0.55247813 -0.8234915
vn -0.14751968 0.45102432 -0.8802358
vn -0.1320082 0.21278314 -0.9681411
vn -0.12497595 0.24884632 -0.960446
vn 0.37128183 0.35462245 -0.85813326
vn 0.551048 0.3189068 -0.77113205
vn 0.55006075 0.16274433 -0.81911385
vn 0.3687385 0.18111661 -0.9117174
vn -0.15302671 0.7516694 -0.64154184
vn -0.12895583 0.55247813 -0.8234915
vn -0.12497595 0.24884632 -0.960446
vn -0.2446238 0.43092307 -0.86859924
vn 0.18461348 0.37582037 -0.90811723
vn 0.37128183 0.35462245 -0.85813326
vn 0.3687385 0.18111661 -0.9117174
vn 0.18005247 0.19188663 -0.96475935
vn -0.42448044 0.7401141 0.52158153
vn -0.15302671 0.7516694 -0.64154184
vn -0.2446238 0.43092307 -0.86859924
vn -0.8003771 0.4934155 0.3404962
vn 0.019267866 0.38432983 -0.9229948
vn 0.18461348 0.37582037 -0.90811723
vn 0.18005247 0.19188663 -0.96475935
vn 0.013318147 0.1955862 -0.98059607
vn 0.98078567 0.074656054 -0.18023843
vn 1 -1.194952E-06 -2.1564445E-06
vn 0.9807855 0.038058683 -0.19134079
vn -0.13672906 -0.07522197 0.9877484
vn -0.42448044 0.7401141 0.52158153
vn -0.8003771 0.4934155 0.3404962
vn -0.12497595 0.24884632 -0.960446
vn -0.1320082 0.21278314 -0.9681411
vn -0.12050077 -0.015685886 -0.99258935
vn -0.12223686 -0.02663792 -0.99214345
vn 0.3687385 0.18111661 -0.9117174
vn 0.55006075 0.16274433 -0.81911385
vn 0.54935676 0.00022240472 -0.8355878
vn 0.36665392 0.00056971743 -0.9303572
vn -0.2446238 0.43092307 -0.86859924
vn -0.12497595 0.24884632 -0.960446
vn -0.12223686 -0.02663792 -0.99214345
vn -0.32291347 -0.07803878 -0.94320565
vn 0.18005247 0.19188663 -0.96475935
vn 0.3687385 0.18111661 -0.9117174
vn 0.36665392 0.00056971743 -0.9303572
vn 0.17570317 0.0007302495 -0.9844429
vn -0.8003771 0.4934155 0.3404962
vn -0.2446238 0.43092307 -0.86859924
vn -0.32291347 -0.07803878 -0.94320565
vn -0.8989994 -0.3603464 0.24889879
vn 0.013318147 0.1955862 -0.98059607
vn 0.18005247 0.19188663 -0.96475935
vn 0.17570317 0.0007302495 -0.9844429
vn 0.0067004194 -0.00017853777 -0.9999775
vn 0.9807855 0.038058683 -0.19134079
vn 1 -1.194952E-06 -2.1564445E-06
vn 0.98078537 -7.9685384E-07 -0.19508988
vn -0.13672906 -0.07522197 0.9877484
vn -0.8003771 0.4934155 0.3404962
vn -0.8989994 -0.3603464 0.24889879
vn -0.10410841 0.19558863 -0.9751443
vn 0.013318147 0.1955862 -0.98059607
vn 0.0067004194 -0.00017853777 -0.9999775
vn -0.111270994 -0.0031669845 -0.9937851
vn 0.92388016 0.07465624 -0.37532905
vn 0.9807855 0.038058683 -0.19134079
vn 0.98078537 -7.9685384E-07 -0.19508988
vn 0.9238796 -6.0698153E-07 -0.38268316
vn -0.1613707 0.19677123 -0.9670784
vn -0.10410841 0.19558863 -0.9751443
vn -0.111270994 -0.0031669845 -0.9937851
vn -0.16508491 -0.008488651 -0.98624283
vn 0.8314657 0.108384244 -0.54490155
vn 0.92388016 0.07465624 -0.37532905
vn 0.9238796 -6.0698153E-07 -0.38268316
vn 0.831462 -1.0101447E-08 -0.5555816
vn -0.16619118 0.20525327 -0.96449554
vn -0.1613707 0.19677123 -0.9670784
vn -0.16508491 -0.008488651 -0.98624283
vn -0.1593779 -0.014204538 -0.9871155
vn 0.70624053 0.13806053 -0.69438004
vn 0.8314657 0.108384244 -0.54490155
vn 0.831462 -1.0101447E-08 -0.5555816
vn 0.7061099 3.9918825E-05 -0.7081022
vn -0.1320082 0.21278314 -0.9681411
vn -0.16619118 0.20525327 -0.96449554
vn -0.1593779 -0.014204538 -0.9871155
vn -0.12050077 -0.015685886 -0.99258935
vn 0.55006075 0.16274433 -0.81911385
vn 0.70624053 0.13806053 -0.69438004
vn 0.7061099 3.9918825E-05 -0.7081022
vn 0.54935676 0.00022240472 -0.8355878
# 1984 vertex normals

vt 0.8353057 0.40399286 0
vt 0.799027 0.4064458 0
vt 0.83575004 0.4064458 0
vt 0.8654942 0.4064458 0
vt 0.83519715 0.4064459 0
vt 0.79996914 0.40885156 0
vt 0.86567146 0.40885156 0
vt 0.7987846 0.40885162 0
vt 0.86546123 0.40885162 0
vt 0.7523419 0.41371042 0
vt 0.83646846 0.41371042 0
vt 0.8915531 0.41371042 0
vt 0.83544254 0.41371047 0
vt 0.7541511 0.41597655 0
vt 0.80148953 0.41597655 0
vt 0.86596435 0.41597655 0
vt 0.8916088 0.41597655 0
vt 0.7519423 0.4159766 0
vt 0.7992731 0.4159766 0
vt 0.8655799 0.4159766 0
vt 0.8915486 0.4159766 0
vt 0.7571329 0.42268807 0
vt 0.8917053 0.42268807 0
vt 0.75298625 0.42268813 0
vt 0.8915977 0.42268813 0
vt 0.6856987 0.42550728 0
vt 0.91428953 0.42550728 0
vt 0.83736855 0.42550734 0
vt 0.83601063 0.42550743 0
vt 0.689025 0.42754677 0
vt 0.86633193 0.42754677 0
vt 0.9143006 0.42754677 0
vt 0.68532085 0.42754686 0
vt 0.8004253 0.42754686 0
vt 0.80340296 0.42754686 0
vt 0.8658343 0.42754686 0
vt 0.9142906 0.42754686 0
vt 0.8916921 0.43358707 0
vt 0.8918264 0.43358707 0
vt 0.9143039 0.43358707 0
vt 0.9143206 0.43358707 0
vt 0.6878585 0.43358713 0
vt 0.6948342 0.43358713 0
vt 0.7553084 0.43358713 0
vt 0.7609159 0.43358713 0
vt 0.5753755 0.44138327 0
vt 0.83682674 0.44138327 0
vt 0.8383501 0.44138327 0
vt 0.93374705 0.44138327 0
vt 0.576178 0.4431178 0
vt 0.58152014 0.4431178 0
vt 0.80209404 0.4431178 0
vt 0.805504 0.4431178 0
vt 0.86619014 0.4431178 0
vt 0.8667275 0.4431178 0
vt 0.9337472 0.4431178 0
vt 0.9337472 0.4431178 0
vt 0.69283134 0.44339588 0
vt 0.70231134 0.44339588 0
vt 0.9143261 0.44339588 0
vt 0.91434485 0.44339588 0
vt 0.583474 0.4482546 0
vt 0.5935145 0.4482546 0
vt 0.7585965 0.4482546 0
vt 0.76508707 0.4482546 0
vt 0.89181626 0.4482546 0
vt 0.89195377 0.4482546 0
vt 0.9337476 0.4482546 0
vt 0.9337476 0.4482546 0
vt 0.6092185 0.45659626 0
vt 0.9337477 0.45659626 0
vt 0.5955718 0.45659634 0
vt 0.6994984 0.45659634 0
vt 0.71053827 0.45659634 0
vt 0.91435194 0.45659634 0
vt 0.9143682 0.45659634 0
vt 0.9337477 0.45659634 0
vt 0.8377971 0.46072832 0
vt 0.83932173 0.46072832 0
vt 0.9496239 0.46072832 0
vt 0.34508997 0.46072844 0
vt 0.36127067 0.46209103 0
vt 0.8040929 0.46209103 0
vt 0.8665981 0.46209103 0
vt 0.86710984 0.46209103 0
vt 0.9496239 0.46209103 0
vt 0.35191065 0.46209118 0
vt 0.8076046 0.46209118 0
vt 0.9496239 0.46209118 0
vt 0.8920722 0.46612692 0
vt 0.37827295 0.46612707 0
vt 0.39502713 0.46612707 0
vt 0.7624802 0.46612707 0
vt 0.76927763 0.46612707 0
vt 0.8919509 0.46612707 0
vt 0.9496239 0.46612707 0
vt 0.9496239 0.46612707 0
vt 0.6103392 0.46782237 0
vt 0.62633663 0.46782237 0
vt 0.9337477 0.46782237 0
vt 0.9337477 0.46782237 0
vt 0.41528633 0.47268105 0
vt 0.43658698 0.47268105 0
vt 0.70708245 0.47268105 0
vt 0.71873736 0.47268105 0
vt 0.9143757 0.47268105 0
vt 0.9143866 0.47268105 0
vt 0.9496239 0.47268105 0
vt 0.9496239 0.47268105 0
vt 0.45470077 0.48150134 0
vt 0.47815943 0.48150134 0
vt 0.6259508 0.48150134 0
vt 0.6430676 0.48150134 0
vt 0.9337477 0.48150134 0
vt 0.9337477 0.48150134 0
vt 0.9496239 0.48150134 0
vt 0.9496239 0.48150134 0
vt 0.8388178 0.48279878 0
vt 0.07023373 0.48279893 0
vt 0.84021384 0.48279893 0
vt 0.9614207 0.48279893 0
vt 0.07391113 0.4837375 0
vt 0.07439807 0.4837375 0
vt 0.8062238 0.4837375 0
vt 0.809563 0.4837375 0
vt 0.867011 0.4837375 0
vt 0.8674512 0.4837375 0
vt 0.9614207 0.4837375 0
vt 0.9614207 0.4837375 0
vt 0.08613473 0.48651758 0
vt 0.08872756 0.48651758 0
vt 0.76659876 0.48651758 0
vt 0.77321297 0.48651758 0
vt 0.89207727 0.48651758 0
vt 0.8921698 0.48651758 0
vt 0.9614207 0.48651758 0
vt 0.9614207 0.48651758 0
vt 0.111040354 0.49103206 0
vt 0.1203126 0.49103206 0
vt 0.7148947 0.49103206 0
vt 0.72635955 0.49103206 0
vt 0.9143926 0.49103206 0
vt 0.91439724 0.49103206 0
vt 0.9614207 0.49103206 0
vt 0.9614207 0.49103206 0
vt 0.49185514 0.4922489 0
vt 0.5157064 0.4922489 0
vt 0.9496239 0.4922489 0
vt 0.9496239 0.4922489 0
vt 0.1577889 0.49710745 0
vt 0.1826202 0.49710745 0
vt 0.6411681 0.49710745 0
vt 0.6583098 0.49710745 0
vt 0.9337477 0.49710745 0
vt 0.9337477 0.49710745 0
vt 0.9614207 0.49710745 0
vt 0.9614207 0.49710745 0
vt 0.23415294 0.5045105 0
vt 0.2734501 0.5045105 0
vt 0.5246566 0.5045105 0
vt 0.54749334 0.5045105 0
vt 0.9496239 0.5045105 0
vt 0.9496239 0.5045105 0
vt 0.9614207 0.5045105 0
vt 0.9614207 0.5045105 0
vt 0.051496863 0.5067467 0
vt 0.83980113 0.5067467 0
vt 0.8409832 0.5067467 0
vt 0.9686853 0.5067467 0
vt 0.052681386 0.50722533 0
vt 0.052738726 0.50722533 0
vt 0.80831975 0.50722533 0
vt 0.81129354 0.50722533 0
vt 0.8673896 0.50722533 0
vt 0.8677345 0.50722533 0
vt 0.9686853 0.50722533 0
vt 0.9686853 0.50722533 0
vt 0.05644211 0.5086425 0
vt 0.05651945 0.5086425 0
vt 0.77065474 0.5086425 0
vt 0.7767227 0.5086425 0
vt 0.8921817 0.5086425 0
vt 0.8922419 0.5086425 0
vt 0.9686853 0.5086425 0
vt 0.9686853 0.5086425 0
vt 0.062930554 0.5109441 0
vt 0.063572645 0.5109441 0
vt 0.7224263 0.5109441 0
vt 0.7331016 0.5109441 0
vt 0.9144015 0.5109441 0
vt 0.914402 0.5109441 0
vt 0.9686853 0.5109441 0
vt 0.9686853 0.5109441 0
vt 0.31485564 0.5129565 0
vt 0.34980088 0.5129565 0
vt 0.9614207 0.5129565 0
vt 0.9614207 0.5129565 0
vt 0.07291663 0.51404124 0
vt 0.07489318 0.51404124 0
vt 0.6552455 0.51404124 0
vt 0.6715339 0.51404124 0
vt 0.9337477 0.51404124 0
vt 0.9337477 0.51404124 0
vt 0.9686853 0.51404124 0
vt 0.9686853 0.51404124 0
vt 0.087652594 0.51781535 0
vt 0.09224564 0.51781535 0
vt 0.55261225 0.51781535 0
vt 0.5738513 0.51781535 0
vt 0.9496239 0.51781535 0
vt 0.9496239 0.51781535 0
vt 0.9686853 0.51781535 0
vt 0.9686853 0.51781535 0
vt 0.109084606 0.52212113 0
vt 0.11820406 0.52212113 0
vt 0.3766659 0.52212113 0
vt 0.40659368 0.52212113 0
vt 0.9614207 0.52212113 0
vt 0.9614207 0.52212113 0
vt 0.9686853 0.52212113 0
vt 0.9686853 0.52212113 0
vt 0.1396583 0.5267932 0
vt 0.15539184 0.5267932 0
vt 0.9686853 0.5267932 0
vt 0.9686853 0.5267932 0
vt 0.105979234 0.53165185 0
vt 0.18077287 0.53165185 0
vt 0.20333356 0.53165185 0
vt 0.42410126 0.53165185 0
vt 0.44960272 0.53165185 0
vt 0.5760539 0.53165185 0
vt 0.595362 0.53165185 0
vt 0.6677739 0.53165185 0
vt 0.68259525 0.53165185 0
vt 0.7293431 0.53165185 0
vt 0.7388506 0.53165185 0
vt 0.7744235 0.53165185 0
vt 0.7797251 0.53165185 0
vt 0.8102508 0.53165185 0
vt 0.812757 0.53165185 0
vt 0.84067816 0.53165185 0
vt 0.8416142 0.53165185 0
vt 0.8677066 0.53165185 0
vt 0.8679543 0.53165185 0
vt 0.89225626 0.53165185 0
vt 0.8922891 0.53165185 0
vt 0.91440266 0.53165185 0
vt 0.91440266 0.53165185 0
vt 0.9337477 0.53165185 0
vt 0.9337477 0.53165185 0
vt 0.9496239 0.53165185 0
vt 0.9496239 0.53165185 0
vt 0.9614207 0.53165185 0
vt 0.9614207 0.53165185 0
vt 0.9686853 0.53165185 0
vt 0.9686853 0.53165185 0
vt 0.9711382 0.53165185 0
vt 0.22914693 0.5365104 0
vt 0.25419828 0.5365104 0
vt 0.9686853 0.5365104 0
vt 0.9686853 0.5365104 0
vt 0.27528733 0.5411826 0
vt 0.2967506 0.5411826 0
vt 0.46086472 0.5411826 0
vt 0.48252612 0.5411826 0
vt 0.9614207 0.5411826 0
vt 0.9614207 0.5411826 0
vt 0.9686853 0.5411826 0
vt 0.9686853 0.5411826 0
vt 0.3118178 0.54548824 0
vt 0.32894525 0.54548824 0
vt 0.59552675 0.54548824 0
vt 0.9496239 0.54548824 0
vt 0.9496239 0.54548824 0
vt 0.9686853 0.54548824 0
vt 0.9686853 0.54548824 0
vt 0.61261344 0.54548836 0
vt 0.33957395 0.5492623 0
vt 0.35277063 0.5492623 0
vt 0.67864066 0.5492623 0
vt 0.6916274 0.5492623 0
vt 0.9337477 0.5492623 0
vt 0.9337477 0.5492623 0
vt 0.9686853 0.5492623 0
vt 0.9686853 0.5492623 0
vt 0.4896329 0.5503471 0
vt 0.50776017 0.5503471 0
vt 0.9614207 0.5503471 0
vt 0.9614207 0.5503471 0
vt 0.36009032 0.55235946 0
vt 0.36973953 0.55235946 0
vt 0.7354549 0.55235946 0
vt 0.7436095 0.55235946 0
vt 0.91440266 0.55235946 0
vt 0.91440266 0.55235946 0
vt 0.9686853 0.55235946 0
vt 0.9686853 0.55235946 0
vt 0.37451738 0.55466104 0
vt 0.3808408 0.55466104 0
vt 0.7777637 0.55466104 0
vt 0.78220403 0.55466104 0
vt 0.89230144 0.55466104 0
vt 0.8923162 0.55466104 0
vt 0.9686853 0.55466104 0
vt 0.9686853 0.55466104 0
vt 0.81193835 0.55607814 0
vt 0.3835395 0.55607826 0
vt 0.38667005 0.55607826 0
vt 0.81394905 0.55607826 0
vt 0.86795044 0.55607826 0
vt 0.8681142 0.55607826 0
vt 0.9686853 0.55607826 0
vt 0.9686853 0.55607826 0
vt 0.84141093 0.5565567 0
vt 0.38754153 0.5565569 0
vt 0.842107 0.5565569 0
vt 0.9686853 0.5565569 0
vt 0.61149585 0.5587929 0
vt 0.5120481 0.558793 0
vt 0.5267392 0.558793 0
vt 0.6261924 0.558793 0
vt 0.9496239 0.558793 0
vt 0.9496239 0.558793 0
vt 0.9614207 0.558793 0
vt 0.9614207 0.558793 0
vt 0.5408011 0.56619596 0
vt 0.52927977 0.5661961 0
vt 0.68784374 0.5661961 0
vt 0.6988161 0.5661961 0
vt 0.9337477 0.5661961 0
vt 0.9337477 0.5661961 0
vt 0.9614207 0.5661961 0
vt 0.9614207 0.5661961 0
vt 0.6244251 0.5710547 0
vt 0.6366328 0.5710547 0
vt 0.9496239 0.5710548 0
vt 0.9496239 0.5710548 0
vt 0.5422308 0.57227165 0
vt 0.5507475 0.57227165 0
vt 0.74068177 0.57227165 0
vt 0.74743515 0.57227165 0
vt 0.91440266 0.57227165 0
vt 0.91440266 0.57227165 0
vt 0.9614207 0.57227165 0
vt 0.9614207 0.57227165 0
vt 0.551495 0.576786 0
vt 0.5571211 0.576786 0
vt 0.78060865 0.576786 0
vt 0.78418607 0.576786 0
vt 0.8923239 0.576786 0
vt 0.89232796 0.576786 0
vt 0.9614207 0.576786 0
vt 0.9614207 0.576786 0
vt 0.5574652 0.57956606 0
vt 0.56026274 0.57956606 0
vt 0.8133423 0.57956606 0
vt 0.81488496 0.57956606 0
vt 0.8681235 0.57956606 0
vt 0.86822253 0.57956606 0
vt 0.9614207 0.57956606 0
vt 0.9614207 0.57956606 0
vt 0.5603603 0.58050466 0
vt 0.8419872 0.58050466 0
vt 0.84247637 0.5805048 0
vt 0.9614207 0.5805048 0
vt 0.6347054 0.58180225 0
vt 0.64440066 0.58180237 0
vt 0.69545305 0.58180237 0
vt 0.7043827 0.58180237 0
vt 0.9337477 0.58180237 0
vt 0.9337477 0.58180237 0
vt 0.9496239 0.58180237 0
vt 0.9496239 0.58180237 0
vt 0.64264184 0.5906225 0
vt 0.6498462 0.5906225 0
vt 0.7450222 0.5906225 0
vt 0.75041604 0.5906225 0
vt 0.91440266 0.5906225 0
vt 0.91440266 0.5906225 0
vt 0.9496239 0.5906225 0
vt 0.9496239 0.5906225 0
vt 0.70157856 0.5954812 0
vt 0.7085334 0.5954812 0
vt 0.9337477 0.5954812 0
vt 0.9337477 0.5954812 0
vt 0.648469 0.5971765 0
vt 0.65323025 0.5971765 0
vt 0.7829457 0.5971765 0
vt 0.7857192 0.5971765 0
vt 0.89233154 0.5971767 0
vt 0.89233166 0.5971767 0
vt 0.9496239 0.5971767 0
vt 0.9496239 0.5971767 0
vt 0.65235937 0.6012124 0
vt 0.814459 0.6012124 0
vt 0.65472627 0.60121256 0
vt 0.815594 0.60121256 0
vt 0.8682367 0.60121256 0
vt 0.86829096 0.60121256 0
vt 0.9496239 0.60121256 0
vt 0.9496239 0.60121256 0
vt 0.6544297 0.6025751 0
vt 0.8424155 0.6025751 0
vt 0.8427435 0.60257524 0
vt 0.9496239 0.60257524 0
vt 0.70634294 0.6067072 0
vt 0.71142554 0.6067072 0
vt 0.74851614 0.6067072 0
vt 0.7526415 0.6067072 0
vt 0.91440266 0.6067072 0
vt 0.91440266 0.6067074 0
vt 0.9337477 0.6067074 0
vt 0.9337477 0.6067074 0
vt 0.70986825 0.61504906 0
vt 0.71318597 0.61504906 0
vt 0.7847952 0.61504906 0
vt 0.7868532 0.61504906 0
vt 0.89233226 0.61504906 0
vt 0.89233226 0.61504906 0
vt 0.9337477 0.61504906 0
vt 0.9337477 0.61504906 0
vt 0.7512265 0.6199076 0
vt 0.7541946 0.6199076 0
vt 0.91440266 0.61990774 0
vt 0.91440266 0.61990774 0
vt 0.7122585 0.62018573 0
vt 0.71389467 0.62018573 0
vt 0.81531006 0.62018585 0
vt 0.81611025 0.62018585 0
vt 0.8683048 0.62018585 0
vt 0.86833185 0.62018585 0
vt 0.9337477 0.62018585 0
vt 0.9337477 0.62018585 0
vt 0.713587 0.6219203 0
vt 0.842719 0.6219203 0
vt 0.84292924 0.6219203 0
vt 0.9337477 0.6219203 0
vt 0.75322443 0.6297163 0
vt 0.75513774 0.6297163 0
vt 0.7862018 0.62971646 0
vt 0.78764164 0.62971646 0
vt 0.89233226 0.6297166 0
vt 0.89233226 0.6297166 0
vt 0.91440266 0.6297166 0
vt 0.91440266 0.6297166 0
vt 0.75457305 0.6357565 0
vt 0.755509 0.6357565 0
vt 0.8159316 0.6357567 0
vt 0.816464 0.6357567 0
vt 0.868342 0.6357567 0
vt 0.91440266 0.6357567 0
vt 0.91440266 0.6357567 0
vt 0.8683545 0.6357568 0
vt 0.7553238 0.63779616 0
vt 0.84292364 0.6377963 0
vt 0.84305173 0.6377963 0
vt 0.91440266 0.6377963 0
vt 0.78721493 0.64061534 0
vt 0.7881226 0.64061534 0
vt 0.89233226 0.6406155 0
vt 0.89233226 0.6406155 0
vt 0.7878831 0.647327 0
vt 0.7883206 0.647327 0
vt 0.8163589 0.647327 0
vt 0.8683606 0.647327 0
vt 0.86836636 0.647327 0
vt 0.89233226 0.647327 0
vt 0.89233226 0.647327 0
vt 0.8166815 0.6473272 0
vt 0.7882436 0.6495932 0
vt 0.84305364 0.6495932 0
vt 0.84312564 0.6495933 0
vt 0.89233226 0.6495933 0
vt 0.8166273 0.654452 0
vt 0.8683694 0.654452 0
vt 0.8683713 0.654452 0
vt 0.81677896 0.65445215 0
vt 0.81676227 0.6568577 0
vt 0.8431285 0.6568577 0
vt 0.8431607 0.6568577 0
vt 0.8683724 0.6568577 0
vt 0.8431619 0.6593107 0
# 482 texture coords

usemtl Material.001
s 1
f 480/81/1 479/46/2 18/51/3 19/82/4
f 477/12/5 2/27/6 11/32/7 12/17/8
f 481/119/9 480/81/10 19/82/11 20/123/12
f 3/4/13 477/12/14 12/17/15 13/7/16
f 482/166/17 481/119/18 20/123/19 21/170/20
f 4/1/21 3/4/22 13/7/23 14/3/24
f 474/169/25 82/257/26 7/176/27
f 308/226/28 482/166/29 21/170/30
f 5/2/31 4/1/32 14/3/33 15/6/34
f 475/121/35 474/169/36 7/176/37 8/128/38
f 478/10/39 5/2/40 15/6/41 16/14/42
f 1/80/43 475/121/44 8/128/45 9/86/46
f 6/26/47 478/10/48 16/14/49 17/30/50
f 476/49/51 1/80/52 9/86/53 10/56/54
f 479/46/55 6/26/56 17/30/57 18/51/58
f 2/27/59 476/49/60 10/56/61 11/32/62
f 10/56/63 9/86/64 24/96/65 25/68/66
f 18/51/67 17/30/68 32/43/69 33/63/70
f 11/32/71 10/56/72 25/68/73 26/41/74
f 19/82/75 18/51/76 33/63/77 34/92/78
f 12/17/79 11/32/80 26/41/81 27/23/82
f 20/123/83 19/82/84 34/92/85 35/131/86
f 13/7/87 12/17/88 27/23/89 28/16/90
f 21/170/91 20/123/92 35/131/93 36/179/94
f 14/3/95 13/7/96 28/16/97 29/11/98
f 7/176/99 82/257/100 22/184/101
f 308/226/102 21/170/103 36/179/104
f 15/6/105 14/3/106 29/11/107 30/15/108
f 8/128/109 7/176/110 22/184/111 23/136/112
f 16/14/113 15/6/114 30/15/115 31/22/116
f 9/86/117 8/128/118 23/136/119 24/96/120
f 17/30/121 16/14/122 31/22/123 32/43/124
f 29/11/125 28/16/126 43/31/127 44/28/128
f 22/184/129 82/257/130 37/192/131
f 308/226/132 36/179/133 51/187/134
f 30/15/135 29/11/136 44/28/137 45/35/138
f 23/136/139 22/184/140 37/192/141 38/144/142
f 31/22/143 30/15/144 45/35/145 46/45/146
f 24/96/147 23/136/148 38/144/149 39/108/150
f 32/43/151 31/22/152 46/45/153 47/59/154
f 25/68/155 24/96/156 39/108/157 40/71/158
f 33/63/159 32/43/160 47/59/161 48/70/162
f 26/41/163 25/68/164 40/71/165 41/61/166
f 34/92/167 33/63/168 48/70/169 49/103/170
f 27/23/171 26/41/172 41/61/173 42/39/174
f 35/131/175 34/92/176 49/103/177 50/139/178
f 28/16/179 27/23/180 42/39/181 43/31/182
f 36/179/183 35/131/184 50/139/185 51/187/186
f 48/70/187 47/59/188 62/74/189 63/99/190
f 41/61/191 40/71/192 55/100/193 56/76/194
f 49/103/195 48/70/196 63/99/197 64/111/198
f 42/39/199 41/61/200 56/76/201 57/67/202
f 50/139/203 49/103/204 64/111/205 65/151/206
f 43/31/207 42/39/208 57/67/209 58/55/210
f 51/187/211 50/139/212 65/151/213 66/199/214
f 44/28/215 43/31/216 58/55/217 59/48/218
f 37/192/219 82/257/220 52/204/221
f 308/226/222 51/187/223 66/199/224
f 45/35/225 44/28/226 59/48/227 60/53/228
f 38/144/229 37/192/230 52/204/231 53/156/232
f 46/45/233 45/35/234 60/53/235 61/65/236
f 39/108/237 38/144/238 53/156/239 54/116/240
f 47/59/241 46/45/242 61/65/243 62/74/244
f 40/71/245 39/108/246 54/116/247 55/100/248
f 308/226/249 66/199/250 81/207/251
f 60/53/252 59/48/253 74/79/254 75/88/255
f 53/156/256 52/204/257 67/212/258 68/164/259
f 61/65/260 60/53/261 75/88/262 76/94/263
f 54/116/264 53/156/265 68/164/266 69/148/267
f 62/74/268 61/65/269 76/94/270 77/105/271
f 55/100/272 54/116/273 69/148/274 70/114/275
f 63/99/276 62/74/277 77/105/278 78/113/279
f 56/76/280 55/100/281 70/114/282 71/107/283
f 64/111/284 63/99/285 78/113/286 79/147/287
f 57/67/288 56/76/289 71/107/290 72/90/291
f 65/151/292 64/111/293 79/147/294 80/159/295
f 58/55/296 57/67/297 72/90/298 73/85/299
f 66/199/300 65/151/301 80/159/302 81/207/303
f 59/48/304 58/55/305 73/85/306 74/79/307
f 52/204/308 82/257/309 67/212/310
f 79/147/311 78/113/312 94/153/313 95/161/314
f 72/90/315 71/107/316 87/143/317 88/135/318
f 80/159/319 79/147/320 95/161/321 96/195/322
f 73/85/323 72/90/324 88/135/325 89/127/326
f 81/207/327 80/159/328 96/195/329 97/215/330
f 74/79/331 73/85/332 89/127/333 90/120/334
f 67/212/335 82/257/336 83/220/337
f 308/226/338 81/207/339 97/215/340
f 75/88/341 74/79/342 90/120/343 91/125/344
f 68/164/345 67/212/346 83/220/347 84/196/348
f 76/94/349 75/88/350 91/125/351 92/133/352
f 69/148/353 68/164/354 84/196/355 85/162/356
f 77/105/357 76/94/358 92/133/359 93/141/360
f 70/114/361 69/148/362 85/162/363 86/154/364
f 78/113/365 77/105/366 93/141/367 94/153/368
f 71/107/369 70/114/370 86/154/371 87/143/372
f 84/196/373 83/220/374 98/224/375 99/218/376
f 92/133/377 91/125/378 106/173/379 107/181/380
f 85/162/381 84/196/382 99/218/383 100/210/384
f 93/141/385 92/133/386 107/181/387 108/189/388
f 86/154/389 85/162/390 100/210/391 101/202/392
f 94/153/393 93/141/394 108/189/395 109/201/396
f 87/143/397 86/154/398 101/202/399 102/191/400
f 95/161/401 94/153/402 109/201/403 110/209/404
f 88/135/405 87/143/406 102/191/407 103/183/408
f 96/195/409 95/161/410 110/209/411 111/217/412
f 89/127/413 88/135/414 103/183/415 104/175/416
f 97/215/417 96/195/418 111/217/419 112/223/420
f 90/120/421 89/127/422 104/175/423 105/168/424
f 83/220/425 82/257/426 98/224/427
f 308/226/428 97/215/429 112/223/430
f 91/125/431 90/120/432 105/168/433 106/173/434
f 103/183/435 102/191/436 117/247/437 118/246/438
f 111/217/439 110/209/440 125/232/441 126/230/442
f 104/175/443 103/183/444 118/246/445 119/244/446
f 112/223/447 111/217/448 126/230/449 127/228/450
f 105/168/451 104/175/452 119/244/453 120/242/454
f 98/224/455 82/257/456 113/255/457
f 308/226/458 112/223/459 127/228/460
f 106/173/461 105/168/462 120/242/463 121/240/464
f 99/218/465 98/224/466 113/255/467 114/253/468
f 107/181/469 106/173/470 121/240/471 122/238/472
f 100/210/473 99/218/474 114/253/475 115/251/476
f 108/189/477 107/181/478 122/238/479 123/236/480
f 101/202/481 100/210/482 115/251/483 116/249/484
f 109/201/485 108/189/486 123/236/487 124/234/488
f 102/191/489 101/202/490 116/249/491 117/247/492
f 110/209/493 109/201/494 124/234/495 125/232/496
f 122/238/497 121/240/498 136/309/499 137/301/500
f 115/251/501 114/253/502 129/266/503 130/273/504
f 123/236/505 122/238/506 137/301/507 138/293/508
f 116/249/509 115/251/510 130/273/511 131/282/512
f 124/234/513 123/236/514 138/293/515 139/281/516
f 117/247/517 116/249/518 131/282/519 132/294/520
f 125/232/521 124/234/522 139/281/523 140/277/524
f 118/246/525 117/247/526 132/294/527 133/303/528
f 126/230/529 125/232/530 140/277/531 141/265/532
f 119/244/533 118/246/534 133/303/535 134/311/536
f 127/228/537 126/230/538 141/265/539 142/259/540
f 120/242/541 119/244/542 134/311/543 135/316/544
f 113/255/545 82/257/546 128/260/547
f 308/226/548 127/228/549 142/259/550
f 121/240/551 120/242/552 135/316/553 136/309/554
f 114/253/555 113/255/556 128/260/557 129/266/558
f 141/265/559 140/277/560 155/321/561 156/287/562
f 134/311/563 133/303/564 148/351/565 149/359/566
f 142/259/567 141/265/568 156/287/569 157/263/570
f 135/316/571 134/311/572 149/359/573 150/364/574
f 128/260/575 82/257/576 143/268/577
f 308/226/578 142/259/579 157/263/580
f 136/309/581 135/316/582 150/364/583 151/357/584
f 129/266/585 128/260/586 143/268/587 144/288/588
f 137/301/589 136/309/590 151/357/591 152/349/592
f 130/273/593 129/266/594 144/288/595 145/322/596
f 138/293/597 137/301/598 152/349/599 153/341/600
f 131/282/601 130/273/602 145/322/603 146/330/604
f 139/281/605 138/293/606 153/341/607 154/329/608
f 132/294/609 131/282/610 146/330/611 147/342/612
f 140/277/613 139/281/614 154/329/615 155/321/616
f 133/303/617 132/294/618 147/342/619 148/351/620
f 145/322/621 144/288/622 159/324/623 160/336/624
f 153/341/625 152/349/626 167/389/627 168/377/628
f 146/330/629 145/322/630 160/336/631 161/370/632
f 154/329/633 153/341/634 168/377/635 169/369/636
f 147/342/637 146/330/638 161/370/639 162/378/640
f 155/321/641 154/329/642 169/369/643 170/335/644
f 148/351/645 147/342/646 162/378/647 163/391/648
f 156/287/649 155/321/650 170/335/651 171/320/652
f 149/359/653 148/351/654 163/391/655 164/399/656
f 157/263/657 156/287/658 171/320/659 172/271/660
f 150/364/661 149/359/662 164/399/663 165/404/664
f 143/268/665 82/257/666 158/275/667
f 308/226/668 157/263/669 172/271/670
f 151/357/671 150/364/672 165/404/673 166/397/674
f 144/288/675 143/268/676 158/275/677 159/324/678
f 152/349/679 151/357/680 166/397/681 167/389/682
f 164/399/683 163/391/684 178/418/685 179/431/686
f 172/271/687 171/320/688 186/326/689 187/279/690
f 165/404/691 164/399/692 179/431/693 180/436/694
f 158/275/695 82/257/696 173/284/697
f 308/226/698 172/271/699 187/279/700
f 166/397/701 165/404/702 180/436/703 181/429/704
f 159/324/705 158/275/706 173/284/707 174/332/708
f 167/389/709 166/397/710 181/429/711 182/417/712
f 160/336/713 159/324/714 174/332/715 175/372/716
f 168/377/717 167/389/718 182/417/719 183/409/720
f 161/370/721 160/336/722 175/372/723 176/384/724
f 169/369/725 168/377/726 183/409/727 184/383/728
f 162/378/729 161/370/730 176/384/731 177/411/732
f 170/335/733 169/369/734 184/383/735 185/367/736
f 163/391/737 162/378/738 177/411/739 178/418/740
f 171/320/741 170/335/742 185/367/743 186/326/744
f 183/409/745 182/417/746 197/441/747 198/423/748
f 176/384/749 175/372/750 190/380/751 191/412/752
f 184/383/753 183/409/754 198/423/755 199/407/756
f 177/411/757 176/384/758 191/412/759 192/424/760
f 185/367/761 184/383/762 199/407/763 200/375/764
f 178/418/765 177/411/766 192/424/767 193/442/768
f 186/326/769 185/367/770 200/375/771 201/339/772
f 179/431/773 178/418/774 193/442/775 194/453/776
f 187/279/777 186/326/778 201/339/779 202/291/780
f 180/436/781 179/431/782 194/453/783 195/456/784
f 173/284/785 82/257/786 188/296/787
f 308/226/788 187/279/789 202/291/790
f 181/429/791 180/436/792 195/456/793 196/449/794
f 174/332/795 173/284/796 188/296/797 189/344/798
f 182/417/799 181/429/800 196/449/801 197/441/802
f 175/372/803 174/332/804 189/344/805 190/380/806
f 202/291/807 201/339/808 216/347/809 217/299/810
f 195/456/811 194/453/812 209/466/813 210/472/814
f 188/296/815 82/257/816 203/304/817
f 308/226/818 202/291/819 217/299/820
f 196/449/821 195/456/822 210/472/823 211/469/824
f 189/344/825 188/296/826 203/304/827 204/352/828
f 197/441/829 196/449/830 211/469/831 212/459/832
f 190/380/833 189/344/834 204/352/835 205/392/836
f 198/423/837 197/441/838 212/459/839 213/439/840
f 191/412/841 190/380/842 205/392/843 206/420/844
f 199/407/845 198/423/846 213/439/847 214/415/848
f 192/424/849 191/412/850 206/420/851 207/444/852
f 200/375/853 199/407/854 214/415/855 215/387/856
f 193/442/857 192/424/858 207/444/859 208/460/860
f 201/339/861 200/375/862 215/387/863 216/347/864
f 194/453/865 193/442/866 208/460/867 209/466/868
f 214/415/869 213/439/870 228/447/871 229/427/872
f 207/444/873 206/420/874 221/432/875 222/451/876
f 215/387/877 214/415/878 229/427/879 230/396/880
f 208/460/881 207/444/882 222/451/883 223/467/884
f 216/347/885 215/387/886 230/396/887 231/355/888
f 209/466/889 208/460/890 223/467/891 224/476/892
f 217/299/893 216/347/894 231/355/895 232/308/896
f 210/472/897 209/466/898 224/476/899 225/480/900
f 203/304/901 82/257/902 218/312/903
f 308/226/904 217/299/905 232/308/906
f 211/469/907 210/472/908 225/480/909 226/477/910
f 204/352/911 203/304/912 218/312/913 219/360/914
f 212/459/915 211/469/916 226/477/917 227/463/918
f 205/392/919 204/352/920 219/360/921 220/400/922
f 213/439/923 212/459/924 227/463/925 228/447/926
f 206/420/927 205/392/928 220/400/929 221/432/930
f 218/312/931 82/257/932 233/317/933
f 308/226/934 232/308/935 247/315/936
f 226/477/937 225/480/938 240/482/939 241/478/940
f 219/360/941 218/312/942 233/317/943 234/365/944
f 227/463/945 226/477/946 241/478/947 242/470/948
f 220/400/949 219/360/950 234/365/951 235/405/952
f 228/447/953 227/463/954 242/470/955 243/454/956
f 221/432/957 220/400/958 235/405/959 236/437/960
f 229/427/961 228/447/962 243/454/963 244/434/964
f 222/451/965 221/432/966 236/437/967 237/457/968
f 230/396/969 229/427/970 244/434/971 245/402/972
f 223/467/973 222/451/974 237/457/975 238/473/976
f 231/355/977 230/396/978 245/402/979 246/362/980
f 224/476/981 223/467/982 238/473/983 239/481/984
f 232/308/985 231/355/986 246/362/987 247/315/988
f 225/480/989 224/476/990 239/481/991 240/482/992
f 237/457/993 236/437/994 251/433/995 252/452/996
f 245/402/997 244/434/998 259/426/999 260/394/1000
f 238/473/1001 237/457/1002 252/452/1003 253/468/1004
f 246/362/1005 245/402/1006 260/394/1007 261/354/1008
f 239/481/1009 238/473/1010 253/468/1011 254/475/1012
f 247/315/1013 246/362/1014 261/354/1015 262/307/1016
f 240/482/1017 239/481/1018 254/475/1019 255/479/1020
f 233/317/1021 82/257/1022 248/313/1023
f 308/226/1024 247/315/1025 262/307/1026
f 241/478/1027 240/482/1028 255/479/1029 256/474/1030
f 234/365/1031 233/317/1032 248/313/1033 249/361/1034
f 242/470/1035 241/478/1036 256/474/1037 257/462/1038
f 235/405/1039 234/365/1040 249/361/1041 250/401/1042
f 243/454/1043 242/470/1044 257/462/1045 258/446/1046
f 236/437/1047 235/405/1048 250/401/1049 251/433/1050
f 244/434/1051 243/454/1052 258/446/1053 259/426/1054
f 256/474/1055 255/479/1056 270/471/1057 271/464/1058
f 249/361/1059 248/313/1060 263/305/1061 264/353/1062
f 257/462/1063 256/474/1064 271/464/1065 272/458/1066
f 250/401/1067 249/361/1068 264/353/1069 265/393/1070
f 258/446/1071 257/462/1072 272/458/1073 273/438/1074
f 251/433/1075 250/401/1076 265/393/1077 266/421/1078
f 259/426/1079 258/446/1080 273/438/1081 274/414/1082
f 252/452/1083 251/433/1084 266/421/1085 267/445/1086
f 260/394/1087 259/426/1088 274/414/1089 275/386/1090
f 253/468/1091 252/452/1092 267/445/1093 268/461/1094
f 261/354/1095 260/394/1096 275/386/1097 276/346/1098
f 254/475/1099 253/468/1100 268/461/1101 269/465/1102
f 262/307/1103 261/354/1104 276/346/1105 277/298/1106
f 255/479/1107 254/475/1108 269/465/1109 270/471/1110
f 248/313/1111 82/257/1112 263/305/1113
f 308/226/1114 262/307/1115 277/298/1116
f 275/386/1117 274/414/1118 289/406/1119 290/374/1120
f 268/461/1121 267/445/1122 282/425/1123 283/443/1124
f 276/346/1125 275/386/1126 290/374/1127 291/338/1128
f 269/465/1129 268/461/1130 283/443/1131 284/450/1132
f 277/298/1133 276/346/1134 291/338/1135 292/290/1136
f 270/471/1137 269/465/1138 284/450/1139 285/455/1140
f 263/305/1141 82/257/1142 278/297/1143
f 308/226/1144 277/298/1145 292/290/1146
f 271/464/1147 270/471/1148 285/455/1149 286/448/1150
f 264/353/1151 263/305/1152 278/297/1153 279/345/1154
f 272/458/1155 271/464/1156 286/448/1157 287/440/1158
f 265/393/1159 264/353/1160 279/345/1161 280/381/1162
f 273/438/1163 272/458/1164 287/440/1165 288/422/1166
f 266/421/1167 265/393/1168 280/381/1169 281/413/1170
f 274/414/1171 273/438/1172 288/422/1173 289/406/1174
f 267/445/1175 266/421/1176 281/413/1177 282/425/1178
f 279/345/1179 278/297/1180 293/285/1181 294/333/1182
f 287/440/1183 286/448/1184 301/428/1185 302/416/1186
f 280/381/1187 279/345/1188 294/333/1189 295/373/1190
f 288/422/1191 287/440/1192 302/416/1193 303/408/1194
f 281/413/1195 280/381/1196 295/373/1197 296/385/1198
f 289/406/1199 288/422/1200 303/408/1201 304/382/1202
f 282/425/1203 281/413/1204 296/385/1205 297/410/1206
f 290/374/1207 289/406/1208 304/382/1209 305/366/1210
f 283/443/1211 282/425/1212 297/410/1213 298/419/1214
f 291/338/1215 290/374/1216 305/366/1217 306/327/1218
f 284/450/1219 283/443/1220 298/419/1221 299/430/1222
f 292/290/1223 291/338/1224 306/327/1225 307/278/1226
f 285/455/1227 284/450/1228 299/430/1229 300/435/1230
f 278/297/1231 82/257/1232 293/285/1233
f 308/226/1234 292/290/1235 307/278/1236
f 286/448/1237 285/455/1238 300/435/1239 301/428/1240
f 298/419/1241 297/410/1242 313/379/1243 314/390/1244
f 306/327/1245 305/366/1246 321/334/1247 322/319/1248
f 299/430/1249 298/419/1250 314/390/1251 315/398/1252
f 307/278/1253 306/327/1254 322/319/1255 323/270/1256
f 300/435/1257 299/430/1258 315/398/1259 316/403/1260
f 293/285/1261 82/257/1262 309/276/1263
f 308/226/1264 307/278/1265 323/270/1266
f 301/428/1267 300/435/1268 316/403/1269 317/395/1270
f 294/333/1271 293/285/1272 309/276/1273 310/325/1274
f 302/416/1275 301/428/1276 317/395/1277 318/388/1278
f 295/373/1279 294/333/1280 310/325/1281 311/337/1282
f 303/408/1283 302/416/1284 318/388/1285 319/376/1286
f 296/385/1287 295/373/1288 311/337/1289 312/371/1290
f 304/382/1291 303/408/1292 319/376/1293 320/368/1294
f 297/410/1295 296/385/1296 312/371/1297 313/379/1298
f 305/366/1299 304/382/1300 320/368/1301 321/334/1302
f 318/388/1303 317/395/1304 332/356/1305 333/348/1306
f 311/337/1307 310/325/1308 325/289/1309 326/323/1310
f 319/376/1311 318/388/1312 333/348/1313 334/340/1314
f 312/371/1315 311/337/1316 326/323/1317 327/331/1318
f 320/368/1319 319/376/1320 334/340/1321 335/328/1322
f 313/379/1323 312/371/1324 327/331/1325 328/343/1326
f 321/334/1327 320/368/1328 335/328/1329 336/318/1330
f 314/390/1331 313/379/1332 328/343/1333 329/350/1334
f 322/319/1335 321/334/1336 336/318/1337 337/286/1338
f 315/398/1339 314/390/1340 329/350/1341 330/358/1342
f 323/270/1343 322/319/1344 337/286/1345 338/262/1346
f 316/403/1347 315/398/1348 330/358/1349 331/363/1350
f 309/276/1351 82/257/1352 324/269/1353
f 308/226/1354 323/270/1355 338/262/1356
f 317/395/1357 316/403/1358 331/363/1359 332/356/1360
f 310/325/1361 309/276/1362 324/269/1363 325/289/1364
f 337/286/1365 336/318/1366 351/272/1367 352/264/1368
f 330/358/1369 329/350/1370 344/302/1371 345/310/1372
f 338/262/1373 337/286/1374 352/264/1375 353/258/1376
f 331/363/1377 330/358/1378 345/310/1379 346/314/1380
f 324/269/1381 82/257/1382 339/261/1383
f 308/226/1384 338/262/1385 353/258/1386
f 332/356/1387 331/363/1388 346/314/1389 347/306/1390
f 325/289/1391 324/269/1392 339/261/1393 340/267/1394
f 333/348/1395 332/356/1396 347/306/1397 348/300/1398
f 326/323/1399 325/289/1400 340/267/1401 341/274/1402
f 334/340/1403 333/348/1404 348/300/1405 349/292/1406
f 327/331/1407 326/323/1408 341/274/1409 342/283/1410
f 335/328/1411 334/340/1412 349/292/1413 350/280/1414
f 328/343/1415 327/331/1416 342/283/1417 343/295/1418
f 336/318/1419 335/328/1420 350/280/1421 351/272/1422
f 329/350/1423 328/343/1424 343/295/1425 344/302/1426
f 349/292/1427 348/300/1428 363/237/1429 364/235/1430
f 342/283/1431 341/274/1432 356/252/1433 357/250/1434
f 350/280/1435 349/292/1436 364/235/1437 365/233/1438
f 343/295/1439 342/283/1440 357/250/1441 358/248/1442
f 351/272/1443 350/280/1444 365/233/1445 366/231/1446
f 344/302/1447 343/295/1448 358/248/1449 359/245/1450
f 352/264/1451 351/272/1452 366/231/1453 367/229/1454
f 345/310/1455 344/302/1456 359/245/1457 360/243/1458
f 353/258/1459 352/264/1460 367/229/1461 368/227/1462
f 346/314/1463 345/310/1464 360/243/1465 361/241/1466
f 339/261/1467 82/257/1468 354/256/1469
f 308/226/1470 353/258/1471 368/227/1472
f 347/306/1473 346/314/1474 361/241/1475 362/239/1476
f 340/267/1477 339/261/1478 354/256/1479 355/254/1480
f 348/300/1481 347/306/1482 362/239/1483 363/237/1484
f 341/274/1485 340/267/1486 355/254/1487 356/252/1488
f 368/227/1489 367/229/1490 382/216/1491 383/222/1492
f 361/241/1493 360/243/1494 375/174/1495 376/167/1496
f 354/256/1497 82/257/1498 369/225/1499
f 308/226/1500 368/227/1501 383/222/1502
f 362/239/1503 361/241/1504 376/167/1505 377/172/1506
f 355/254/1507 354/256/1508 369/225/1509 370/219/1510
f 363/237/1511 362/239/1512 377/172/1513 378/180/1514
f 356/252/1515 355/254/1516 370/219/1517 371/211/1518
f 364/235/1519 363/237/1520 378/180/1521 379/188/1522
f 357/250/1523 356/252/1524 371/211/1525 372/203/1526
f 365/233/1527 364/235/1528 379/188/1529 380/200/1530
f 358/248/1531 357/250/1532 372/203/1533 373/190/1534
f 366/231/1535 365/233/1536 380/200/1537 381/208/1538
f 359/245/1539 358/248/1540 373/190/1541 374/182/1542
f 367/229/1543 366/231/1544 381/208/1545 382/216/1546
f 360/243/1547 359/245/1548 374/182/1549 375/174/1550
f 372/203/1551 371/211/1552 386/163/1553 387/155/1554
f 380/200/1555 379/188/1556 394/140/1557 395/152/1558
f 373/190/1559 372/203/1560 387/155/1561 388/142/1562
f 381/208/1563 380/200/1564 395/152/1565 396/160/1566
f 374/182/1567 373/190/1568 388/142/1569 389/134/1570
f 382/216/1571 381/208/1572 396/160/1573 397/194/1574
f 375/174/1575 374/182/1576 389/134/1577 390/126/1578
f 383/222/1579 382/216/1580 397/194/1581 398/214/1582
f 376/167/1583 375/174/1584 390/126/1585 391/118/1586
f 369/225/1587 82/257/1588 384/221/1589
f 308/226/1590 383/222/1591 398/214/1592
f 377/172/1593 376/167/1594 391/118/1595 392/124/1596
f 370/219/1597 369/225/1598 384/221/1599 385/197/1600
f 378/180/1601 377/172/1602 392/124/1603 393/132/1604
f 371/211/1605 370/219/1606 385/197/1607 386/163/1608
f 379/188/1609 378/180/1610 393/132/1611 394/140/1612
f 391/118/1613 390/126/1614 405/84/1615 406/78/1616
f 384/221/1617 82/257/1618 399/213/1619
f 308/226/1620 398/214/1621 413/206/1622
f 392/124/1623 391/118/1624 406/78/1625 407/83/1626
f 385/197/1627 384/221/1628 399/213/1629 400/165/1630
f 393/132/1631 392/124/1632 407/83/1633 408/93/1634
f 386/163/1635 385/197/1636 400/165/1637 401/149/1638
f 394/140/1639 393/132/1640 408/93/1641 409/104/1642
f 387/155/1643 386/163/1644 401/149/1645 402/115/1646
f 395/152/1647 394/140/1648 409/104/1649 410/112/1650
f 388/142/1651 387/155/1652 402/115/1653 403/106/1654
f 396/160/1655 395/152/1656 410/112/1657 411/146/1658
f 389/134/1659 388/142/1660 403/106/1661 404/95/1662
f 397/194/1663 396/160/1664 411/146/1665 412/158/1666
f 390/126/1667 389/134/1668 404/95/1669 405/84/1670
f 398/214/1671 397/194/1672 412/158/1673 413/206/1674
f 410/112/1675 409/104/1676 424/73/1677 425/98/1678
f 403/106/1679 402/115/1680 417/101/1681 418/75/1682
f 411/146/1683 410/112/1684 425/98/1685 426/110/1686
f 404/95/1687 403/106/1688 418/75/1689 419/66/1690
f 412/158/1691 411/146/1692 426/110/1693 427/150/1694
f 405/84/1695 404/95/1696 419/66/1697 420/54/1698
f 413/206/1699 412/158/1700 427/150/1701 428/198/1702
f 406/78/1703 405/84/1704 420/54/1705 421/47/1706
f 399/213/1707 82/257/1708 414/205/1709
f 308/226/1710 413/206/1711 428/198/1712
f 407/83/1713 406/78/1714 421/47/1715 422/52/1716
f 400/165/1717 399/213/1718 414/205/1719 415/157/1720
f 408/93/1721 407/83/1722 422/52/1723 423/64/1724
f 401/149/1725 400/165/1726 415/157/1727 416/117/1728
f 409/104/1729 408/93/1730 423/64/1731 424/73/1732
f 402/115/1733 401/149/1734 416/117/1735 417/101/1736
f 414/205/1737 82/257/1738 429/193/1739
f 308/226/1740 428/198/1741 443/186/1742
f 422/52/1743 421/47/1744 436/29/1745 437/34/1746
f 415/157/1747 414/205/1748 429/193/1749 430/145/1750
f 423/64/1751 422/52/1752 437/34/1753 438/44/1754
f 416/117/1755 415/157/1756 430/145/1757 431/109/1758
f 424/73/1759 423/64/1760 438/44/1761 439/58/1762
f 417/101/1763 416/117/1764 431/109/1765 432/77/1766
f 425/98/1767 424/73/1768 439/58/1769 440/72/1770
f 418/75/1771 417/101/1772 432/77/1773 433/60/1774
f 426/110/1775 425/98/1776 440/72/1777 441/102/1778
f 419/66/1779 418/75/1780 433/60/1781 434/38/1782
f 427/150/1783 426/110/1784 441/102/1785 442/138/1786
f 420/54/1787 419/66/1788 434/38/1789 435/36/1790
f 428/198/1791 427/150/1792 442/138/1793 443/186/1794
f 421/47/1795 420/54/1796 435/36/1797 436/29/1798
f 433/60/1799 432/77/1800 447/69/1801 448/40/1802
f 441/102/1803 440/72/1804 455/62/1805 456/91/1806
f 434/38/1807 433/60/1808 448/40/1809 449/25/1810
f 442/138/1811 441/102/1812 456/91/1813 457/130/1814
f 435/36/1815 434/38/1816 449/25/1817 450/20/1818
f 443/186/1819 442/138/1820 457/130/1821 458/178/1822
f 436/29/1823 435/36/1824 450/20/1825 451/13/1826
f 429/193/1827 82/257/1828 444/185/1829
f 308/226/1830 443/186/1831 458/178/1832
f 437/34/1833 436/29/1834 451/13/1835 452/19/1836
f 430/145/1837 429/193/1838 444/185/1839 445/137/1840
f 438/44/1841 437/34/1842 452/19/1843 453/24/1844
f 431/109/1845 430/145/1846 445/137/1847 446/97/1848
f 439/58/1849 438/44/1850 453/24/1851 454/42/1852
f 432/77/1853 431/109/1854 446/97/1855 447/69/1856
f 440/72/1857 439/58/1858 454/42/1859 455/62/1860
f 452/19/1861 451/13/1862 466/5/1863 467/8/1864
f 445/137/1865 444/185/1866 459/177/1867 460/129/1868
f 453/24/1869 452/19/1870 467/8/1871 468/18/1872
f 446/97/1873 445/137/1874 460/129/1875 461/89/1876
f 454/42/1877 453/24/1878 468/18/1879 469/33/1880
f 447/69/1881 446/97/1882 461/89/1883 462/57/1884
f 455/62/1885 454/42/1886 469/33/1887 470/50/1888
f 448/40/1889 447/69/1890 462/57/1891 463/37/1892
f 456/91/1893 455/62/1894 470/50/1895 471/87/1896
f 449/25/1897 448/40/1898 463/37/1899 464/21/1900
f 457/130/1901 456/91/1902 471/87/1903 472/122/1904
f 450/20/1905 449/25/1906 464/21/1907 465/9/1908
f 458/178/1909 457/130/1910 472/122/1911 473/171/1912
f 451/13/1913 450/20/1914 465/9/1915 466/5/1916
f 444/185/1917 82/257/1918 459/177/1919
f 308/226/1920 458/178/1921 473/171/1922
f 471/87/1923 470/50/1924 479/46/1925 480/81/1926
f 464/21/1927 463/37/1928 2/27/1929 477/12/1930
f 472/122/1931 471/87/1932 480/81/1933 481/119/1934
f 465/9/1935 464/21/1936 477/12/1937 3/4/1938
f 473/171/1939 472/122/1940 481/119/1941 482/166/1942
f 466/5/1943 465/9/1944 3/4/1945 4/1/1946
f 459/177/1947 82/257/1948 474/169/1949
f 308/226/1950 473/171/1951 482/166/1952
f 467/8/1953 466/5/1954 4/1/1955 5/2/1956
f 460/129/1957 459/177/1958 474/169/1959 475/121/1960
f 468/18/1961 467/8/1962 5/2/1963 478/10/1964
f 461/89/1965 460/129/1966 475/121/1967 1/80/1968
f 469/33/1969 468/18/1970 478/10/1971 6/26/1972
f 462/57/1973 461/89/1974 1/80/1975 476/49/1976
f 470/50/1977 469/33/1978 6/26/1979 479/46/1980
f 463/37/1981 462/57/1982 476/49/1983 2/27/1984
#512 polygons

g Sphere.001

#
# object Sphere.001
#

v 104.88186 4.331907 -66.3477
v 67.59684 6.6720934 -100.77103
v -1.1426681 9.274519 -123.47429
v -41.98346 7.5399275 -134.21393
v -112.67049 4.075426 -142.00009
v -214.44984 2.5660675 -126.20258
v 121.47287 -2.1272113 -22.264486
v 114.29689 -5.806848 -44.41133
v 102.73236 -9.088251 -64.83261
v 86.29823 -11.863847 -82.86772
v 64.28326 -14.018179 -97.93599
v 36.71832 -15.395659 -109.33912
v 4.160219 -16.13563 -116.99422
v -32.483982 -17.80061 -123.8956
v -112.85433 -20.330477 -134.12721
v -407.9983 -9.626395 -168.87335
v -250.1294 -19.562683 -127.72144
v -289.7835 -21.101856 -100.54896
v -483.18005 -20.411411 -74.771484
v -680.8082 -18.466803 -42.456116
v -688.33057 -19.324648 -9.008882
v 121.29267 -6.5543675 -20.940742
v 113.72776 -14.531114 -41.753834
v 101.538765 -21.849043 -60.898083
v 84.67755 -28.244007 -77.73399
v 63.262283 -33.454174 -91.6802
v 37.718346 -37.189873 -102.1441
v 8.4618435 -39.202477 -108.58873
v -24.509693 -39.880604 -111.98305
v -66.49041 -40.080276 -114.282425
v -212.00107 -39.146156 -113.08795
v -320.89624 -34.0445 -103.03286
v -497.7852 -32.203064 -88.34469
v -484.77936 -38.602173 -64.28329
v -661.151 -31.261936 -37.003895
v -680.6496 -26.86155 -4.270914
v 121.16666 -10.646122 -18.78432
v 113.42312 -22.56736 -37.484226
v 101.104935 -33.555054 -54.64175
v 84.45452 -43.196785 -69.681145
v 63.91473 -51.103493 -82.08726
v 39.69571 -56.85242 -91.37235
v 11.928706 -60.150368 -97.126816
v -19.11986 -61.157566 -99.24255
v -53.78701 -59.721306 -97.83955
v -106.613556 -56.25034 -93.67697
v -504.58392 -42.88104 -80.572945
v -492.6712 -46.61801 -75.428276
v -405.37064 -58.436306 -59.330772
v -615.9103 -43.83003 -32.647106
v -671.1575 -31.843332 1.035905
v 121.09727 -14.245198 -15.881086
v 113.3415 -29.609995 -31.77564
v 101.18901 -43.774082 -46.32511
v 85.022 -56.19932 -59.048115
v 65.29341 -66.394936 -69.52226
v 41.92037 -73.85692 -77.368454
v 14.837976 -79.27777 -82.76832
v -16.007086 -83.17469 -85.85852
v -51.424408 -83.53564 -85.367424
v -123.94611 -86.89664 -80.67928
v -195.82661 -74.66486 -69.69676
v -256.56223 -68.042206 -62.67152
v -341.5754 -72.2096 -53.610435
v -541.7798 -53.07235 -27.62616
v -658.36206 -35.76469 6.8500366
v 121.079384 -17.214869 -12.344022
v 113.4093 -35.398026 -24.851181
v 101.52961 -52.14356 -36.273846
v 85.86322 -66.8178 -46.243946
v 66.6201 -78.84607 -54.44383
v 43.672894 -87.76926 -60.64268
v 16.880901 -95.055565 -65.5284
v -13.923107 -101.45665 -69.42188
v -51.34931 -104.245705 -70.26399
v -439.1676 -101.69787 -66.403366
v -218.97412 -92.37859 -59.016045
v -212.49686 -79.90538 -49.407024
v -315.01025 -80.13044 -40.581673
v -496.78918 -64.00577 -23.128103
v -639.1042 -39.03922 13.5006275
v 124.300766 1.8049262 0.9314546
v 121.103714 -19.443825 -8.308789
v 113.55216 -39.721962 -16.975346
v 101.91988 -58.374004 -24.868841
v 86.58366 -74.70015 -31.746143
v 67.435555 -88.06171 -37.400017
v 44.54229 -97.94423 -41.68215
v 17.87196 -105.64517 -45.31661
v -12.69991 -112.12958 -48.802692
v -48.0104 -114.110825 -50.116035
v -138.14642 -124.2544 -47.44889
v -190.09459 -105.838875 -42.82735
v -211.38335 -88.098335 -36.527943
v -333.47134 -79.51426 -26.433105
v -496.46936 -63.546265 -9.771672
v -609.1759 -42.490337 21.263641
v 121.16047 -20.849926 -3.928612
v 113.71437 -42.42927 -8.44459
v 102.23394 -62.254738 -12.535398
v 86.922485 -79.58489 -16.089207
v 67.54735 -93.74736 -19.012283
v 44.36354 -104.16262 -21.22366
v 17.595669 -111.107574 -23.03631
v -12.627501 -115.38062 -24.938622
v -46.09061 -114.90116 -25.735037
v -87.91895 -110.56263 -24.381044
v -144.72559 -101.09099 -23.511423
v -265.00787 -87.75723 -22.297707
v -445.27927 -71.15791 -12.093079
v -492.9614 -61.46738 -2.3197396
v -568.5236 -47.717354 28.802628
v 121.241806 -21.382877 0.6313984
v 113.86677 -43.42871 0.42318287
v 102.42555 -63.660362 0.27078354
v 86.85642 -81.31936 0.15302585
v 66.99661 -95.72884 0.04780334
v 43.256226 -106.33223 -0.065491915
v 16.100586 -112.64746 -0.19928616
v -13.979378 -114.64983 -0.4853421
v -46.656963 -111.86352 -0.5965348
v -82.14463 -105.099434 -0.5408063
v -156.53151 -95.78276 -3.9827309
v -491.65454 -72.54582 -5.5516686
v -478.2024 -64.4707 2.4692445
v -474.97177 -59.15919 7.6062045
v -524.194 -47.954838 36.08941
v 121.343124 -21.025745 5.2002482
v 114.006424 -42.692993 9.299942
v 102.49566 -62.55488 13.079802
v 86.500114 -79.86425 16.388048
v 66.02846 -93.96647 19.086998
v 41.665104 -104.42439 21.125433
v 13.994073 -111.18365 22.74266
v -16.398636 -113.29967 23.466913
v -48.926716 -109.961975 22.76931
v -84.02631 -102.407265 21.48264
v -161.61928 -91.67904 15.801648
v -402.14767 -72.539734 10.369907
v -334.84622 -67.701096 16.928137
v -391.7342 -62.090702 18.071648
v -487.19592 -42.755447 39.703236
v 121.46284 -19.795145 9.607221
v 114.15018 -40.259357 17.859367
v 102.50164 -58.995396 25.425125
v 86.11857 -75.29851 32.030273
v 65.26926 -88.56128 37.430145
v 40.48998 -99.14941 42.054585
v 12.356921 -107.50385 46.452267
v -18.631428 -111.48824 49.210815
v -58.684326 -107.64133 48.46365
v -129.3931 -95.26644 44.39266
v -190.34218 -87.74537 37.16401
v -236.34222 -78.811066 34.28118
v -261.58444 -68.160576 34.370823
v -330.93103 -61.19896 33.076237
v -457.4502 -41.179924 43.147057
v 121.60113 -17.74038 13.68792
v 114.325615 -36.22791 25.788538
v 102.55992 -53.132042 36.86106
v 86.04192 -67.817474 46.52185
v 65.001175 -79.805016 54.461105
v 39.97764 -90.18911 61.535797
v 11.515164 -99.74025 68.48089
v -19.997435 -105.3295 73.09173
v -85.059 -98.72861 72.78538
v -430.59076 -111.40032 68.51084
v -328.32162 -103.96914 62.276466
v -248.6579 -85.42309 55.6137
v -243.81314 -67.24029 50.49651
v -300.79303 -57.76441 45.690456
v -435.38937 -39.66852 47.71298
v 121.7584 -14.94128 17.290052
v 114.56127 -30.757475 32.798912
v 102.80196 -45.19993 46.98019
v 86.335594 -57.723114 59.344128
v 65.30662 -67.90774 69.46175
v 40.252686 -76.83591 78.03961
v 11.745963 -85.508194 85.88193
v -19.711332 -91.166016 91.04066
v -71.50847 -87.63559 91.09393
v -227.78761 -85.07608 86.89283
v -301.37988 -92.37985 79.94087
v -267.0882 -80.542595 72.09994
v -251.72746 -60.08872 65.06504
v -293.5106 -50.913567 56.186207
v -422.39795 -35.705467 52.09363
v 121.933304 -11.504893 20.278696
v 114.877106 -24.058811 38.635952
v 103.26006 -35.508614 55.424454
v 87.02387 -45.414116 70.051346
v 66.231064 -53.399548 81.96055
v 41.39517 -59.76189 91.12195
v 13.20818 -65.49589 98.169014
v -17.691023 -69.32919 102.2326
v -52.55571 -68.99093 102.3038
v -153.23402 -62.93026 99.20745
v -320.1077 -57.738285 93.532814
v -304.16602 -55.309414 85.96365
v -282.44336 -46.1833 76.40334
v -299.06216 -41.111523 63.893604
v -414.47202 -30.04162 55.472797
v 122.121475 -7.56142 22.540895
v 115.27699 -16.385721 43.086945
v 103.92076 -24.428793 61.900043
v 88.09811 -31.368952 78.2884
v 67.76975 -36.921665 91.6097
v 43.39008 -40.87779 101.32364
v 15.751657 -43.403835 107.285774
v -14.440889 -44.45924 109.82017
v -47.694252 -43.680855 110.37922
v -102.58926 -41.280434 109.64334
v -411.99203 -30.129953 104.57942
v -339.83322 -32.520763 95.82493
v -284.9746 -30.782536 83.50509
v -298.39606 -29.46083 68.76134
v -409.17908 -23.322176 58.178383
v 122.31505 -3.2592976 23.989534
v 115.744125 -8.024213 45.98651
v 104.746735 -12.374664 66.1847
v 89.5131 -16.12218 83.799164
v 69.86876 -19.066662 98.10244
v 46.161114 -21.06302 108.46028
v 19.019665 -22.034515 114.45268
v -11.737296 -21.963142 117.12831
v -46.29364 -20.863821 119.017876
v -127.39693 -17.534458 121.06488
v -278.22412 -21.483679 117.127716
v -249.0925 -18.12057 102.48017
v -247.92268 -14.761884 87.45879
v -288.40308 -16.316782 71.71716
v -405.82733 -15.904835 60.412968
v 122.50292 1.2404015 24.56637
v 116.239944 0.71927637 47.220364
v 105.70805 0.21517837 68.125114
v 91.17724 -0.23236278 86.420845
v 72.423 -0.5039453 101.2899
v 49.46998 -0.49253705 111.97133
v 22.03447 -0.14938727 117.94003
v -11.269003 0.4047882 120.62141
v -82.348465 0.12310548 124.08851
v -447.88727 -5.9379654 140.43686
v -432.9311 -8.345892 129.8206
v -268.11185 -1.6445616 106.7705
v -234.22913 2.730926 89.32713
v -281.9089 -2.2030928 73.27757
v -404.78925 -8.013399 62.24379
v 122.67254 5.769379 24.244398
v 116.7087 9.52933 46.727642
v 106.68351 12.901738 67.6302
v 92.93053 15.760272 86.06147
v 75.16511 18.129417 101.10807
v 52.39205 20.134235 111.83371
v 24.345114 21.829283 117.469604
v -15.502144 22.934345 119.41042
v -322.72592 6.118358 129.30061
v -465.40793 10.394886 133.27248
v -311.2143 9.405471 119.73529
v -225.70093 20.567818 104.62925
v -224.13547 20.932137 88.08747
v -283.41666 11.661997 73.14198
v -406.9056 0.10312717 63.470848
v 122.81195 10.157842 23.029266
v 117.08863 18.091036 44.503193
v 107.49443 25.266533 64.67342
v 94.40265 31.378914 82.67578
v 77.22805 36.324287 97.53609
v 54.47134 40.27933 108.04743
v 25.616026 43.353947 113.067444
v -109.33579 42.824688 160.86708
v -99.721 44.724724 115.55614
v -160.26906 40.50529 115.97857
v -220.35617 47.842197 120.29718
v -248.1954 45.024715 99.86477
v -235.54694 37.67447 83.66054
v -287.72607 24.355427 70.84769
v -412.9494 8.368469 63.82001
v 122.912636 14.24034 20.960041
v 117.32885 26.096395 40.600147
v 107.97231 36.915344 59.29951
v 94.993004 46.235466 76.3035
v 77.65673 53.808083 90.59992
v 54.547813 59.800247 100.615166
v 24.565977 64.32781 104.85878
v -11.072977 67.71353 105.08268
v -86.572495 65.70035 104.507866
v -378.6709 70.53449 102.32939
v -438.55814 74.664764 96.174255
v -344.03613 62.0209 86.7049
v -262.16022 51.62205 75.61336
v -296.98294 35.040745 66.1703
v -422.14435 16.537884 62.968414
v 122.9713 17.86105 18.108965
v 117.40854 33.24805 35.132034
v 107.99929 47.46126 51.637203
v 94.35523 60.017548 67.13317
v 75.91628 70.606255 80.64064
v 51.56713 79.123795 90.12485
v 20.220114 84.701515 93.09154
v -16.94797 87.01136 91.30383
v -123.09354 81.38729 89.09096
v -286.91473 81.12402 85.08672
v -263.90753 80.19221 78.4934
v -250.57878 72.99907 70.64894
v -255.40337 62.05597 64.19096
v -306.94476 43.741222 59.004272
v -434.5003 24.194921 60.632595
v -630.44354 -5.130598 38.600918
v 122.99103 20.879587 14.58018
v 117.34989 39.264088 28.273983
v 107.49077 56.498756 41.902733
v 92.60395 72.33128 55.463345
v 72.214165 86.80917 68.55681
v 45.67105 99.005745 78.46445
v 13.063932 103.86577 78.29868
v -24.27354 102.80838 72.382996
v -88.795395 97.85315 69.94338
v -163.82834 94.686905 63.414845
v -195.9012 88.72517 58.665936
v -219.56259 80.05099 53.342823
v -246.13882 68.42034 50.368767
v -315.28046 50.372753 49.567097
v -450.78305 31.04198 56.747856
v 122.979904 23.176632 10.507071
v 117.250015 43.91969 20.237885
v 106.711105 63.601723 30.324244
v 90.32218 82.40686 41.374367
v 67.59528 101.35022 54.382034
v 38.500065 117.56747 65.04918
v 4.830901 118.76399 58.124573
v -33.193626 116.21757 48.984848
v -145.70667 110.193436 48.766376
v -428.59753 107.67376 36.17515
v -301.43442 98.0478 36.13056
v -248.60963 86.45564 34.618008
v -258.12683 72.77873 35.2267
v -328.76694 54.270885 38.47812
v -472.82227 36.678837 51.445328
v 122.9697 24.67902 6.0315814
v 117.3124 47.112816 11.233907
v 106.28357 68.554085 17.016449
v 88.55798 89.18568 24.42712
v 63.915897 110.29339 34.51185
v 32.95352 126.14536 40.1856
v -2.8742692 128.12045 30.276924
v -44.145874 129.24632 23.939522
v -145.91418 125.52319 24.152634
v -228.07878 120.376144 18.537766
v -262.05026 109.35785 17.294422
v -251.50508 94.18369 16.277298
v -268.29456 76.57052 19.639868
v -349.4178 56.17892 26.321478
v -505.67432 40.12082 44.68993
v 122.97566 25.330973 1.3259133
v 117.57973 48.667057 1.6617844
v 106.7142 71.1944 2.3789651
v 88.5516 92.34861 4.6291423
v 62.682312 112.323135 8.3434305
v 30.292452 127.20343 7.093333
v -9.6056 133.82492 0.60160536
v -53.743343 137.17372 -2.1038404
v -113.69483 135.26535 -2.03688
v -163.41463 128.40909 -1.6515927
v -204.36954 115.974174 -1.116132
v -234.2495 100.54374 -0.29624486
v -272.87357 79.414604 4.369387
v -374.58685 56.93189 14.72675
v -549.68964 40.287376 37.00374
v 122.98141 25.086964 -3.406541
v 118.09266 48.53476 -8.077818
v 108.24309 71.48121 -12.8027725
v 90.97002 92.52695 -16.387703
v 64.58774 111.314865 -18.587826
v 30.536268 127.95702 -23.549957
v -37.587986 139.26077 -27.03252
v -165.81192 138.66992 -27.038979
v -278.91043 123.349396 -25.499105
v -282.0698 117.43198 -23.2088
v -255.24484 108.45333 -20.547005
v -253.52675 98.80799 -16.923822
v -284.27194 80.39844 -10.046758
v -403.9177 58.00118 3.9945593
v -595.9929 37.240253 28.386875
v 122.96327 23.93758 -7.9610276
v 118.71384 46.61384 -17.445963
v 110.64557 69.30448 -27.473463
v 95.52896 89.90758 -36.500397
v 69.25043 107.796104 -43.111618
v 33.14899 126.48216 -50.122753
v -23.97447 130.46478 -52.429424
v -121.21171 125.57309 -50.760586
v -281.83047 109.934044 -47.934216
v -350.00522 109.326996 -44.096367
v -267.97055 98.92641 -39.29223
v -270.6804 92.82598 -32.914524
v -302.72678 78.535645 -23.97998
v -440.9741 59.25476 -7.060175
v -637.1116 30.625595 16.709545
v 122.8959 21.913372 -12.144472
v 119.18955 42.847305 -25.916304
v 113.19092 64.394615 -40.56815
v 100.884346 83.789246 -53.877163
v 74.74038 99.50828 -63.55442
v 35.47298 117.757256 -72.371025
v -18.553988 116.65511 -74.66235
v -72.86759 107.48885 -72.24433
v -123.063896 102.11535 -68.54499
v -159.17223 97.47297 -63.350746
v -195.0204 91.32144 -56.431
v -242.94217 83.567314 -47.515446
v -316.61838 71.60014 -38.290752
v -497.81308 60.1469 -18.540604
v -663.10956 24.152988 7.358877
v 122.759865 19.08636 -15.786922
v 119.26488 37.30177 -33.086056
v 114.814964 56.48682 -51.178394
v 105.18333 73.71153 -67.46997
v 79.35452 86.42126 -79.283035
v 36.389637 100.86166 -89.808365
v -18.78554 102.42513 -94.012535
v -69.717964 93.509056 -91.73264
v -110.13435 87.80862 -87.448265
v -145.68288 82.748795 -81.345436
v -182.2101 76.51452 -72.867455
v -231.20126 68.91742 -62.054077
v -337.95087 59.31355 -53.233917
v -576.649 50.058765 -27.394281
v -675.90686 19.519222 1.4671726
v 122.549965 15.568565 -18.749544
v 118.76688 30.158163 -38.66877
v 114.59999 45.728153 -58.876434
v 106.29859 59.791965 -76.96401
v 81.28789 69.63664 -90.49551
v 36.70483 80.05989 -103.04025
v -17.06939 85.42619 -112.18005
v -66.90645 78.41296 -113.063156
v -113.43024 72.42552 -108.17789
v -194.73512 67.890656 -102.46242
v -182.54774 62.443314 -91.18485
v -268.3339 52.886547 -90.14062
v -363.2956 44.2551 -66.138756
v -643.0328 36.313274 -34.819633
v -683.50793 15.403307 -2.987356
v 122.279976 11.507192 -20.928877
v 117.73281 21.784641 -42.5629
v 112.222435 32.74296 -63.703213
v 102.85147 42.79563 -82.63733
v 78.87678 49.94645 -97.52609
v 36.808773 57.153664 -111.05012
v -12.84642 64.18927 -124.04325
v -60.37114 60.083965 -129.2513
v -204.94516 54.45887 -137.06442
v -161.4713 50.563152 -117.21863
v -182.56749 46.35322 -106.40785
v -256.11908 37.386143 -98.16267
v -387.1375 28.505888 -76.49159
v -673.4578 25.388992 -39.63198
v -688.97644 10.522275 -7.0312786
v 121.982254 7.076689 -22.257734
v 116.42636 12.679702 -44.794453
v 108.4062 18.537043 -66.0121
v 96.22793 24.092743 -85.06067
v 73.133354 28.4114 -100.74526
v 36.641193 32.619316 -113.693855
v -7.0287347 37.354954 -127.22946
v -51.459972 35.603085 -136.84375
v -94.680954 31.31293 -136.01288
v -135.50089 28.692875 -128.20386
v -172.15564 26.41065 -115.36638
v -231.03455 19.31974 -98.24619
v -406.46796 10.960461 -82.52142
v -685.4522 12.59723 -43.671013
v -692.796 2.9223707 -10.459151
v 121.70052 2.468212 -22.704138
v 115.19871 3.347533 -45.408783
v 89.94244 5.481737 -85.00716
v 36.34047 7.9699464 -112.85299
v -218.95454 3.1495044 -145.52353
v -237.53276 -1.9937133 -101.25645
v -437.5382 -5.5435023 -81.493546
v -687.96686 -3.156883 -45.177418
v -693.0644 -8.307605 -11.540736
v 91.78984 5.3609996 -57.88866
v 56.36356 7.714672 -88.038414
v -8.859823 9.966478 -109.42291
v -48.9047 7.42267 -120.553154
v -135.70155 3.257515 -130.41502
v -185.59132 2.3037179 -104.61656
v 105.53108 -0.90442324 -19.153177
v 99.37643 -3.9272587 -38.483906
v 89.27019 -6.6618147 -56.277176
v 74.617546 -8.928128 -72.036026
v 54.294266 -10.637511 -85.208244
v 28.126083 -11.678757 -95.179344
v -3.0836747 -12.438471 -102.39867
v -38.831844 -14.369848 -109.48482
v -128.94746 -16.937975 -119.86007
v -216.39658 -17.568594 -121.22658
v -218.77567 -16.927195 -98.3836
v -277.92334 -16.615536 -83.71216
v -439.0452 -18.362528 -60.59396
v -678.1048 -12.791957 -27.835354
v -683.496 -12.132996 -10.757183
v 105.27579 -4.7804184 -17.995087
v 98.61813 -11.577567 -36.150455
v 87.86826 -17.813902 -52.845303
v 72.845215 -23.261568 -67.52262
v 53.455666 -27.675316 -79.65908
v 29.738302 -30.812292 -88.764565
v 1.8506609 -32.535778 -94.48021
v -30.36419 -33.343273 -98.00176
v -72.67492 -33.70745 -100.30022
v -211.36533 -32.004677 -94.48788
v -293.97638 -27.782139 -85.786804
v -350.86823 -28.209333 -77.05248
v -416.23956 -32.6857 -52.73583
v -663.51324 -21.087296 -24.319601
v -679.97784 -16.186651 -8.711615
v 105.11244 -8.344352 -16.133392
v 98.192986 -18.593485 -32.44698
v 87.2253 -28.045002 -47.4006
v 72.245605 -36.33166 -60.49612
v 53.476585 -43.097984 -71.27031
v 31.233957 -48.003815 -79.32033
v 5.5494456 -51.034798 -84.44494
v -24.389612 -52.175068 -86.51025
v -59.177418 -50.893356 -85.46213
v -115.37917 -47.174984 -81.488625
v -299.02505 -40.308178 -72.45795
v -337.0388 -41.23743 -67.78302
v -375.84738 -47.071724 -49.584785
v -622.1323 -31.20968 -21.66977
v -673.9492 -20.095118 -5.308329
v 105.02065 -11.483081 -13.623727
v 98.03572 -24.746237 -27.494846
v 87.14226 -36.974422 -40.172596
v 72.442184 -47.685886 -51.245426
v 54.249527 -56.44059 -60.332462
v 32.80175 -62.982483 -67.18907
v 7.876411 -68.35156 -72.22488
v -20.994917 -72.28867 -75.25628
v -56.450977 -72.50292 -74.7792
v -118.22274 -71.36391 -70.320076
v -190.64944 -59.754543 -60.161682
v -248.35938 -56.985184 -54.44821
v -330.16675 -58.70507 -46.42964
v -543.8038 -38.84574 -20.398714
v -663.8524 -23.742117 -0.28105685
v 104.997955 -14.078264 -10.563642
v 98.08749 -29.808817 -21.488615
v 87.384544 -44.287296 -31.445078
v 72.98855 -56.949924 -40.123726
v 55.200768 -67.296196 -47.236626
v 34.20515 -75.23414 -52.72698
v 9.669501 -82.42102 -57.410072
v -18.874693 -88.71127 -61.216602
v -56.198544 -91.607056 -62.007324
v -159.05511 -102.57519 -58.224934
v -156.26631 -77.71089 -51.32599
v -207.56741 -67.59945 -43.108967
v -301.85315 -63.873154 -36.413097
v -487.23373 -48.86058 -20.55832
v -646.3172 -26.720242 6.76899
v 108.00446 2.3127804 1.0240601
v 105.0362 -16.033129 -7.070634
v 98.27401 -33.599716 -14.657929
v 87.75377 -49.735462 -21.548164
v 73.55382 -63.826546 -27.5424
v 55.932457 -75.33283 -32.45192
v 35.117252 -84.04372 -36.25938
v 10.904529 -91.4949 -39.814953
v -17.143976 -97.80884 -43.237576
v -51.064404 -99.786385 -44.547794
v -121.28839 -104.295784 -42.114227
v -149.91339 -86.68511 -38.305256
v -209.09253 -73.38649 -32.745712
v -303.83362 -63.800232 -24.296001
v -468.80585 -50.273674 -9.384074
v -616.0565 -29.78105 15.384293
v 105.12388 -17.276325 -3.2771904
v 98.52154 -35.98697 -7.2592645
v 88.117065 -53.140434 -10.849045
v 73.95084 -68.1001 -13.961436
v 56.254402 -80.30519 -16.510803
v 35.346657 -89.304085 -18.446613
v 11.311859 -95.76088 -20.259918
v -16.082468 -99.939835 -22.19795
v -47.23221 -99.56491 -23.106401
v -86.68965 -94.809135 -22.122803
v -144.16217 -84.72311 -22.135008
v -247.66856 -72.766556 -20.889883
v -318.5164 -61.50672 -13.392153
v -433.9334 -50.52964 -5.389216
v -572.50134 -35.741634 22.015272
v 105.249405 -17.764114 0.67410356
v 98.79037 -36.89303 0.43298897
v 88.41511 -54.398045 0.25966755
v 74.12866 -69.64455 0.12518843
v 56.162598 -82.069725 0.010798892
v 34.928116 -91.18705 -0.09525311
v 10.780773 -96.69809 -0.25363317
v -16.177841 -98.62193 -0.64461714
v -46.28403 -96.21605 -0.9447359
v -80.859474 -89.95042 -1.2909031
v -156.18634 -81.00738 -5.3650894
v -298.11475 -67.25062 -7.628418
v -313.16534 -58.40072 -1.647563
v -394.02725 -50.604767 -1.1995927
v -525.054 -37.043297 27.375895
v 105.402626 -17.481508 4.6356797
v 99.06556 -36.295708 8.136133
v 88.65317 -53.48207 11.373672
v 74.146545 -68.43062 14.207661
v 55.801746 -80.59665 16.51645
v 34.129765 -89.73312 18.363426
v 9.646565 -95.78683 19.948246
v -17.382618 -97.73026 20.660774
v -47.08088 -94.6609 19.877522
v -80.60441 -87.548164 18.264359
v -152.0643 -77.1646 12.686193
v -268.684 -63.89831 8.3436365
v -282.0409 -56.224747 11.639075
v -359.41248 -50.05178 9.831046
v -485.37164 -31.247255 30.106709
v 105.575584 -16.44249 8.460267
v 99.35119 -34.228214 15.569201
v 88.88221 -50.44537 22.091824
v 74.13716 -64.528946 27.780163
v 55.41058 -76.03565 32.461693
v 33.297085 -85.52249 36.705353
v 8.365395 -93.11636 40.811565
v -19.086319 -96.85582 43.445488
v -52.870163 -93.816605 42.742626
v -101.664154 -83.43546 39.144165
v -156.79909 -74.672615 31.844688
v -216.7747 -63.731636 26.30327
v -250.89348 -54.765125 25.626175
v -325.1087 -48.78756 22.725082
v -455.9293 -29.970852 32.969036
v 105.76225 -14.689072 12.006039
v 99.66178 -30.777416 22.462847
v 89.17479 -45.41831 32.03113
v 74.26325 -58.10883 40.36107
v 55.259323 -68.589905 47.283085
v 32.801563 -78.050095 53.739742
v 7.4916368 -86.78706 60.120384
v -20.427671 -92.08233 64.49704
v -69.94842 -87.60261 64.324875
v -182.82938 -78.3116 59.597656
v -184.03989 -72.8414 52.330418
v -197.25922 -63.543858 44.69729
v -231.50587 -52.9714 39.92541
v -301.15247 -46.50199 33.7845
v -434.80948 -29.562258 36.934406
v 105.957565 -12.289441 15.141496
v 100.01255 -26.07996 28.56866
v 89.60004 -38.6033 40.84101
v 74.674324 -49.43208 51.51252
v 55.590298 -58.34348 60.300694
v 33.08316 -66.55257 68.043144
v 7.70768 -74.57488 75.20896
v -20.180878 -79.97121 80.07955
v -65.44205 -77.31368 80.28726
v -190.37303 -67.80567 76.04209
v -204.20587 -67.4293 68.90164
v -204.65215 -59.75037 60.909237
v -227.97275 -48.280388 53.409115
v -288.94922 -41.94932 43.059647
v -420.34537 -27.317318 40.639057
v 106.15635 -9.3351755 17.749918
v 100.41039 -20.316332 33.66736
v 90.20186 -30.26603 48.21551
v 75.46972 -38.842037 60.857704
v 56.571873 -45.756996 71.12312
v 34.269665 -51.599712 79.23965
v 9.196241 -57.007664 85.62346
v -18.426096 -60.709084 89.45404
v -50.807903 -60.567867 89.87424
v -128.34563 -55.245262 87.26808
v -232.01917 -50.894096 81.80154
v -225.629 -47.18187 74.07712
v -236.8838 -39.27399 63.850723
v -284.6283 -34.889935 50.031757
v -410.43347 -23.39614 43.359825
v 106.35245 -5.937622 19.733261
v 100.8472 -13.703012 37.575264
v 90.983116 -20.723272 53.902454
v 76.673355 -26.74792 68.09395
v 58.21291 -31.54866 79.57928
v 36.309425 -35.00497 87.93821
v 11.543487 -37.41712 93.17898
v -16.235077 -38.574455 95.75061
v -47.363506 -38.07275 96.842285
v -94.92354 -36.300415 96.6294
v -231.33383 -34.187073 91.69771
v -227.43373 -30.707224 82.90433
v -237.87631 -26.980032 70.411415
v -282.50497 -25.561308 54.83429
v -404.14157 -18.397879 45.46134
v 106.53837 -2.223811 21.015379
v 101.29738 -6.4832754 40.14901
v 91.89775 -10.327089 57.708305
v 78.221756 -13.603294 72.99856
v 60.45852 -16.158 85.358475
v 38.90519 -17.862919 94.23256
v 13.8085 -18.651873 99.28682
v -14.6461 -18.55106 101.93088
v -46.604404 -17.529581 104.085785
v -107.026726 -15.028014 105.68224
v -197.8316 -14.879793 100.86342
v -201.55232 -13.485868 88.405975
v -225.91576 -12.121157 74.20235
v -280.7594 -14.344434 57.967484
v -401.17578 -12.803914 47.23627
v 106.70564 1.66812 21.544674
v 101.719444 1.0827255 41.288486
v 92.85077 0.5534886 59.498306
v 79.96091 0.122561745 75.42389
v 62.89141 -0.12177465 88.31234
v 41.406452 -0.0739619 97.46157
v 15.830464 0.28519398 102.46658
v -14.053121 0.8125341 105.20401
v -59.22952 0.9770783 108.42522
v -205.84225 2.4576125 115.43518
v -226.09973 0.6690877 106.965935
v -197.68806 4.773063 91.708115
v -219.77937 4.1733723 75.89667
v -280.9917 -2.081329 59.560894
v -401.36017 -6.956966 48.8006
v 106.84596 5.5936456 21.296013
v 102.0657 8.727066 40.938374
v 93.70742 11.55171 59.193363
v 81.46616 13.98378 75.29154
v 64.815056 16.045582 88.384514
v 43.333824 17.850336 97.536934
v 17.141457 19.393147 102.119644
v -16.425346 20.669529 104.3549
v -91.81148 20.720272 108.38021
v -192.98412 18.210262 112.58564
v -193.69014 18.710312 104.64779
v -186.71347 23.396313 90.609825
v -218.43605 20.169828 74.930855
v -283.02133 10.043291 59.369267
v -404.5766 -1.0816712 50.046803
v 106.952835 9.406457 20.272137
v 102.310394 16.180077 39.088604
v 94.21749 22.320255 56.775154
v 82.231285 27.597782 72.58526
v 65.77741 31.950712 85.55651
v 44.060005 35.519077 94.43668
v 16.940826 38.36466 98.46178
v -19.589685 40.788197 101.85396
v -77.003784 41.22611 102.23606
v -142.1009 39.525562 103.04813
v -181.15114 42.917915 96.77919
v -206.68597 40.56876 84.98926
v -224.94559 34.204998 70.8525
v -286.91034 21.003553 57.06115
v -410.77655 4.8072014 50.708134
v 107.023346 12.963187 18.504433
v 102.4146 23.177233 35.77825
v 94.14324 32.535393 52.29019
v 81.98496 40.67268 67.35159
v 65.239586 47.429775 79.88602
v 42.81479 52.879124 88.23172
v 14.461548 56.983925 91.48463
v -18.892076 60.00637 91.74259
v -95.33379 57.60331 91.94
v -259.07623 59.372 90.13133
v -265.18192 59.599052 83.99331
v -228.27713 54.304413 74.18614
v -232.95984 45.386204 63.55234
v -292.7805 30.015541 52.427547
v -420.00632 10.768721 50.398922
v 107.059364 16.128094 16.053026
v 102.307846 29.463099 31.100426
v 93.51699 41.872887 45.833755
v 80.60172 52.97904 59.748356
v 62.814705 62.57378 71.73575
v 39.041958 70.2566 79.501495
v 9.386051 74.82902 81.129295
v -26.36406 76.55728 79.50411
v -118.09024 71.896774 77.60749
v -189.96423 72.32266 73.57517
v -194.99394 69.97346 67.23791
v -205.61783 63.159676 59.46333
v -233.97272 53.135906 53.115772
v -300.80026 36.623802 45.569702
v -432.51227 16.886768 48.585823
v -634.84576 -6.0927753 24.54595
v 107.083145 18.791706 12.994784
v 102.06262 34.807728 25.179945
v 92.496185 49.97133 37.542652
v 78.29215 64.17798 49.987274
v 58.722897 77.4217 61.82722
v 33.085445 87.78251 69.299065
v 2.3260648 90.78116 67.18118
v -33.084095 89.99475 62.401512
v -94.95987 85.71173 60.544323
v -149.01883 83.088905 54.46579
v -174.58136 77.27175 49.48215
v -199.80621 68.94177 43.59587
v -238.36548 57.791683 40.598
v -311.48102 40.710876 36.804817
v -449.10074 23.461338 45.116737
v 107.126854 20.868237 9.42753
v 101.89594 39.077785 18.126223
v 91.5041 56.52082 27.471983
v 75.70434 73.49965 37.979557
v 54.053833 90.69117 49.69488
v 26.475983 102.86683 55.801765
v -5.358067 103.31377 48.222637
v -41.927425 101.98534 41.972347
v -142.25398 96.88033 41.12396
v -212.44766 93.053925 33.436966
v -202.12894 84.9787 30.753448
v -212.89021 74.507195 27.491692
v -247.77438 61.342167 26.967054
v -326.27084 43.044456 26.530897
v -471.6161 29.891863 40.111683
v 107.186615 22.265108 5.4962616
v 101.931694 42.070835 10.195615
v 91.09512 61.225304 15.707076
v 73.94984 79.90166 23.07619
v 50.510513 98.798134 31.96626
v 21.300974 110.664925 33.517
v -12.693046 112.9594 24.519655
v -53.81167 113.994255 20.755934
v -161.75443 110.70894 19.569487
v -197.54056 105.30466 14.911973
v -206.72282 94.681694 13.349177
v -219.4478 80.82858 11.388455
v -257.42126 64.28327 13.303262
v -347.39334 43.75199 15.726534
v -505.54672 32.907017 34.60334
v 107.252205 22.91191 1.3676132
v 102.322136 43.69864 1.658714
v 91.76348 63.91759 2.567294
v 74.11464 83.00899 5.2672057
v 49.295387 100.9466 8.617322
v 18.429028 113.43238 5.8633
v -19.277111 119.07109 -0.34136647
v -62.216335 121.91496 -2.1787922
v -124.49997 119.73818 -2.7368574
v -163.42828 112.91356 -2.7697196
v -193.47377 101.33705 -3.0244913
v -221.68057 86.20817 -3.1951606
v -268.35434 65.98159 0.3248468
v -373.47345 43.664867 8.474527
v -551.07056 30.29196 30.303143
v 107.309784 22.766396 -2.7800028
v 103.028404 43.810562 -7.0259557
v 93.7045 64.53174 -11.19516
v 76.7242 83.388275 -13.832288
v 50.82656 100.39423 -15.483177
v 17.954214 114.5184 -20.453003
v -25.846266 119.25228 -23.9211
v -85.083725 120.207436 -24.091316
v -189.82796 115.76377 -22.859901
v -200.90964 108.44649 -21.202732
v -208.41768 98.82407 -19.485973
v -231.68494 86.37358 -16.951607
v -280.96216 65.506676 -11.957363
v -403.82346 44.1198 3.2682192
v -599.3268 24.572094 23.433767
v 107.3426 21.826939 -6.774344
v 103.91578 42.33374 -15.393416
v 96.637955 62.947315 -24.543053
v 81.38247 81.169304 -32.043903
v 54.72045 97.654465 -37.509827
v 19.338022 112.65776 -43.612778
v -28.307146 111.99756 -45.647118
v -92.17123 108.10868 -44.485558
v -166.66768 104.405556 -42.12474
v -187.36484 98.57639 -38.95199
v -205.91133 91.08799 -35.09635
v -236.50908 80.95453 -29.83521
v -295.8907 62.12197 -23.74665
v -441.3892 45.14843 -5.37061
v -641.16986 16.760113 10.874047
v 107.31386 20.11308 -10.439914
v 104.67943 39.187862 -22.932745
v 99.68939 58.849163 -36.335663
v 86.66905 75.687546 -47.52465
v 59.15939 90.526474 -55.87944
v 20.79932 105.21743 -63.02165
v -28.815067 100.86195 -64.75599
v -77.33436 93.50523 -62.95334
v -118.69301 88.59188 -59.790527
v -152.76823 84.366356 -55.200516
v -188.63823 79.475426 -49.16606
v -232.40771 70.73729 -41.442375
v -314.86777 55.15928 -35.43513
v -498.54208 46.114887 -14.951012
v -664.3389 10.716575 1.529809
v 107.18693 17.678679 -13.619584
v 104.984955 34.387363 -29.23577
v 101.671776 51.99732 -45.726475
v 90.82665 66.730865 -59.51462
v 62.66597 78.69788 -69.93703
v 21.799831 91.44452 -78.68073
v -28.329544 89.454346 -82.148865
v -74.3222 81.49149 -80.36973
v -112.74941 76.27966 -76.75383
v -148.61699 71.23338 -71.341446
v -185.36336 65.36574 -63.6754
v -233.22406 56.94112 -53.986824
v -339.73615 44.830822 -46.682453
v -579.4997 35.44205 -19.327711
v -675.09753 6.6338058 -4.001863
v 106.948326 14.619351 -16.190432
v 104.612144 28.100033 -34.05899
v 101.61092 42.52954 -52.391945
v 91.89829 54.5296 -67.8805
v 64.2891 63.523983 -79.80468
v 22.92142 73.58235 -91.02988
v -25.624613 76.02155 -99.11734
v -71.55782 68.90605 -99.88805
v -111.45019 63.346527 -95.66941
v -146.98283 58.809887 -88.8235
v -183.43674 53.141846 -79.395744
v -234.6594 42.966755 -66.83161
v -366.45917 33.706284 -55.998577
v -647.8742 21.244379 -23.786259
v -680.89044 3.1735296 -7.722561
v 106.62001 11.068038 -18.067358
v 103.55969 20.651978 -37.318977
v 99.28061 30.9879 -56.40592
v 88.9153 39.674507 -72.83351
v 63.195198 46.005543 -85.84131
v 24.237837 53.1927 -98.309105
v -20.935318 58.24731 -110.593414
v -65.69269 53.16737 -115.77293
v -109.49848 47.6947 -112.27208
v -143.19058 43.907326 -103.581184
v -180.43129 39.69654 -92.066414
v -235.98871 29.464874 -76.294975
v -390.57956 21.52195 -62.761898
v -674.15045 11.487907 -26.750696
v -684.0448 -0.363989 -10.130609
v 106.24548 7.187209 -19.202162
v 102.08685 12.515394 -39.08336
v 95.51974 18.243418 -58.083572
v 83.3077 23.220955 -74.7842
v 59.85488 26.98069 -88.380356
v 25.502264 31.091858 -100.23805
v -15.039762 34.772263 -113.73045
v -57.56603 31.67085 -123.638306
v -103.30594 27.037619 -122.971886
v -140.61595 24.604942 -114.104935
v -176.02562 22.574839 -100.1967
v -235.96404 14.581514 -82.08124
v -409.5802 7.7201233 -66.12668
v -681.9662 3.2051027 -28.911993
v -685.3879 -4.11321 -11.419077
v 105.8679 3.140734 -19.565014
v 100.57034 4.1914062 -39.457592
v 77.93328 6.592363 -74.32096
v 26.642313 8.995501 -98.69901
v -189.09912 2.0705998 -125.19092
v -242.15038 -1.8821629 -84.32246
v -428.83545 -5.553531 -65.28931
v -682.7951 -4.774096 -29.386442
v -685.20746 -8.066754 -11.637281
# 964 vertices

vn -0.12629277 0.077541135 -0.9889578
vn -0.28367186 0.4863751 -0.82641965
vn -0.22823662 0.6330479 -0.73970157
vn -0.17221685 0.09123648 -0.9808248
vn 0.31006855 -0.10941268 -0.94439733
vn 0.45826474 -0.1474161 -0.8765055
vn 0.47390553 -0.23619 -0.8483088
vn 0.30837893 -0.22753154 -0.92365134
vn -0.67642534 -0.08717449 -0.73133403
vn -0.12629277 0.077541135 -0.9889578
vn -0.17221685 0.09123648 -0.9808248
vn -0.5091849 -0.55991894 -0.6536219
vn 0.24793631 -0.12877895 -0.9601789
vn 0.31006855 -0.10941268 -0.94439733
vn 0.30837893 -0.22753154 -0.92365134
vn 0.2122849 -0.27130866 -0.93879
vn -0.9234513 -0.13940836 0.3574955
vn -0.67642534 -0.08717449 -0.73133403
vn -0.5091849 -0.55991894 -0.6536219
vn -0.81443745 -0.4532417 0.3623033
vn 0.16261418 -0.14230542 -0.97637385
vn 0.24793631 -0.12877895 -0.9601789
vn 0.2122849 -0.27130866 -0.93879
vn 0.15020941 -0.3664155 -0.91824657
vn 0.9780843 -0.07558913 -0.19400336
vn 0.99904877 -0.040750064 -0.01552456
vn 0.97542477 -0.09577078 -0.19843008
vn -0.30349037 -0.09920673 0.94765586
vn -0.9234513 -0.13940836 0.3574955
vn -0.81443745 -0.4532417 0.3623033
vn 0.06231103 0.03474938 -0.9974517
vn 0.16261418 -0.14230542 -0.97637385
vn 0.15020941 -0.3664155 -0.91824657
vn 0.08975899 -0.44684225 -0.89009845
vn 0.9248342 -0.13162573 -0.35687026
vn 0.9780843 -0.07558913 -0.19400336
vn 0.97542477 -0.09577078 -0.19843008
vn 0.9141533 -0.15823215 -0.37321088
vn -0.17079458 0.8029344 -0.57107407
vn 0.06231103 0.03474938 -0.9974517
vn 0.08975899 -0.44684225 -0.89009845
vn -0.5307571 -0.7189487 -0.4487869
vn 0.8274272 -0.19464411 -0.5267617
vn 0.9248342 -0.13162573 -0.35687026
vn 0.9141533 -0.15823215 -0.37321088
vn 0.80895644 -0.2169618 -0.5463671
vn -0.37620187 0.91001725 -0.17418537
vn -0.17079458 0.8029344 -0.57107407
vn -0.5307571 -0.7189487 -0.4487869
vn -0.6668842 0.74257094 -0.062079653
vn 0.66411215 -0.20457725 -0.71909887
vn 0.8274272 -0.19464411 -0.5267617
vn 0.80895644 -0.2169618 -0.5463671
vn 0.6562085 -0.24600725 -0.7133518
vn -0.28367186 0.4863751 -0.82641965
vn -0.37620187 0.91001725 -0.17418537
vn -0.6668842 0.74257094 -0.062079653
vn -0.22823662 0.6330479 -0.73970157
vn 0.45826474 -0.1474161 -0.8765055
vn 0.66411215 -0.20457725 -0.71909887
vn 0.6562085 -0.24600725 -0.7133518
vn 0.47390553 -0.23619 -0.8483088
vn 0.6562085 -0.24600725 -0.7133518
vn 0.80895644 -0.2169618 -0.5463671
vn 0.79944855 -0.27273032 -0.53525716
vn 0.65425265 -0.32101312 -0.6847656
vn -0.22823662 0.6330479 -0.73970157
vn -0.6668842 0.74257094 -0.062079653
vn -0.33771265 -0.604519 -0.7214617
vn -0.47644264 0.13329896 -0.869042
vn 0.47390553 -0.23619 -0.8483088
vn 0.6562085 -0.24600725 -0.7133518
vn 0.65425265 -0.32101312 -0.6847656
vn 0.4860879 -0.34591246 -0.8025355
vn -0.17221685 0.09123648 -0.9808248
vn -0.22823662 0.6330479 -0.73970157
vn -0.47644264 0.13329896 -0.869042
vn -0.4486639 -0.5323694 -0.7178326
vn 0.30837893 -0.22753154 -0.92365134
vn 0.47390553 -0.23619 -0.8483088
vn 0.4860879 -0.34591246 -0.8025355
vn 0.3128625 -0.3632178 -0.8776046
vn -0.5091849 -0.55991894 -0.6536219
vn -0.17221685 0.09123648 -0.9808248
vn -0.4486639 -0.5323694 -0.7178326
vn -0.30349538 -0.81866837 -0.4875169
vn 0.2122849 -0.27130866 -0.93879
vn 0.30837893 -0.22753154 -0.92365134
vn 0.3128625 -0.3632178 -0.8776046
vn 0.17266093 -0.4003143 -0.8999648
vn -0.81443745 -0.4532417 0.3623033
vn -0.5091849 -0.55991894 -0.6536219
vn -0.30349538 -0.81866837 -0.4875169
vn -0.6253551 -0.66752666 0.4041522
vn 0.15020941 -0.3664155 -0.91824657
vn 0.2122849 -0.27130866 -0.93879
vn 0.17266093 -0.4003143 -0.8999648
vn 0.08405145 -0.4903156 -0.86748254
vn 0.97542477 -0.09577078 -0.19843008
vn 0.99904877 -0.040750064 -0.01552456
vn 0.9734821 -0.120189734 -0.19464615
vn -0.30349037 -0.09920673 0.94765586
vn -0.81443745 -0.4532417 0.3623033
vn -0.6253551 -0.66752666 0.4041522
vn 0.08975899 -0.44684225 -0.89009845
vn 0.15020941 -0.3664155 -0.91824657
vn 0.08405145 -0.4903156 -0.86748254
vn 0.02251096 -0.67170477 -0.74047685
vn 0.9141533 -0.15823215 -0.37321088
vn 0.97542477 -0.09577078 -0.19843008
vn 0.9734821 -0.120189734 -0.19464615
vn 0.9075794 -0.20124292 -0.3685117
vn -0.5307571 -0.7189487 -0.4487869
vn 0.08975899 -0.44684225 -0.89009845
vn 0.02251096 -0.67170477 -0.74047685
vn -0.17652094 -0.89419836 -0.41139957
vn 0.80895644 -0.2169618 -0.5463671
vn 0.9141533 -0.15823215 -0.37321088
vn 0.9075794 -0.20124292 -0.3685117
vn 0.79944855 -0.27273032 -0.53525716
vn -0.6668842 0.74257094 -0.062079653
vn -0.5307571 -0.7189487 -0.4487869
vn -0.17652094 -0.89419836 -0.41139957
vn -0.33771265 -0.604519 -0.7214617
vn 0.08405145 -0.4903156 -0.86748254
vn 0.17266093 -0.4003143 -0.8999648
vn 0.17011358 -0.5136294 -0.84097934
vn 0.04258764 -0.52652615 -0.8490916
vn 0.9734821 -0.120189734 -0.19464615
vn 0.99904877 -0.040750064 -0.01552456
vn 0.9723607 -0.14536029 -0.18271588
vn -0.30349037 -0.09920673 0.94765586
vn -0.6253551 -0.66752666 0.4041522
vn -0.4460971 -0.7697394 0.45661664
vn 0.02251096 -0.67170477 -0.74047685
vn 0.08405145 -0.4903156 -0.86748254
vn 0.04258764 -0.52652615 -0.8490916
vn -0.03294096 -0.5661898 -0.8236164
vn 0.9075794 -0.20124292 -0.3685117
vn 0.9734821 -0.120189734 -0.19464615
vn 0.9723607 -0.14536029 -0.18271588
vn 0.90501934 -0.24909839 -0.3448043
vn -0.17652094 -0.89419836 -0.41139957
vn 0.02251096 -0.67170477 -0.74047685
vn -0.03294096 -0.5661898 -0.8236164
vn -0.058515172 -0.66165674 -0.7475201
vn 0.79944855 -0.27273032 -0.53525716
vn 0.9075794 -0.20124292 -0.3685117
vn 0.90501934 -0.24909839 -0.3448043
vn 0.79850084 -0.33937585 -0.49721262
vn -0.33771265 -0.604519 -0.7214617
vn -0.17652094 -0.89419836 -0.41139957
vn -0.058515172 -0.66165674 -0.7475201
vn -0.08321057 -0.7842568 -0.6148311
vn 0.65425265 -0.32101312 -0.6847656
vn 0.79944855 -0.27273032 -0.53525716
vn 0.79850084 -0.33937585 -0.49721262
vn 0.66027707 -0.40965477 -0.6294577
vn -0.47644264 0.13329896 -0.869042
vn -0.33771265 -0.604519 -0.7214617
vn -0.08321057 -0.7842568 -0.6148311
vn -0.20389153 -0.9461681 -0.2513842
vn 0.4860879 -0.34591246 -0.8025355
vn 0.65425265 -0.32101312 -0.6847656
vn 0.66027707 -0.40965477 -0.6294577
vn 0.49817538 -0.46344972 -0.7328271
vn -0.4486639 -0.5323694 -0.7178326
vn -0.47644264 0.13329896 -0.869042
vn -0.20389153 -0.9461681 -0.2513842
vn -0.21819748 -0.93772626 -0.2702949
vn 0.3128625 -0.3632178 -0.8776046
vn 0.4860879 -0.34591246 -0.8025355
vn 0.49817538 -0.46344972 -0.7328271
vn 0.32569787 -0.50031793 -0.8022486
vn -0.30349538 -0.81866837 -0.4875169
vn -0.4486639 -0.5323694 -0.7178326
vn -0.21819748 -0.93772626 -0.2702949
vn -0.18448867 -0.93838394 -0.29223198
vn 0.17266093 -0.4003143 -0.8999648
vn 0.3128625 -0.3632178 -0.8776046
vn 0.32569787 -0.50031793 -0.8022486
vn 0.17011358 -0.5136294 -0.84097934
vn -0.6253551 -0.66752666 0.4041522
vn -0.30349538 -0.81866837 -0.4875169
vn -0.18448867 -0.93838394 -0.29223198
vn -0.4460971 -0.7697394 0.45661664
vn -0.20389153 -0.9461681 -0.2513842
vn -0.08321057 -0.7842568 -0.6148311
vn -0.3049947 -0.60974556 -0.73156583
vn -0.1579204 -0.87910485 -0.44970626
vn 0.49817538 -0.46344972 -0.7328271
vn 0.66027707 -0.40965477 -0.6294577
vn 0.66988474 -0.5026151 -0.54647267
vn 0.509266 -0.5827837 -0.63325447
vn -0.21819748 -0.93772626 -0.2702949
vn -0.20389153 -0.9461681 -0.2513842
vn -0.1579204 -0.87910485 -0.44970626
vn -0.08875318 -0.8773219 -0.47162396
vn 0.32569787 -0.50031793 -0.8022486
vn 0.49817538 -0.46344972 -0.7328271
vn 0.509266 -0.5827837 -0.63325447
vn 0.3464733 -0.6315534 -0.69361126
vn -0.18448867 -0.93838394 -0.29223198
vn -0.21819748 -0.93772626 -0.2702949
vn -0.08875318 -0.8773219 -0.47162396
vn -0.15350457 -0.96153533 -0.22778507
vn 0.17011358 -0.5136294 -0.84097934
vn 0.32569787 -0.50031793 -0.8022486
vn 0.3464733 -0.6315534 -0.69361126
vn 0.21304183 -0.62980145 -0.7469694
vn -0.4460971 -0.7697394 0.45661664
vn -0.18448867 -0.93838394 -0.29223198
vn -0.15350457 -0.96153533 -0.22778507
vn -0.34571165 -0.8305799 0.43660122
vn 0.04258764 -0.52652615 -0.8490916
vn 0.17011358 -0.5136294 -0.84097934
vn 0.21304183 -0.62980145 -0.7469694
vn 0.07722464 -0.5905521 -0.8032961
vn 0.9723607 -0.14536029 -0.18271588
vn 0.99904877 -0.040750064 -0.01552456
vn 0.97200316 -0.16922204 -0.1630147
vn -0.30349037 -0.09920673 0.94765586
vn -0.4460971 -0.7697394 0.45661664
vn -0.34571165 -0.8305799 0.43660122
vn -0.03294096 -0.5661898 -0.8236164
vn 0.04258764 -0.52652615 -0.8490916
vn 0.07722464 -0.5905521 -0.8032961
vn -0.019914072 -0.52464724 -0.8510868
vn 0.90501934 -0.24909839 -0.3448043
vn 0.9723607 -0.14536029 -0.18271588
vn 0.97200316 -0.16922204 -0.1630147
vn 0.9055936 -0.29603422 -0.30374998
vn -0.058515172 -0.66165674 -0.7475201
vn -0.03294096 -0.5661898 -0.8236164
vn -0.019914072 -0.52464724 -0.8510868
vn -0.09304442 -0.2261862 -0.96963006
vn 0.79850084 -0.33937585 -0.49721262
vn 0.90501934 -0.24909839 -0.3448043
vn 0.9055936 -0.29603422 -0.30374998
vn 0.80294067 -0.40788597 -0.43464378
vn -0.08321057 -0.7842568 -0.6148311
vn -0.058515172 -0.66165674 -0.7475201
vn -0.09304442 -0.2261862 -0.96963006
vn -0.3049947 -0.60974556 -0.73156583
vn 0.66027707 -0.40965477 -0.6294577
vn 0.79850084 -0.33937585 -0.49721262
vn 0.80294067 -0.40788597 -0.43464378
vn 0.66988474 -0.5026151 -0.54647267
vn -0.30349037 -0.09920673 0.94765586
vn -0.34571165 -0.8305799 0.43660122
vn -0.27894723 -0.85131574 0.4443535
vn -0.019914072 -0.52464724 -0.8510868
vn 0.07722464 -0.5905521 -0.8032961
vn 0.13559015 -0.7784266 -0.612917
vn 0.02326641 -0.7215304 -0.6919918
vn 0.9055936 -0.29603422 -0.30374998
vn 0.97200316 -0.16922204 -0.1630147
vn 0.9722151 -0.19073835 -0.13570824
vn 0.907845 -0.33871228 -0.247167
vn -0.09304442 -0.2261862 -0.96963006
vn -0.019914072 -0.52464724 -0.8510868
vn 0.02326641 -0.7215304 -0.6919918
vn -0.26726294 -0.28209049 -0.9214095
vn 0.80294067 -0.40788597 -0.43464378
vn 0.9055936 -0.29603422 -0.30374998
vn 0.907845 -0.33871228 -0.247167
vn 0.8092549 -0.4719191 -0.34985545
vn -0.3049947 -0.60974556 -0.73156583
vn -0.09304442 -0.2261862 -0.96963006
vn -0.26726294 -0.28209049 -0.9214095
vn -0.9153454 -0.13132466 0.38065308
vn 0.66988474 -0.5026151 -0.54647267
vn 0.80294067 -0.40788597 -0.43464378
vn 0.8092549 -0.4719191 -0.34985545
vn 0.67836535 -0.5910429 -0.43645018
vn -0.1579204 -0.87910485 -0.44970626
vn -0.3049947 -0.60974556 -0.73156583
vn -0.9153454 -0.13132466 0.38065308
vn -0.36324942 -0.88381296 -0.29482958
vn 0.509266 -0.5827837 -0.63325447
vn 0.66988474 -0.5026151 -0.54647267
vn 0.67836535 -0.5910429 -0.43645018
vn 0.5163133 -0.69399446 -0.5017889
vn -0.08875318 -0.8773219 -0.47162396
vn -0.1579204 -0.87910485 -0.44970626
vn -0.36324942 -0.88381296 -0.29482958
vn -0.08161768 -0.9396673 -0.3322107
vn 0.3464733 -0.6315534 -0.69361126
vn 0.509266 -0.5827837 -0.63325447
vn 0.5163133 -0.69399446 -0.5017889
vn 0.36391512 -0.7572644 -0.5423251
vn -0.15350457 -0.96153533 -0.22778507
vn -0.08875318 -0.8773219 -0.47162396
vn -0.08161768 -0.9396673 -0.3322107
vn -0.14665334 -0.9811641 -0.12573747
vn 0.21304183 -0.62980145 -0.7469694
vn 0.3464733 -0.6315534 -0.69361126
vn 0.36391512 -0.7572644 -0.5423251
vn 0.2590443 -0.7765548 -0.5743332
vn -0.34571165 -0.8305799 0.43660122
vn -0.15350457 -0.96153533 -0.22778507
vn -0.14665334 -0.9811641 -0.12573747
vn -0.27894723 -0.85131574 0.4443535
vn 0.07722464 -0.5905521 -0.8032961
vn 0.21304183 -0.62980145 -0.7469694
vn 0.2590443 -0.7765548 -0.5743332
vn 0.13559015 -0.7784266 -0.612917
vn 0.97200316 -0.16922204 -0.1630147
vn 0.99904877 -0.040750064 -0.01552456
vn 0.9722151 -0.19073835 -0.13570824
vn -0.08161768 -0.9396673 -0.3322107
vn -0.36324942 -0.88381296 -0.29482958
vn -0.30910078 -0.9503655 -0.03552772
vn -0.10279912 -0.96718687 -0.23234004
vn 0.36391512 -0.7572644 -0.5423251
vn 0.5163133 -0.69399446 -0.5017889
vn 0.51642126 -0.7847589 -0.3427281
vn 0.3607509 -0.8615441 -0.35721233
vn -0.14665334 -0.9811641 -0.12573747
vn -0.08161768 -0.9396673 -0.3322107
vn -0.10279912 -0.96718687 -0.23234004
vn -0.13484451 -0.99060786 -0.022651039
vn 0.2590443 -0.7765548 -0.5743332
vn 0.36391512 -0.7572644 -0.5423251
vn 0.3607509 -0.8615441 -0.35721233
vn 0.25467345 -0.9051349 -0.34040004
vn -0.27894723 -0.85131574 0.4443535
vn -0.14665334 -0.9811641 -0.12573747
vn -0.13484451 -0.99060786 -0.022651039
vn -0.21261756 -0.8272975 0.51997375
vn 0.13559015 -0.7784266 -0.612917
vn 0.2590443 -0.7765548 -0.5743332
vn 0.25467345 -0.9051349 -0.34040004
vn 0.1320265 -0.94452155 -0.30074573
vn 0.9722151 -0.19073835 -0.13570824
vn 0.99904877 -0.040750064 -0.01552456
vn 0.9727665 -0.20823081 -0.10180986
vn -0.30349037 -0.09920673 0.94765586
vn -0.27894723 -0.85131574 0.4443535
vn -0.21261756 -0.8272975 0.51997375
vn 0.02326641 -0.7215304 -0.6919918
vn 0.13559015 -0.7784266 -0.612917
vn 0.1320265 -0.94452155 -0.30074573
vn 0.039599154 -0.96438366 -0.2615265
vn 0.907845 -0.33871228 -0.247167
vn 0.9722151 -0.19073835 -0.13570824
vn 0.9727665 -0.20823081 -0.10180986
vn 0.91042113 -0.37334973 -0.17816691
vn -0.26726294 -0.28209049 -0.9214095
vn 0.02326641 -0.7215304 -0.6919918
vn 0.039599154 -0.96438366 -0.2615265
vn -0.072992645 -0.8855549 0.45876414
vn 0.8092549 -0.4719191 -0.34985545
vn 0.907845 -0.33871228 -0.247167
vn 0.91042113 -0.37334973 -0.17816691
vn 0.8143582 -0.52528894 -0.24676353
vn -0.9153454 -0.13132466 0.38065308
vn -0.26726294 -0.28209049 -0.9214095
vn -0.072992645 -0.8855549 0.45876414
vn -0.3723097 -0.6602691 0.6522501
vn 0.67836535 -0.5910429 -0.43645018
vn 0.8092549 -0.4719191 -0.34985545
vn 0.8143582 -0.52528894 -0.24676353
vn 0.682319 -0.6654493 -0.3026847
vn -0.36324942 -0.88381296 -0.29482958
vn -0.9153454 -0.13132466 0.38065308
vn -0.3723097 -0.6602691 0.6522501
vn -0.30910078 -0.9503655 -0.03552772
vn 0.5163133 -0.69399446 -0.5017889
vn 0.67836535 -0.5910429 -0.43645018
vn 0.682319 -0.6654493 -0.3026847
vn 0.51642126 -0.7847589 -0.3427281
vn 0.91042113 -0.37334973 -0.17816691
vn 0.9727665 -0.20823081 -0.10180986
vn 0.9734481 -0.2200189 -0.06317034
vn 0.91237056 -0.3967447 -0.10086422
vn -0.072992645 -0.8855549 0.45876414
vn 0.039599154 -0.96438366 -0.2615265
vn -0.028500497 -0.99488586 0.096901156
vn -0.098755196 -0.9389643 0.32953525
vn 0.8143582 -0.52528894 -0.24676353
vn 0.91042113 -0.37334973 -0.17816691
vn 0.91237056 -0.3967447 -0.10086422
vn 0.8161343 -0.5627129 -0.13144965
vn -0.3723097 -0.6602691 0.6522501
vn -0.072992645 -0.8855549 0.45876414
vn -0.098755196 -0.9389643 0.32953525
vn -0.151963 -0.952296 0.26465002
vn 0.682319 -0.6654493 -0.3026847
vn 0.8143582 -0.52528894 -0.24676353
vn 0.8161343 -0.5627129 -0.13144965
vn 0.6800826 -0.71706694 -0.15265179
vn -0.30910078 -0.9503655 -0.03552772
vn -0.3723097 -0.6602691 0.6522501
vn -0.151963 -0.952296 0.26465002
vn -0.15562633 -0.92902255 -0.33570442
vn 0.51642126 -0.7847589 -0.3427281
vn 0.682319 -0.6654493 -0.3026847
vn 0.6800826 -0.71706694 -0.15265179
vn 0.5100797 -0.8437849 -0.16687036
vn -0.10279912 -0.96718687 -0.23234004
vn -0.30910078 -0.9503655 -0.03552772
vn -0.15562633 -0.92902255 -0.33570442
vn -0.1894919 -0.8932293 -0.4077182
vn 0.3607509 -0.8615441 -0.35721233
vn 0.51642126 -0.7847589 -0.3427281
vn 0.5100797 -0.8437849 -0.16687036
vn 0.34041822 -0.9254475 -0.16631982
vn -0.13484451 -0.99060786 -0.022651039
vn -0.10279912 -0.96718687 -0.23234004
vn -0.1894919 -0.8932293 -0.4077182
vn -0.15084763 -0.9846818 0.08744638
vn 0.25467345 -0.9051349 -0.34040004
vn 0.3607509 -0.8615441 -0.35721233
vn 0.34041822 -0.9254475 -0.16631982
vn 0.2041341 -0.9704874 -0.12838803
vn -0.21261756 -0.8272975 0.51997375
vn -0.13484451 -0.99060786 -0.022651039
vn -0.15084763 -0.9846818 0.08744638
vn -0.14947695 -0.7861284 0.59971565
vn 0.1320265 -0.94452155 -0.30074573
vn 0.25467345 -0.9051349 -0.34040004
vn 0.2041341 -0.9704874 -0.12838803
vn 0.06680389 -0.99645317 -0.051169436
vn 0.9727665 -0.20823081 -0.10180986
vn 0.99904877 -0.040750064 -0.01552456
vn 0.9734481 -0.2200189 -0.06317034
vn -0.30349037 -0.09920673 0.94765586
vn -0.21261756 -0.8272975 0.51997375
vn -0.14947695 -0.7861284 0.59971565
vn 0.039599154 -0.96438366 -0.2615265
vn 0.1320265 -0.94452155 -0.30074573
vn 0.06680389 -0.99645317 -0.051169436
vn -0.028500497 -0.99488586 0.096901156
vn 0.34041822 -0.9254475 -0.16631982
vn 0.5100797 -0.8437849 -0.16687036
vn 0.50029343 -0.8657524 0.01338676
vn 0.32428834 -0.94584626 0.01455695
vn -0.15084763 -0.9846818 0.08744638
vn -0.1894919 -0.8932293 -0.4077182
vn -0.25223503 -0.91116655 0.3258114
vn -0.10924524 -0.91300327 0.39305282
vn 0.2041341 -0.9704874 -0.12838803
vn 0.34041822 -0.9254475 -0.16631982
vn 0.32428834 -0.94584626 0.01455695
vn 0.16233094 -0.98652315 0.020514386
vn -0.14947695 -0.7861284 0.59971565
vn -0.15084763 -0.9846818 0.08744638
vn -0.10924524 -0.91300327 0.39305282
vn -0.082588926 -0.68821526 0.72079045
vn 0.06680389 -0.99645317 -0.051169436
vn 0.2041341 -0.9704874 -0.12838803
vn 0.16233094 -0.98652315 0.020514386
vn 0.007002375 -0.99885833 0.04725477
vn 0.9734481 -0.2200189 -0.06317034
vn 0.99904877 -0.040750064 -0.01552456
vn 0.9741239 -0.22492191 -0.022199266
vn -0.30349037 -0.09920673 0.94765586
vn -0.14947695 -0.7861284 0.59971565
vn -0.082588926 -0.68821526 0.72079045
vn -0.028500497 -0.99488586 0.096901156
vn 0.06680389 -0.99645317 -0.051169436
vn 0.007002375 -0.99885833 0.04725477
vn -0.1203898 -0.98773056 0.09947213
vn 0.91237056 -0.3967447 -0.10086422
vn 0.9734481 -0.2200189 -0.06317034
vn 0.9741239 -0.22492191 -0.022199266
vn 0.9132567 -0.40690884 -0.01968309
vn -0.098755196 -0.9389643 0.32953525
vn -0.028500497 -0.99488586 0.096901156
vn -0.1203898 -0.98773056 0.09947213
vn -0.154282 -0.9757319 0.1553843
vn 0.8161343 -0.5627129 -0.13144965
vn 0.91237056 -0.3967447 -0.10086422
vn 0.9132567 -0.40690884 -0.01968309
vn 0.8141791 -0.5805141 -0.010763395
vn -0.151963 -0.952296 0.26465002
vn -0.098755196 -0.9389643 0.32953525
vn -0.154282 -0.9757319 0.1553843
vn -0.109022714 -0.97931814 0.17044094
vn 0.6800826 -0.71706694 -0.15265179
vn 0.8161343 -0.5627129 -0.13144965
vn 0.8141791 -0.5805141 -0.010763395
vn 0.6723024 -0.74026906 0.0033384028
vn -0.15562633 -0.92902255 -0.33570442
vn -0.151963 -0.952296 0.26465002
vn -0.109022714 -0.97931814 0.17044094
vn -0.16880383 -0.97808135 0.121910386
vn 0.5100797 -0.8437849 -0.16687036
vn 0.6800826 -0.71706694 -0.15265179
vn 0.6723024 -0.74026906 0.0033384028
vn 0.50029343 -0.8657524 0.01338676
vn -0.1894919 -0.8932293 -0.4077182
vn -0.15562633 -0.92902255 -0.33570442
vn -0.16880383 -0.97808135 0.121910386
vn -0.25223503 -0.91116655 0.3258114
vn -0.154282 -0.9757319 0.1553843
vn -0.1203898 -0.98773056 0.09947213
vn -0.14458212 -0.98848164 0.044723347
vn -0.16389318 -0.98486686 0.056359634
vn 0.8141791 -0.5805141 -0.010763395
vn 0.9132567 -0.40690884 -0.01968309
vn 0.9130953 -0.40316337 0.06096175
vn 0.8096102 -0.5769034 0.10823091
vn -0.109022714 -0.97931814 0.17044094
vn -0.154282 -0.9757319 0.1553843
vn -0.16389318 -0.98486686 0.056359634
vn -0.1121289 -0.97776896 0.17718656
vn 0.6723024 -0.74026906 0.0033384028
vn 0.8141791 -0.5805141 -0.010763395
vn 0.8096102 -0.5769034 0.10823091
vn 0.66206235 -0.73353934 0.15360157
vn -0.16880383 -0.97808135 0.121910386
vn -0.109022714 -0.97931814 0.17044094
vn -0.1121289 -0.97776896 0.17718656
vn -0.14247549 -0.64900124 0.7473273
vn 0.50029343 -0.8657524 0.01338676
vn 0.6723024 -0.74026906 0.0033384028
vn 0.66206235 -0.73353934 0.15360157
vn 0.49352667 -0.85106313 0.17922878
vn -0.25223503 -0.91116655 0.3258114
vn -0.16880383 -0.97808135 0.121910386
vn -0.14247549 -0.64900124 0.7473273
vn -0.13440053 -0.5457882 0.8270742
vn 0.32428834 -0.94584626 0.01455695
vn 0.50029343 -0.8657524 0.01338676
vn 0.49352667 -0.85106313 0.17922878
vn 0.33242 -0.9281455 0.16746011
vn -0.10924524 -0.91300327 0.39305282
vn -0.25223503 -0.91116655 0.3258114
vn -0.13440053 -0.5457882 0.8270742
vn -0.074167214 -0.8682367 0.49057528
vn 0.16233094 -0.98652315 0.020514386
vn 0.32428834 -0.94584626 0.01455695
vn 0.33242 -0.9281455 0.16746011
vn 0.17163742 -0.9776389 0.1215026
vn -0.082588926 -0.68821526 0.72079045
vn -0.10924524 -0.91300327 0.39305282
vn -0.074167214 -0.8682367 0.49057528
vn -0.07375408 -0.62302756 0.778715
vn 0.007002375 -0.99885833 0.04725477
vn 0.16233094 -0.98652315 0.020514386
vn 0.17163742 -0.9776389 0.1215026
vn -0.0051311264 -0.9971485 0.07528891
vn 0.9741239 -0.22492191 -0.022199266
vn 0.99904877 -0.040750064 -0.01552456
vn 0.9747579 -0.22249188 0.01855761
vn -0.30349037 -0.09920673 0.94765586
vn -0.082588926 -0.68821526 0.72079045
vn -0.07375408 -0.62302756 0.778715
vn -0.1203898 -0.98773056 0.09947213
vn 0.007002375 -0.99885833 0.04725477
vn -0.0051311264 -0.9971485 0.07528891
vn -0.14458212 -0.98848164 0.044723347
vn 0.9132567 -0.40690884 -0.01968309
vn 0.9741239 -0.22492191 -0.022199266
vn 0.9747579 -0.22249188 0.01855761
vn 0.9130953 -0.40316337 0.06096175
vn -0.074167214 -0.8682367 0.49057528
vn -0.13440053 -0.5457882 0.8270742
vn -0.37991706 -0.74037904 0.55452853
vn -0.10194501 -0.8859756 0.45238748
vn 0.17163742 -0.9776389 0.1215026
vn 0.33242 -0.9281455 0.16746011
vn 0.36879566 -0.8769684 0.3080847
vn 0.2286377 -0.94175243 0.24663179
vn -0.07375408 -0.62302756 0.778715
vn -0.074167214 -0.8682367 0.49057528
vn -0.10194501 -0.8859756 0.45238748
vn -0.10553138 -0.66900605 0.7357269
vn -0.0051311264 -0.9971485 0.07528891
vn 0.17163742 -0.9776389 0.1215026
vn 0.2286377 -0.94175243 0.24663179
vn 0.021642067 -0.9833458 0.18045099
vn 0.9747579 -0.22249188 0.01855761
vn 0.99904877 -0.040750064 -0.01552456
vn 0.9754022 -0.21297982 0.056835037
vn -0.30349037 -0.09920673 0.94765586
vn -0.07375408 -0.62302756 0.778715
vn -0.10553138 -0.66900605 0.7357269
vn -0.14458212 -0.98848164 0.044723347
vn -0.0051311264 -0.9971485 0.07528891
vn 0.021642067 -0.9833458 0.18045099
vn -0.09579127 -0.99459934 0.039952192
vn 0.9130953 -0.40316337 0.06096175
vn 0.9747579 -0.22249188 0.01855761
vn 0.9754022 -0.21297982 0.056835037
vn 0.912361 -0.38589767 0.13667616
vn -0.16389318 -0.98486686 0.056359634
vn -0.14458212 -0.98848164 0.044723347
vn -0.09579127 -0.99459934 0.039952192
vn -0.09741208 -0.9635627 -0.24911393
vn 0.8096102 -0.5769034 0.10823091
vn 0.9130953 -0.40316337 0.06096175
vn 0.912361 -0.38589767 0.13667616
vn 0.8047618 -0.55217665 0.21785186
vn -0.1121289 -0.97776896 0.17718656
vn -0.16389318 -0.98486686 0.056359634
vn -0.09741208 -0.9635627 -0.24911393
vn -0.19571167 -0.84592825 -0.4960871
vn 0.66206235 -0.73353934 0.15360157
vn 0.8096102 -0.5769034 0.10823091
vn 0.8047618 -0.55217665 0.21785186
vn 0.6540273 -0.6992928 0.28850982
vn -0.14247549 -0.64900124 0.7473273
vn -0.1121289 -0.97776896 0.17718656
vn -0.19571167 -0.84592825 -0.4960871
vn -0.68065906 -0.7154392 0.15763862
vn 0.49352667 -0.85106313 0.17922878
vn 0.66206235 -0.73353934 0.15360157
vn 0.6540273 -0.6992928 0.28850982
vn 0.49695244 -0.8046604 0.32489967
vn -0.13440053 -0.5457882 0.8270742
vn -0.14247549 -0.64900124 0.7473273
vn -0.68065906 -0.7154392 0.15763862
vn -0.37991706 -0.74037904 0.55452853
vn 0.33242 -0.9281455 0.16746011
vn 0.49352667 -0.85106313 0.17922878
vn 0.49695244 -0.8046604 0.32489967
vn 0.36879566 -0.8769684 0.3080847
vn 0.8047618 -0.55217665 0.21785186
vn 0.912361 -0.38589767 0.13667616
vn 0.91192734 -0.35623175 0.2036847
vn 0.80206734 -0.5083997 0.313397
vn -0.19571167 -0.84592825 -0.4960871
vn -0.09741208 -0.9635627 -0.24911393
vn -0.11235329 -0.936863 -0.33115608
vn -0.26762784 0.46202564 -0.8455221
vn 0.6540273 -0.6992928 0.28850982
vn 0.8047618 -0.55217665 0.21785186
vn 0.80206734 -0.5083997 0.313397
vn 0.6506331 -0.6409664 0.40723285
vn -0.68065906 -0.7154392 0.15763862
vn -0.19571167 -0.84592825 -0.4960871
vn -0.26762784 0.46202564 -0.8455221
vn -0.72398347 0.17645332 -0.6668674
vn 0.49695244 -0.8046604 0.32489967
vn 0.6540273 -0.6992928 0.28850982
vn 0.6506331 -0.6409664 0.40723285
vn 0.50398856 -0.7285247 0.4639474
vn -0.37991706 -0.74037904 0.55452853
vn -0.68065906 -0.7154392 0.15763862
vn -0.72398347 0.17645332 -0.6668674
vn -0.6557089 -0.75195867 0.067854196
vn 0.36879566 -0.8769684 0.3080847
vn 0.49695244 -0.8046604 0.32489967
vn 0.50398856 -0.7285247 0.4639474
vn 0.40447184 -0.77987874 0.4776941
vn -0.10194501 -0.8859756 0.45238748
vn -0.37991706 -0.74037904 0.55452853
vn -0.6557089 -0.75195867 0.067854196
vn -0.14120944 -0.8446665 0.51633173
vn 0.2286377 -0.94175243 0.24663179
vn 0.36879566 -0.8769684 0.3080847
vn 0.40447184 -0.77987874 0.4776941
vn 0.2886799 -0.8352319 0.46802944
vn -0.10553138 -0.66900605 0.7357269
vn -0.10194501 -0.8859756 0.45238748
vn -0.14120944 -0.8446665 0.51633173
vn -0.11723221 -0.6686134 0.7343111
vn 0.021642067 -0.9833458 0.18045099
vn 0.2286377 -0.94175243 0.24663179
vn 0.2886799 -0.8352319 0.46802944
vn 0.06151643 -0.89280987 0.44621328
vn 0.9754022 -0.21297982 0.056835037
vn 0.99904877 -0.040750064 -0.01552456
vn 0.97615933 -0.1971118 0.09088409
vn -0.30349037 -0.09920673 0.94765586
vn -0.10553138 -0.66900605 0.7357269
vn -0.11723221 -0.6686134 0.7343111
vn -0.09579127 -0.99459934 0.039952192
vn 0.021642067 -0.9833458 0.18045099
vn 0.06151643 -0.89280987 0.44621328
vn -0.043709185 -0.9250871 0.37723103
vn 0.912361 -0.38589767 0.13667616
vn 0.9754022 -0.21297982 0.056835037
vn 0.97615933 -0.1971118 0.09088409
vn 0.91192734 -0.35623175 0.2036847
vn -0.09741208 -0.9635627 -0.24911393
vn -0.09579127 -0.99459934 0.039952192
vn -0.043709185 -0.9250871 0.37723103
vn -0.11235329 -0.936863 -0.33115608
vn 0.2886799 -0.8352319 0.46802944
vn 0.40447184 -0.77987874 0.4776941
vn 0.4004533 -0.6437143 0.65212655
vn 0.2922629 -0.63972217 0.7108712
vn -0.11723221 -0.6686134 0.7343111
vn -0.14120944 -0.8446665 0.51633173
vn -0.1998615 -0.7726029 0.60261106
vn -0.11325704 -0.55716395 0.8226428
vn 0.06151643 -0.89280987 0.44621328
vn 0.2886799 -0.8352319 0.46802944
vn 0.2922629 -0.63972217 0.7108712
vn 0.08734625 -0.6526598 0.7525994
vn 0.97615933 -0.1971118 0.09088409
vn 0.99904877 -0.040750064 -0.01552456
vn 0.9771417 -0.17578764 0.11955267
vn -0.30349037 -0.09920673 0.94765586
vn -0.11723221 -0.6686134 0.7343111
vn -0.11325704 -0.55716395 0.8226428
vn -0.043709185 -0.9250871 0.37723103
vn 0.06151643 -0.89280987 0.44621328
vn 0.08734625 -0.6526598 0.7525994
vn -0.03290218 -0.61740535 0.7859568
vn 0.91192734 -0.35623175 0.2036847
vn 0.97615933 -0.1971118 0.09088409
vn 0.9771417 -0.17578764 0.11955267
vn 0.91269004 -0.3153344 0.25992513
vn -0.11235329 -0.936863 -0.33115608
vn -0.043709185 -0.9250871 0.37723103
vn -0.03290218 -0.61740535 0.7859568
vn -0.08574298 -0.23411271 0.96842104
vn 0.80206734 -0.5083997 0.313397
vn 0.91192734 -0.35623175 0.2036847
vn 0.91269004 -0.3153344 0.25992513
vn 0.80265063 -0.4480946 0.39365363
vn -0.26762784 0.46202564 -0.8455221
vn -0.11235329 -0.936863 -0.33115608
vn -0.08574298 -0.23411271 0.96842104
vn -0.4097181 0.8504334 -0.32999098
vn 0.6506331 -0.6409664 0.40723285
vn 0.80206734 -0.5083997 0.313397
vn 0.80265063 -0.4480946 0.39365363
vn 0.65118676 -0.5623963 0.5095746
vn -0.72398347 0.17645332 -0.6668674
vn -0.26762784 0.46202564 -0.8455221
vn -0.4097181 0.8504334 -0.32999098
vn -0.4797908 0.31911203 -0.8172933
vn 0.50398856 -0.7285247 0.4639474
vn 0.6506331 -0.6409664 0.40723285
vn 0.65118676 -0.5623963 0.5095746
vn 0.50171953 -0.62973696 0.5930505
vn -0.6557089 -0.75195867 0.067854196
vn -0.72398347 0.17645332 -0.6668674
vn -0.4797908 0.31911203 -0.8172933
vn -0.68980557 -0.6566209 -0.3049875
vn 0.40447184 -0.77987874 0.4776941
vn 0.50398856 -0.7285247 0.4639474
vn 0.50171953 -0.62973696 0.5930505
vn 0.4004533 -0.6437143 0.65212655
vn -0.14120944 -0.8446665 0.51633173
vn -0.6557089 -0.75195867 0.067854196
vn -0.68980557 -0.6566209 -0.3049875
vn -0.1998615 -0.7726029 0.60261106
vn -0.4097181 0.8504334 -0.32999098
vn -0.08574298 -0.23411271 0.96842104
vn -0.040325154 -0.3890042 0.920353
vn -0.62497246 -0.77480835 -0.09529674
vn 0.65118676 -0.5623963 0.5095746
vn 0.80265063 -0.4480946 0.39365363
vn 0.8067605 -0.37399274 0.457457
vn 0.6560007 -0.46837312 0.59185284
vn -0.4797908 0.31911203 -0.8172933
vn -0.4097181 0.8504334 -0.32999098
vn -0.62497246 -0.77480835 -0.09529674
vn -0.29428893 0.039117206 -0.9549157
vn 0.50171953 -0.62973696 0.5930505
vn 0.65118676 -0.5623963 0.5095746
vn 0.6560007 -0.46837312 0.59185284
vn 0.4927473 -0.52240294 0.6959133
vn -0.68980557 -0.6566209 -0.3049875
vn -0.4797908 0.31911203 -0.8172933
vn -0.29428893 0.039117206 -0.9549157
vn -0.773446 -0.5089364 -0.37784243
vn 0.4004533 -0.6437143 0.65212655
vn 0.50171953 -0.62973696 0.5930505
vn 0.4927473 -0.52240294 0.6959133
vn 0.35943604 -0.5146427 0.778427
vn -0.1998615 -0.7726029 0.60261106
vn -0.68980557 -0.6566209 -0.3049875
vn -0.773446 -0.5089364 -0.37784243
vn -0.33114567 -0.5677871 0.75363153
vn 0.2922629 -0.63972217 0.7108712
vn 0.4004533 -0.6437143 0.65212655
vn 0.35943604 -0.5146427 0.778427
vn 0.23505336 -0.45860323 0.8569907
vn -0.11325704 -0.55716395 0.8226428
vn -0.1998615 -0.7726029 0.60261106
vn -0.33114567 -0.5677871 0.75363153
vn -0.10873005 -0.40261257 0.9088899
vn 0.08734625 -0.6526598 0.7525994
vn 0.2922629 -0.63972217 0.7108712
vn 0.23505336 -0.45860323 0.8569907
vn 0.07871679 -0.40667796 0.910174
vn 0.9771417 -0.17578764 0.11955267
vn 0.99904877 -0.040750064 -0.01552456
vn 0.9784342 -0.14982986 0.14218864
vn -0.30349037 -0.09920673 0.94765586
vn -0.11325704 -0.55716395 0.8226428
vn -0.10873005 -0.40261257 0.9088899
vn -0.03290218 -0.61740535 0.7859568
vn 0.08734625 -0.6526598 0.7525994
vn 0.07871679 -0.40667796 0.910174
vn -0.024326704 -0.38318247 0.9233523
vn 0.91269004 -0.3153344 0.25992513
vn 0.9771417 -0.17578764 0.11955267
vn 0.9784342 -0.14982986 0.14218864
vn 0.9150733 -0.2645613 0.30438167
vn -0.08574298 -0.23411271 0.96842104
vn -0.03290218 -0.61740535 0.7859568
vn -0.024326704 -0.38318247 0.9233523
vn -0.040325154 -0.3890042 0.920353
vn 0.80265063 -0.4480946 0.39365363
vn 0.91269004 -0.3153344 0.25992513
vn 0.9150733 -0.2645613 0.30438167
vn 0.8067605 -0.37399274 0.457457
vn -0.10873005 -0.40261257 0.9088899
vn -0.33114567 -0.5677871 0.75363153
vn -0.3630103 -0.1010073 0.9262942
vn -0.104599535 -0.26857463 0.95756286
vn 0.07871679 -0.40667796 0.910174
vn 0.23505336 -0.45860323 0.8569907
vn 0.17564449 -0.36465758 0.9144254
vn 0.060731977 -0.32582793 0.94347644
vn 0.9784342 -0.14982986 0.14218864
vn 0.99904877 -0.040750064 -0.01552456
vn 0.98006725 -0.11987877 0.1584213
vn -0.30349037 -0.09920673 0.94765586
vn -0.10873005 -0.40261257 0.9088899
vn -0.104599535 -0.26857463 0.95756286
vn -0.024326704 -0.38318247 0.9233523
vn 0.07871679 -0.40667796 0.910174
vn 0.060731977 -0.32582793 0.94347644
vn -0.005046941 -0.33926672 0.9406767
vn 0.9150733 -0.2645613 0.30438167
vn 0.9784342 -0.14982986 0.14218864
vn 0.98006725 -0.11987877 0.1584213
vn 0.9191108 -0.20573062 0.33602116
vn -0.040325154 -0.3890042 0.920353
vn -0.024326704 -0.38318247 0.9233523
vn -0.005046941 -0.33926672 0.9406767
vn -0.027287468 -0.4231875 0.9056312
vn 0.8067605 -0.37399274 0.457457
vn 0.9150733 -0.2645613 0.30438167
vn 0.9191108 -0.20573062 0.33602116
vn 0.8144812 -0.28912827 0.5030162
vn -0.62497246 -0.77480835 -0.09529674
vn -0.040325154 -0.3890042 0.920353
vn -0.027287468 -0.4231875 0.9056312
vn -0.543948 -0.102283634 0.8328616
vn 0.6560007 -0.46837312 0.59185284
vn 0.8067605 -0.37399274 0.457457
vn 0.8144812 -0.28912827 0.5030162
vn 0.666222 -0.36216488 0.6519086
vn -0.29428893 0.039117206 -0.9549157
vn -0.62497246 -0.77480835 -0.09529674
vn -0.543948 -0.102283634 0.8328616
vn -0.2314739 0.6112445 -0.7568356
vn 0.4927473 -0.52240294 0.6959133
vn 0.6560007 -0.46837312 0.59185284
vn 0.666222 -0.36216488 0.6519086
vn 0.49127543 -0.40760925 0.76974225
vn -0.773446 -0.5089364 -0.37784243
vn -0.29428893 0.039117206 -0.9549157
vn -0.2314739 0.6112445 -0.7568356
vn -0.7819177 0.61426777 0.106206976
vn 0.35943604 -0.5146427 0.778427
vn 0.4927473 -0.52240294 0.6959133
vn 0.49127543 -0.40760925 0.76974225
vn 0.32262024 -0.40724674 0.8544392
vn -0.33114567 -0.5677871 0.75363153
vn -0.773446 -0.5089364 -0.37784243
vn -0.7819177 0.61426777 0.106206976
vn -0.3630103 -0.1010073 0.9262942
vn 0.23505336 -0.45860323 0.8569907
vn 0.35943604 -0.5146427 0.778427
vn 0.32262024 -0.40724674 0.8544392
vn 0.17564449 -0.36465758 0.9144254
vn -0.2314739 0.6112445 -0.7568356
vn -0.543948 -0.102283634 0.8328616
vn -0.29662308 -0.940862 0.16368692
vn -0.3882735 0.5338215 -0.7511846
vn 0.49127543 -0.40760925 0.76974225
vn 0.666222 -0.36216488 0.6519086
vn 0.68214 -0.24735682 0.68811303
vn 0.502397 -0.27869537 0.81849015
vn -0.7819177 0.61426777 0.106206976
vn -0.2314739 0.6112445 -0.7568356
vn -0.3882735 0.5338215 -0.7511846
vn -0.68779314 0.6644025 0.29242072
vn 0.32262024 -0.40724674 0.8544392
vn 0.49127543 -0.40760925 0.76974225
vn 0.502397 -0.27869537 0.81849015
vn 0.31242248 -0.27946356 0.90790546
vn -0.3630103 -0.1010073 0.9262942
vn -0.7819177 0.61426777 0.106206976
vn -0.68779314 0.6644025 0.29242072
vn -0.2532312 0.0855088 0.9636193
vn 0.17564449 -0.36465758 0.9144254
vn 0.32262024 -0.40724674 0.8544392
vn 0.31242248 -0.27946356 0.90790546
vn 0.15082943 -0.25716475 0.9545244
vn -0.104599535 -0.26857463 0.95756286
vn -0.3630103 -0.1010073 0.9262942
vn -0.2532312 0.0855088 0.9636193
vn -0.099611826 -0.18997319 0.9767229
vn 0.060731977 -0.32582793 0.94347644
vn 0.17564449 -0.36465758 0.9144254
vn 0.15082943 -0.25716475 0.9545244
vn 0.06027083 -0.24424483 0.96783876
vn 0.98006725 -0.11987877 0.1584213
vn 0.99904877 -0.040750064 -0.01552456
vn 0.9819965 -0.086421944 0.16797064
vn -0.30349037 -0.09920673 0.94765586
vn -0.104599535 -0.26857463 0.95756286
vn -0.099611826 -0.18997319 0.9767229
vn -0.005046941 -0.33926672 0.9406767
vn 0.060731977 -0.32582793 0.94347644
vn 0.06027083 -0.24424483 0.96783876
vn 0.02685422 -0.29077983 0.95641303
vn 0.9191108 -0.20573062 0.33602116
vn 0.98006725 -0.11987877 0.1584213
vn 0.9819965 -0.086421944 0.16797064
vn 0.9246428 -0.14083454 0.35383788
vn -0.027287468 -0.4231875 0.9056312
vn -0.005046941 -0.33926672 0.9406767
vn 0.02685422 -0.29077983 0.95641303
vn -0.0009547217 -0.54309964 0.83966774
vn 0.8144812 -0.28912827 0.5030162
vn 0.9191108 -0.20573062 0.33602116
vn 0.9246428 -0.14083454 0.35383788
vn 0.8256814 -0.19689898 0.5286595
vn -0.543948 -0.102283634 0.8328616
vn -0.027287468 -0.4231875 0.9056312
vn -0.0009547217 -0.54309964 0.83966774
vn -0.29662308 -0.940862 0.16368692
vn 0.666222 -0.36216488 0.6519086
vn 0.8144812 -0.28912827 0.5030162
vn 0.8256814 -0.19689898 0.5286595
vn 0.68214 -0.24735682 0.68811303
vn 0.9819965 -0.086421944 0.16797064
vn 0.99904877 -0.040750064 -0.01552456
vn 0.98408294 -0.05002114 0.17052434
vn -0.30349037 -0.09920673 0.94765586
vn -0.099611826 -0.18997319 0.9767229
vn -0.094580956 -0.14306661 0.9851834
vn 0.02685422 -0.29077983 0.95641303
vn 0.06027083 -0.24424483 0.96783876
vn 0.056233965 -0.04020726 0.9976077
vn 0.040089007 0.041230105 0.9983451
vn 0.9246428 -0.14083454 0.35383788
vn 0.9819965 -0.086421944 0.16797064
vn 0.98408294 -0.05002114 0.17052434
vn 0.9313383 -0.071127266 0.35714126
vn -0.0009547217 -0.54309964 0.83966774
vn 0.02685422 -0.29077983 0.95641303
vn 0.040089007 0.041230105 0.9983451
vn -0.051521335 -0.47901833 0.87629163
vn 0.8256814 -0.19689898 0.5286595
vn 0.9246428 -0.14083454 0.35383788
vn 0.9313383 -0.071127266 0.35714126
vn 0.83997715 -0.09902756 0.533509
vn -0.29662308 -0.940862 0.16368692
vn -0.0009547217 -0.54309964 0.83966774
vn -0.051521335 -0.47901833 0.87629163
vn -0.18869445 -0.365422 -0.91151583
vn 0.68214 -0.24735682 0.68811303
vn 0.8256814 -0.19689898 0.5286595
vn 0.83997715 -0.09902756 0.533509
vn 0.7035874 -0.12609975 0.6993308
vn -0.3882735 0.5338215 -0.7511846
vn -0.29662308 -0.940862 0.16368692
vn -0.18869445 -0.365422 -0.91151583
vn -0.44872737 0.20666322 -0.86944467
vn 0.502397 -0.27869537 0.81849015
vn 0.68214 -0.24735682 0.68811303
vn 0.7035874 -0.12609975 0.6993308
vn 0.5209484 -0.13637501 0.84262365
vn -0.68779314 0.6644025 0.29242072
vn -0.3882735 0.5338215 -0.7511846
vn -0.44872737 0.20666322 -0.86944467
vn -0.8510976 0.4283921 0.3035014
vn 0.31242248 -0.27946356 0.90790546
vn 0.502397 -0.27869537 0.81849015
vn 0.5209484 -0.13637501 0.84262365
vn 0.3148933 -0.1180036 0.9417629
vn -0.2532312 0.0855088 0.9636193
vn -0.68779314 0.6644025 0.29242072
vn -0.8510976 0.4283921 0.3035014
vn -0.2036388 0.013520678 0.9789527
vn 0.15082943 -0.25716475 0.9545244
vn 0.31242248 -0.27946356 0.90790546
vn 0.3148933 -0.1180036 0.9417629
vn 0.14131594 -0.081040844 0.9866419
vn -0.099611826 -0.18997319 0.9767229
vn -0.2532312 0.0855088 0.9636193
vn -0.2036388 0.013520678 0.9789527
vn -0.094580956 -0.14306661 0.9851834
vn 0.06027083 -0.24424483 0.96783876
vn 0.15082943 -0.25716475 0.9545244
vn 0.14131594 -0.081040844 0.9866419
vn 0.056233965 -0.04020726 0.9976077
vn 0.5209484 -0.13637501 0.84262365
vn 0.7035874 -0.12609975 0.6993308
vn 0.7286342 0.006102614 0.6848759
vn 0.5420456 0.021917898 0.8400632
vn -0.8510976 0.4283921 0.3035014
vn -0.44872737 0.20666322 -0.86944467
vn -0.6250435 0.29888082 -0.72110397
vn -0.82325405 0.103550576 0.55814886
vn 0.3148933 -0.1180036 0.9417629
vn 0.5209484 -0.13637501 0.84262365
vn 0.5420456 0.021917898 0.8400632
vn 0.3171523 0.059186876 0.946526
vn -0.2036388 0.013520678 0.9789527
vn -0.8510976 0.4283921 0.3035014
vn -0.82325405 0.103550576 0.55814886
vn -0.17626251 0.049187504 0.98311347
vn 0.14131594 -0.081040844 0.9866419
vn 0.3148933 -0.1180036 0.9417629
vn 0.3171523 0.059186876 0.946526
vn 0.18473879 -0.010133499 0.9827354
vn -0.094580956 -0.14306661 0.9851834
vn -0.2036388 0.013520678 0.9789527
vn -0.17626251 0.049187504 0.98311347
vn -0.09137633 -0.07564229 0.99293935
vn 0.056233965 -0.04020726 0.9976077
vn 0.14131594 -0.081040844 0.9866419
vn 0.18473879 -0.010133499 0.9827354
vn 0.06512809 -0.08078918 0.9946012
vn 0.98408294 -0.05002114 0.17052434
vn 0.99904877 -0.040750064 -0.01552456
vn 0.98609364 -0.0116305305 0.165783
vn -0.30349037 -0.09920673 0.94765586
vn -0.094580956 -0.14306661 0.9851834
vn -0.09137633 -0.07564229 0.99293935
vn 0.040089007 0.041230105 0.9983451
vn 0.056233965 -0.04020726 0.9976077
vn 0.06512809 -0.08078918 0.9946012
vn -0.0050062914 0.1626038 0.9866788
vn 0.9313383 -0.071127266 0.35714126
vn 0.98408294 -0.05002114 0.17052434
vn 0.98609364 -0.0116305305 0.165783
vn 0.9383197 0.0025122694 0.3457598
vn -0.051521335 -0.47901833 0.87629163
vn 0.040089007 0.041230105 0.9983451
vn -0.0050062914 0.1626038 0.9866788
vn -0.17717396 0.98401576 -0.017954778
vn 0.83997715 -0.09902756 0.533509
vn 0.9313383 -0.071127266 0.35714126
vn 0.9383197 0.0025122694 0.3457598
vn 0.8558959 0.00533545 0.51712066
vn -0.18869445 -0.365422 -0.91151583
vn -0.051521335 -0.47901833 0.87629163
vn -0.17717396 0.98401576 -0.017954778
vn -0.24365737 0.34224862 -0.90746737
vn 0.7035874 -0.12609975 0.6993308
vn 0.83997715 -0.09902756 0.533509
vn 0.8558959 0.00533545 0.51712066
vn 0.7286342 0.006102614 0.6848759
vn -0.44872737 0.20666322 -0.86944467
vn -0.18869445 -0.365422 -0.91151583
vn -0.24365737 0.34224862 -0.90746737
vn -0.6250435 0.29888082 -0.72110397
vn -0.0050062914 0.1626038 0.9866788
vn 0.06512809 -0.08078918 0.9946012
vn 0.05740371 0.334415 0.94067603
vn -0.08531269 0.40695527 0.9094554
vn 0.9383197 0.0025122694 0.3457598
vn 0.98609364 -0.0116305305 0.165783
vn 0.9877424 0.027145812 0.15371396
vn 0.9441958 0.07775247 0.32007626
vn -0.17717396 0.98401576 -0.017954778
vn -0.0050062914 0.1626038 0.9866788
vn -0.08531269 0.40695527 0.9094554
vn -0.008468244 0.82199824 0.569427
vn 0.8558959 0.00533545 0.51712066
vn 0.9383197 0.0025122694 0.3457598
vn 0.9441958 0.07775247 0.32007626
vn 0.8697492 0.11655911 0.4795314
vn -0.24365737 0.34224862 -0.90746737
vn -0.17717396 0.98401576 -0.017954778
vn -0.008468244 0.82199824 0.569427
vn -0.46604428 0.5917762 -0.6577261
vn 0.7286342 0.006102614 0.6848759
vn 0.8558959 0.00533545 0.51712066
vn 0.8697492 0.11655911 0.4795314
vn 0.75041515 0.15476522 0.6425923
vn -0.6250435 0.29888082 -0.72110397
vn -0.24365737 0.34224862 -0.90746737
vn -0.46604428 0.5917762 -0.6577261
vn -0.5827839 -0.75121313 -0.309906
vn 0.5420456 0.021917898 0.8400632
vn 0.7286342 0.006102614 0.6848759
vn 0.75041515 0.15476522 0.6425923
vn 0.56091917 0.20056704 0.8032077
vn -0.82325405 0.103550576 0.55814886
vn -0.6250435 0.29888082 -0.72110397
vn -0.5827839 -0.75121313 -0.309906
vn -0.56954396 -0.5495493 0.6112408
vn 0.3171523 0.059186876 0.946526
vn 0.5420456 0.021917898 0.8400632
vn 0.56091917 0.20056704 0.8032077
vn 0.31983826 0.247146 0.9146707
vn -0.17626251 0.049187504 0.98311347
vn -0.82325405 0.103550576 0.55814886
vn -0.56954396 -0.5495493 0.6112408
vn -0.17008853 0.11284116 0.97894675
vn 0.18473879 -0.010133499 0.9827354
vn 0.3171523 0.059186876 0.946526
vn 0.31983826 0.247146 0.9146707
vn 0.23123927 0.23280104 0.9446333
vn -0.09137633 -0.07564229 0.99293935
vn -0.17626251 0.049187504 0.98311347
vn -0.17008853 0.11284116 0.97894675
vn -0.09158774 0.032574955 0.9952641
vn 0.06512809 -0.08078918 0.9946012
vn 0.18473879 -0.010133499 0.9827354
vn 0.23123927 0.23280104 0.9446333
vn 0.05740371 0.334415 0.94067603
vn 0.98609364 -0.0116305305 0.165783
vn 0.99904877 -0.040750064 -0.01552456
vn 0.9877424 0.027145812 0.15371396
vn -0.30349037 -0.09920673 0.94765586
vn -0.09137633 -0.07564229 0.99293935
vn -0.09158774 0.032574955 0.9952641
vn -0.56954396 -0.5495493 0.6112408
vn -0.5827839 -0.75121313 -0.309906
vn -0.2685866 -0.67573434 -0.6864724
vn -0.86130816 -0.27147353 0.42947692
vn 0.31983826 0.247146 0.9146707
vn 0.56091917 0.20056704 0.8032077
vn 0.5720397 0.37791708 0.7279762
vn 0.32232192 0.42228016 0.84722376
vn -0.17008853 0.11284116 0.97894675
vn -0.56954396 -0.5495493 0.6112408
vn -0.86130816 -0.27147353 0.42947692
vn -0.20287909 0.35054702 0.91430676
vn 0.23123927 0.23280104 0.9446333
vn 0.31983826 0.247146 0.9146707
vn 0.32232192 0.42228016 0.84722376
vn 0.15740666 0.5052822 0.8484769
vn -0.09158774 0.032574955 0.9952641
vn -0.17008853 0.11284116 0.97894675
vn -0.20287909 0.35054702 0.91430676
vn -0.09622174 0.18251298 0.97848374
vn 0.05740371 0.334415 0.94067603
vn 0.23123927 0.23280104 0.9446333
vn 0.15740666 0.5052822 0.8484769
vn 0.0017951652 0.7061859 0.7080242
vn 0.9877424 0.027145812 0.15371396
vn 0.99904877 -0.040750064 -0.01552456
vn 0.9887877 0.064048804 0.1348948
vn -0.30349037 -0.09920673 0.94765586
vn -0.09158774 0.032574955 0.9952641
vn -0.09622174 0.18251298 0.97848374
vn -0.08531269 0.40695527 0.9094554
vn 0.05740371 0.334415 0.94067603
vn 0.0017951652 0.7061859 0.7080242
vn -0.065571845 0.72277606 0.68796444
vn 0.9441958 0.07775247 0.32007626
vn 0.9877424 0.027145812 0.15371396
vn 0.9887877 0.064048804 0.1348948
vn 0.9476332 0.15081191 0.28150842
vn -0.008468244 0.82199824 0.569427
vn -0.08531269 0.40695527 0.9094554
vn -0.065571845 0.72277606 0.68796444
vn 0.014580632 0.80344963 0.5951942
vn 0.8697492 0.11655911 0.4795314
vn 0.9441958 0.07775247 0.32007626
vn 0.9476332 0.15081191 0.28150842
vn 0.876603 0.2297548 0.4228236
vn -0.46604428 0.5917762 -0.6577261
vn -0.008468244 0.82199824 0.569427
vn 0.014580632 0.80344963 0.5951942
vn -0.21738091 0.97212946 -0.08780671
vn 0.75041515 0.15476522 0.6425923
vn 0.8697492 0.11655911 0.4795314
vn 0.876603 0.2297548 0.4228236
vn 0.760041 0.30866474 0.5718949
vn -0.5827839 -0.75121313 -0.309906
vn -0.46604428 0.5917762 -0.6577261
vn -0.21738091 0.97212946 -0.08780671
vn -0.2685866 -0.67573434 -0.6864724
vn 0.56091917 0.20056704 0.8032077
vn 0.75041515 0.15476522 0.6425923
vn 0.760041 0.30866474 0.5718949
vn 0.5720397 0.37791708 0.7279762
vn 0.9476332 0.15081191 0.28150842
vn 0.9887877 0.064048804 0.1348948
vn 0.98914844 0.09654744 0.11074284
vn 0.94783914 0.21804866 0.2324988
vn 0.014580632 0.80344963 0.5951942
vn -0.065571845 0.72277606 0.68796444
vn -0.0349714 0.7674801 0.64011824
vn -0.0667812 0.95723 0.2815158
vn 0.876603 0.2297548 0.4228236
vn 0.9476332 0.15081191 0.28150842
vn 0.94783914 0.21804866 0.2324988
vn 0.87442285 0.33547544 0.3504867
vn -0.21738091 0.97212946 -0.08780671
vn 0.014580632 0.80344963 0.5951942
vn -0.0667812 0.95723 0.2815158
vn -0.20835519 0.83108443 -0.5156422
vn 0.760041 0.30866474 0.5718949
vn 0.876603 0.2297548 0.4228236
vn 0.87442285 0.33547544 0.3504867
vn 0.75849223 0.4411175 0.47969252
vn -0.2685866 -0.67573434 -0.6864724
vn -0.21738091 0.97212946 -0.08780671
vn -0.20835519 0.83108443 -0.5156422
vn -0.34978312 0.45616704 -0.8182686
vn 0.5720397 0.37791708 0.7279762
vn 0.760041 0.30866474 0.5718949
vn 0.75849223 0.4411175 0.47969252
vn 0.582817 0.5098936 0.63271874
vn -0.86130816 -0.27147353 0.42947692
vn -0.2685866 -0.67573434 -0.6864724
vn -0.34978312 0.45616704 -0.8182686
vn -0.5358449 0.84341383 -0.03902824
vn 0.32232192 0.42228016 0.84722376
vn 0.5720397 0.37791708 0.7279762
vn 0.582817 0.5098936 0.63271874
vn 0.3181787 0.54403 0.7763978
vn -0.20287909 0.35054702 0.91430676
vn -0.86130816 -0.27147353 0.42947692
vn -0.5358449 0.84341383 -0.03902824
vn -0.2021393 0.6520043 0.73077357
vn 0.15740666 0.5052822 0.8484769
vn 0.32232192 0.42228016 0.84722376
vn 0.3181787 0.54403 0.7763978
vn 0.06892571 0.5835499 0.80914694
vn -0.09622174 0.18251298 0.97848374
vn -0.20287909 0.35054702 0.91430676
vn -0.2021393 0.6520043 0.73077357
vn -0.10381884 0.35295936 0.9298609
vn 0.0017951652 0.7061859 0.7080242
vn 0.15740666 0.5052822 0.8484769
vn 0.06892571 0.5835499 0.80914694
vn -0.03598921 0.6604707 0.7499888
vn 0.9887877 0.064048804 0.1348948
vn 0.99904877 -0.040750064 -0.01552456
vn 0.98914844 0.09654744 0.11074284
vn -0.30349037 -0.09920673 0.94765586
vn -0.09622174 0.18251298 0.97848374
vn -0.10381884 0.35295936 0.9298609
vn -0.065571845 0.72277606 0.68796444
vn 0.0017951652 0.7061859 0.7080242
vn -0.03598921 0.6604707 0.7499888
vn -0.0349714 0.7674801 0.64011824
vn 0.3181787 0.54403 0.7763978
vn 0.582817 0.5098936 0.63271874
vn 0.6066018 0.5986034 0.5231713
vn 0.29364914 0.647274 0.7034249
vn -0.2021393 0.6520043 0.73077357
vn -0.5358449 0.84341383 -0.03902824
vn -0.39159334 0.8422471 0.3705056
vn -0.1580044 0.7950562 0.58559394
vn 0.06892571 0.5835499 0.80914694
vn 0.3181787 0.54403 0.7763978
vn 0.29364914 0.647274 0.7034249
vn -0.025046887 0.7005321 0.7131812
vn -0.10381884 0.35295936 0.9298609
vn -0.2021393 0.6520043 0.73077357
vn -0.1580044 0.7950562 0.58559394
vn -0.11081167 0.5052194 0.85584706
vn -0.03598921 0.6604707 0.7499888
vn 0.06892571 0.5835499 0.80914694
vn -0.025046887 0.7005321 0.7131812
vn -0.08622297 0.77493805 0.6261283
vn 0.98914844 0.09654744 0.11074284
vn 0.99904877 -0.040750064 -0.01552456
vn 0.9889856 0.12199824 0.08380859
vn -0.30349037 -0.09920673 0.94765586
vn -0.10381884 0.35295936 0.9298609
vn -0.11081167 0.5052194 0.85584706
vn -0.0349714 0.7674801 0.64011824
vn -0.03598921 0.6604707 0.7499888
vn -0.08622297 0.77493805 0.6261283
vn -0.052248687 0.7999893 0.59773505
vn 0.94783914 0.21804866 0.2324988
vn 0.98914844 0.09654744 0.11074284
vn 0.9889856 0.12199824 0.08380859
vn 0.9449599 0.27417547 0.17854558
vn -0.0667812 0.95723 0.2815158
vn -0.0349714 0.7674801 0.64011824
vn -0.052248687 0.7999893 0.59773505
vn -0.18572475 0.76710296 0.6140516
vn 0.87442285 0.33547544 0.3504867
vn 0.94783914 0.21804866 0.2324988
vn 0.9449599 0.27417547 0.17854558
vn 0.86518353 0.4233034 0.26883405
vn -0.20835519 0.83108443 -0.5156422
vn -0.0667812 0.95723 0.2815158
vn -0.18572475 0.76710296 0.6140516
vn -0.97535294 0.10483918 0.19415306
vn 0.75849223 0.4411175 0.47969252
vn 0.87442285 0.33547544 0.3504867
vn 0.86518353 0.4233034 0.26883405
vn 0.7552713 0.5389241 0.37299597
vn -0.34978312 0.45616704 -0.8182686
vn -0.20835519 0.83108443 -0.5156422
vn -0.97535294 0.10483918 0.19415306
vn -0.71567327 0.6586066 0.23248453
vn 0.582817 0.5098936 0.63271874
vn 0.75849223 0.4411175 0.47969252
vn 0.7552713 0.5389241 0.37299597
vn 0.6066018 0.5986034 0.5231713
vn -0.5358449 0.84341383 -0.03902824
vn -0.34978312 0.45616704 -0.8182686
vn -0.71567327 0.6586066 0.23248453
vn -0.39159334 0.8422471 0.3705056
vn -0.18572475 0.76710296 0.6140516
vn -0.052248687 0.7999893 0.59773505
vn -0.04718269 0.83463854 0.5487735
vn -0.36676365 0.43872648 0.820368
vn 0.86518353 0.4233034 0.26883405
vn 0.9449599 0.27417547 0.17854558
vn 0.94117105 0.31143007 0.13118073
vn 0.852721 0.48580512 0.19199035
vn -0.97535294 0.10483918 0.19415306
vn -0.18572475 0.76710296 0.6140516
vn -0.36676365 0.43872648 0.820368
vn -0.2990468 -0.94372404 -0.14126562
vn 0.7552713 0.5389241 0.37299597
vn 0.86518353 0.4233034 0.26883405
vn 0.852721 0.48580512 0.19199035
vn 0.74699306 0.6154046 0.25155225
vn -0.71567327 0.6586066 0.23248453
vn -0.97535294 0.10483918 0.19415306
vn -0.2990468 -0.94372404 -0.14126562
vn -0.8125373 -0.08356279 0.57688856
vn 0.6066018 0.5986034 0.5231713
vn 0.7552713 0.5389241 0.37299597
vn 0.74699306 0.6154046 0.25155225
vn 0.6164479 0.7107485 0.33886352
vn -0.39159334 0.8422471 0.3705056
vn -0.71567327 0.6586066 0.23248453
vn -0.8125373 -0.08356279 0.57688856
vn -0.38983908 0.7529015 0.53024966
vn 0.29364914 0.647274 0.7034249
vn 0.6066018 0.5986034 0.5231713
vn 0.6164479 0.7107485 0.33886352
vn 0.26415277 0.83504516 0.48262072
vn -0.1580044 0.7950562 0.58559394
vn -0.39159334 0.8422471 0.3705056
vn -0.38983908 0.7529015 0.53024966
vn -0.13494071 0.8675109 0.47876483
vn -0.025046887 0.7005321 0.7131812
vn 0.29364914 0.647274 0.7034249
vn 0.26415277 0.83504516 0.48262072
vn -0.0762479 0.85227925 0.5175001
vn -0.11081167 0.5052194 0.85584706
vn -0.1580044 0.7950562 0.58559394
vn -0.13494071 0.8675109 0.47876483
vn -0.11609132 0.61832285 0.7773028
vn -0.08622297 0.77493805 0.6261283
vn -0.025046887 0.7005321 0.7131812
vn -0.0762479 0.85227925 0.5175001
vn -0.087979004 0.8510021 0.5177403
vn 0.9889856 0.12199824 0.08380859
vn 0.99904877 -0.040750064 -0.01552456
vn 0.9887522 0.13705805 0.05986767
vn -0.30349037 -0.09920673 0.94765586
vn -0.11081167 0.5052194 0.85584706
vn -0.11609132 0.61832285 0.7773028
vn -0.052248687 0.7999893 0.59773505
vn -0.08622297 0.77493805 0.6261283
vn -0.087979004 0.8510021 0.5177403
vn -0.04718269 0.83463854 0.5487735
vn 0.9449599 0.27417547 0.17854558
vn 0.9889856 0.12199824 0.08380859
vn 0.9887522 0.13705805 0.05986767
vn 0.94117105 0.31143007 0.13118073
vn -0.13494071 0.8675109 0.47876483
vn -0.38983908 0.7529015 0.53024966
vn -0.42240578 0.8497858 0.31533694
vn -0.12748149 0.925032 0.3578606
vn -0.0762479 0.85227925 0.5175001
vn 0.26415277 0.83504516 0.48262072
vn 0.25879323 0.95050067 0.17197251
vn -0.0039140703 0.9627489 0.27036875
vn -0.11609132 0.61832285 0.7773028
vn -0.13494071 0.8675109 0.47876483
vn -0.12748149 0.925032 0.3578606
vn -0.12235941 0.69407004 0.70943284
vn -0.087979004 0.8510021 0.5177403
vn -0.0762479 0.85227925 0.5175001
vn -0.0039140703 0.9627489 0.27036875
vn -0.03597493 0.9295768 0.3668688
vn 0.9887522 0.13705805 0.05986767
vn 0.99904877 -0.040750064 -0.01552456
vn 0.9890143 0.142125 0.040634703
vn -0.30349037 -0.09920673 0.94765586
vn -0.11609132 0.61832285 0.7773028
vn -0.12235941 0.69407004 0.70943284
vn -0.04718269 0.83463854 0.5487735
vn -0.087979004 0.8510021 0.5177403
vn -0.03597493 0.9295768 0.3668688
vn -0.05240584 0.9341947 0.3528937
vn 0.94117105 0.31143007 0.13118073
vn 0.9887522 0.13705805 0.05986767
vn 0.9890143 0.142125 0.040634703
vn 0.9398905 0.3281754 0.09437508
vn -0.36676365 0.43872648 0.820368
vn -0.04718269 0.83463854 0.5487735
vn -0.05240584 0.9341947 0.3528937
vn -0.19518879 0.9251396 -0.32560417
vn 0.852721 0.48580512 0.19199035
vn 0.94117105 0.31143007 0.13118073
vn 0.9398905 0.3281754 0.09437508
vn 0.84195393 0.522875 0.13309878
vn -0.2990468 -0.94372404 -0.14126562
vn -0.36676365 0.43872648 0.820368
vn -0.19518879 0.9251396 -0.32560417
vn -0.35734627 0.01341303 -0.9338757
vn 0.74699306 0.6154046 0.25155225
vn 0.852721 0.48580512 0.19199035
vn 0.84195393 0.522875 0.13309878
vn 0.723206 0.67633533 0.13979882
vn -0.8125373 -0.08356279 0.57688856
vn -0.2990468 -0.94372404 -0.14126562
vn -0.35734627 0.01341303 -0.9338757
vn -0.8046185 0.41758355 -0.4221531
vn 0.6164479 0.7107485 0.33886352
vn 0.74699306 0.6154046 0.25155225
vn 0.723206 0.67633533 0.13979882
vn 0.57439715 0.808494 0.1280836
vn -0.38983908 0.7529015 0.53024966
vn -0.8125373 -0.08356279 0.57688856
vn -0.8046185 0.41758355 -0.4221531
vn -0.42240578 0.8497858 0.31533694
vn 0.26415277 0.83504516 0.48262072
vn 0.6164479 0.7107485 0.33886352
vn 0.57439715 0.808494 0.1280836
vn 0.25879323 0.95050067 0.17197251
vn -0.35734627 0.01341303 -0.9338757
vn -0.19518879 0.9251396 -0.32560417
vn -0.23697299 0.8976459 0.37158528
vn -0.56149095 0.82113063 0.102334075
vn 0.723206 0.67633533 0.13979882
vn 0.84195393 0.522875 0.13309878
vn 0.8390458 0.5353613 0.096903555
vn 0.6952958 0.7143134 0.07949963
vn -0.8046185 0.41758355 -0.4221531
vn -0.35734627 0.01341303 -0.9338757
vn -0.56149095 0.82113063 0.102334075
vn -0.5886566 0.80531 0.07042147
vn 0.57439715 0.808494 0.1280836
vn 0.723206 0.67633533 0.13979882
vn 0.6952958 0.7143134 0.07949963
vn 0.5289528 0.8479298 0.03498731
vn -0.42240578 0.8497858 0.31533694
vn -0.8046185 0.41758355 -0.4221531
vn -0.5886566 0.80531 0.07042147
vn -0.33925712 0.9013443 0.26922676
vn 0.25879323 0.95050067 0.17197251
vn 0.57439715 0.808494 0.1280836
vn 0.5289528 0.8479298 0.03498731
vn 0.28350255 0.9582062 0.038305104
vn -0.12748149 0.925032 0.3578606
vn -0.42240578 0.8497858 0.31533694
vn -0.33925712 0.9013443 0.26922676
vn -0.11954993 0.9525292 0.2799927
vn -0.0039140703 0.9627489 0.27036875
vn 0.25879323 0.95050067 0.17197251
vn 0.28350255 0.9582062 0.038305104
vn 0.07397645 0.99100703 0.111500934
vn -0.12235941 0.69407004 0.70943284
vn -0.12748149 0.925032 0.3578606
vn -0.11954993 0.9525292 0.2799927
vn -0.13929655 0.74593335 0.65129095
vn -0.03597493 0.9295768 0.3668688
vn -0.0039140703 0.9627489 0.27036875
vn 0.07397645 0.99100703 0.111500934
vn -0.02073961 0.9709336 0.23844859
vn 0.9890143 0.142125 0.040634703
vn 0.99904877 -0.040750064 -0.01552456
vn 0.98989385 0.13997819 0.022721263
vn -0.30349037 -0.09920673 0.94765586
vn -0.12235941 0.69407004 0.70943284
vn -0.13929655 0.74593335 0.65129095
vn -0.05240584 0.9341947 0.3528937
vn -0.03597493 0.9295768 0.3668688
vn -0.02073961 0.9709336 0.23844859
vn -0.096130334 0.9293665 0.35642228
vn 0.9398905 0.3281754 0.09437508
vn 0.9890143 0.142125 0.040634703
vn 0.98989385 0.13997819 0.022721263
vn 0.94309783 0.32599238 0.065538876
vn -0.19518879 0.9251396 -0.32560417
vn -0.05240584 0.9341947 0.3528937
vn -0.096130334 0.9293665 0.35642228
vn -0.23697299 0.8976459 0.37158528
vn 0.84195393 0.522875 0.13309878
vn 0.9398905 0.3281754 0.09437508
vn 0.94309783 0.32599238 0.065538876
vn 0.8390458 0.5353613 0.096903555
vn -0.13929655 0.74593335 0.65129095
vn -0.11954993 0.9525292 0.2799927
vn -0.11561575 0.9666867 0.22836308
vn -0.1936794 0.787497 0.5850956
vn -0.02073961 0.9709336 0.23844859
vn 0.07397645 0.99100703 0.111500934
vn 0.07104878 0.9903287 -0.119168155
vn -0.05477699 0.98604393 -0.15721603
vn 0.98989385 0.13997819 0.022721263
vn 0.99904877 -0.040750064 -0.01552456
vn 0.9914238 0.13066329 0.0024705532
vn -0.30349037 -0.09920673 0.94765586
vn -0.13929655 0.74593335 0.65129095
vn -0.1936794 0.787497 0.5850956
vn -0.096130334 0.9293665 0.35642228
vn -0.02073961 0.9709336 0.23844859
vn -0.05477699 0.98604393 -0.15721603
vn -0.13126543 0.9911608 0.019223198
vn 0.94309783 0.32599238 0.065538876
vn 0.98989385 0.13997819 0.022721263
vn 0.9914238 0.13066329 0.0024705532
vn 0.9517918 0.3041861 0.039536227
vn -0.23697299 0.8976459 0.37158528
vn -0.096130334 0.9293665 0.35642228
vn -0.13126543 0.9911608 0.019223198
vn -0.28905788 0.5455787 0.78663164
vn 0.8390458 0.5353613 0.096903555
vn 0.94309783 0.32599238 0.065538876
vn 0.9517918 0.3041861 0.039536227
vn 0.85009205 0.5215609 0.072922766
vn -0.56149095 0.82113063 0.102334075
vn -0.23697299 0.8976459 0.37158528
vn -0.28905788 0.5455787 0.78663164
vn -0.5005951 0.17038156 0.84874886
vn 0.6952958 0.7143134 0.07949963
vn 0.8390458 0.5353613 0.096903555
vn 0.85009205 0.5215609 0.072922766
vn 0.68243885 0.7291023 0.05183636
vn -0.5886566 0.80531 0.07042147
vn -0.56149095 0.82113063 0.102334075
vn -0.5005951 0.17038156 0.84874886
vn -0.5285258 0.7038031 0.47468048
vn 0.5289528 0.8479298 0.03498731
vn 0.6952958 0.7143134 0.07949963
vn 0.68243885 0.7291023 0.05183636
vn 0.5138453 0.8578399 0.008595189
vn -0.33925712 0.9013443 0.26922676
vn -0.5886566 0.80531 0.07042147
vn -0.5285258 0.7038031 0.47468048
vn -0.27461246 0.9119757 0.30477586
vn 0.28350255 0.9582062 0.038305104
vn 0.5289528 0.8479298 0.03498731
vn 0.5138453 0.8578399 0.008595189
vn 0.29642215 0.95442724 -0.03467997
vn -0.11954993 0.9525292 0.2799927
vn -0.33925712 0.9013443 0.26922676
vn -0.27461246 0.9119757 0.30477586
vn -0.11561575 0.9666867 0.22836308
vn 0.07397645 0.99100703 0.111500934
vn 0.28350255 0.9582062 0.038305104
vn 0.29642215 0.95442724 -0.03467997
vn 0.07104878 0.9903287 -0.119168155
vn 0.68243885 0.7291023 0.05183636
vn 0.85009205 0.5215609 0.072922766
vn 0.8789116 0.47570747 0.034881126
vn 0.6955537 0.7182852 -0.016475562
vn -0.5285258 0.7038031 0.47468048
vn -0.5005951 0.17038156 0.84874886
vn -0.76312065 -0.61567575 -0.19644424
vn -0.62657845 0.7290283 -0.2755307
vn 0.5138453 0.8578399 0.008595189
vn 0.68243885 0.7291023 0.05183636
vn 0.6955537 0.7182852 -0.016475562
vn 0.5181283 0.8488533 -0.104838625
vn -0.27461246 0.9119757 0.30477586
vn -0.5285258 0.7038031 0.47468048
vn -0.62657845 0.7290283 -0.2755307
vn -0.24347822 0.96981156 -0.013559084
vn 0.29642215 0.95442724 -0.03467997
vn 0.5138453 0.8578399 0.008595189
vn 0.5181283 0.8488533 -0.104838625
vn 0.2811918 0.9327178 -0.22576243
vn -0.11561575 0.9666867 0.22836308
vn -0.27461246 0.9119757 0.30477586
vn -0.24347822 0.96981156 -0.013559084
vn -0.11526837 0.9781697 0.17290841
vn 0.07104878 0.9903287 -0.119168155
vn 0.29642215 0.95442724 -0.03467997
vn 0.2811918 0.9327178 -0.22576243
vn 0.01430766 0.90204793 -0.43139878
vn -0.1936794 0.787497 0.5850956
vn -0.11561575 0.9666867 0.22836308
vn -0.11526837 0.9781697 0.17290841
vn -0.26253238 0.7785036 0.57009554
vn -0.05477699 0.98604393 -0.15721603
vn 0.07104878 0.9903287 -0.119168155
vn 0.01430766 0.90204793 -0.43139878
vn -0.07590169 0.781405 -0.61939096
vn 0.9914238 0.13066329 0.0024705532
vn 0.99904877 -0.040750064 -0.01552456
vn 0.9933016 0.11300353 -0.024128176
vn -0.30349037 -0.09920673 0.94765586
vn -0.1936794 0.787497 0.5850956
vn -0.26253238 0.7785036 0.57009554
vn -0.13126543 0.9911608 0.019223198
vn -0.05477699 0.98604393 -0.15721603
vn -0.07590169 0.781405 -0.61939096
vn -0.10601226 0.70551956 -0.70071644
vn 0.9517918 0.3041861 0.039536227
vn 0.9914238 0.13066329 0.0024705532
vn 0.9933016 0.11300353 -0.024128176
vn 0.9652786 0.261174 0.0050281305
vn -0.28905788 0.5455787 0.78663164
vn -0.13126543 0.9911608 0.019223198
vn -0.10601226 0.70551956 -0.70071644
vn -0.39698973 -0.24428742 -0.8847162
vn 0.85009205 0.5215609 0.072922766
vn 0.9517918 0.3041861 0.039536227
vn 0.9652786 0.261174 0.0050281305
vn 0.8789116 0.47570747 0.034881126
vn -0.5005951 0.17038156 0.84874886
vn -0.28905788 0.5455787 0.78663164
vn -0.39698973 -0.24428742 -0.8847162
vn -0.76312065 -0.61567575 -0.19644424
vn -0.07590169 0.781405 -0.61939096
vn 0.01430766 0.90204793 -0.43139878
vn -0.041998457 0.807318 -0.58862025
vn -0.121574685 0.733195 -0.66906255
vn 0.9933016 0.11300353 -0.024128176
vn 0.99904877 -0.040750064 -0.01552456
vn 0.9946249 0.0860517 -0.057587575
vn -0.30349037 -0.09920673 0.94765586
vn -0.26253238 0.7785036 0.57009554
vn -0.3354676 0.73376846 0.5908005
vn -0.10601226 0.70551956 -0.70071644
vn -0.07590169 0.781405 -0.61939096
vn -0.121574685 0.733195 -0.66906255
vn -0.13715316 0.59584683 -0.79129994
vn 0.9652786 0.261174 0.0050281305
vn 0.9933016 0.11300353 -0.024128176
vn 0.9946249 0.0860517 -0.057587575
vn 0.9796705 0.19535981 -0.045608755
vn -0.39698973 -0.24428742 -0.8847162
vn -0.10601226 0.70551956 -0.70071644
vn -0.13715316 0.59584683 -0.79129994
vn -0.22279942 0.24267136 -0.94417745
vn 0.8789116 0.47570747 0.034881126
vn 0.9652786 0.261174 0.0050281305
vn 0.9796705 0.19535981 -0.045608755
vn 0.9219698 0.38528815 -0.039048288
vn -0.76312065 -0.61567575 -0.19644424
vn -0.39698973 -0.24428742 -0.8847162
vn -0.22279942 0.24267136 -0.94417745
vn -0.2953052 0.13885747 -0.94525844
vn 0.6955537 0.7182852 -0.016475562
vn 0.8789116 0.47570747 0.034881126
vn 0.9219698 0.38528815 -0.039048288
vn 0.7339011 0.6580514 -0.16839655
vn -0.62657845 0.7290283 -0.2755307
vn -0.76312065 -0.61567575 -0.19644424
vn -0.2953052 0.13885747 -0.94525844
vn -0.2628557 0.57070637 -0.77794677
vn 0.5181283 0.8488533 -0.104838625
vn 0.6955537 0.7182852 -0.016475562
vn 0.7339011 0.6580514 -0.16839655
vn 0.5112961 0.785609 -0.34841755
vn -0.24347822 0.96981156 -0.013559084
vn -0.62657845 0.7290283 -0.2755307
vn -0.2628557 0.57070637 -0.77794677
vn -0.16406375 0.8896083 -0.42623946
vn 0.2811918 0.9327178 -0.22576243
vn 0.5181283 0.8488533 -0.104838625
vn 0.5112961 0.785609 -0.34841755
vn 0.25036654 0.8317922 -0.49541733
vn -0.11526837 0.9781697 0.17290841
vn -0.24347822 0.96981156 -0.013559084
vn -0.16406375 0.8896083 -0.42623946
vn -0.13316311 0.9908548 0.021779936
vn 0.01430766 0.90204793 -0.43139878
vn 0.2811918 0.9327178 -0.22576243
vn 0.25036654 0.8317922 -0.49541733
vn -0.041998457 0.807318 -0.58862025
vn -0.26253238 0.7785036 0.57009554
vn -0.11526837 0.9781697 0.17290841
vn -0.13316311 0.9908548 0.021779936
vn -0.3354676 0.73376846 0.5908005
vn -0.2628557 0.57070637 -0.77794677
vn -0.2953052 0.13885747 -0.94525844
vn -0.30108932 0.7910046 -0.5325947
vn -0.17985076 0.79234344 -0.5829628
vn 0.5112961 0.785609 -0.34841755
vn 0.7339011 0.6580514 -0.16839655
vn 0.7755943 0.50091684 -0.38410392
vn 0.4800843 0.62652177 -0.61399466
vn -0.16406375 0.8896083 -0.42623946
vn -0.2628557 0.57070637 -0.77794677
vn -0.17985076 0.79234344 -0.5829628
vn -0.12446982 0.82825613 -0.5463507
vn 0.25036654 0.8317922 -0.49541733
vn 0.5112961 0.785609 -0.34841755
vn 0.4800843 0.62652177 -0.61399466
vn 0.24066854 0.6714431 -0.70088714
vn -0.13316311 0.9908548 0.021779936
vn -0.16406375 0.8896083 -0.42623946
vn -0.12446982 0.82825613 -0.5463507
vn -0.17467323 0.968313 -0.17849159
vn -0.041998457 0.807318 -0.58862025
vn 0.25036654 0.8317922 -0.49541733
vn 0.24066854 0.6714431 -0.70088714
vn -0.029486101 0.74724174 -0.66389793
vn -0.3354676 0.73376846 0.5908005
vn -0.13316311 0.9908548 0.021779936
vn -0.17467323 0.968313 -0.17849159
vn -0.431311 0.6840318 0.5882783
vn -0.121574685 0.733195 -0.66906255
vn -0.041998457 0.807318 -0.58862025
vn -0.029486101 0.74724174 -0.66389793
vn -0.15225677 0.7802338 -0.60667366
vn 0.9946249 0.0860517 -0.057587575
vn 0.99904877 -0.040750064 -0.01552456
vn 0.9941677 0.050589148 -0.09524346
vn -0.30349037 -0.09920673 0.94765586
vn -0.3354676 0.73376846 0.5908005
vn -0.431311 0.6840318 0.5882783
vn -0.13715316 0.59584683 -0.79129994
vn -0.121574685 0.733195 -0.66906255
vn -0.15225677 0.7802338 -0.60667366
vn -0.1608115 0.78630686 -0.596541
vn 0.9796705 0.19535981 -0.045608755
vn 0.9946249 0.0860517 -0.057587575
vn 0.9941677 0.050589148 -0.09524346
vn 0.98744845 0.110204086 -0.1131401
vn -0.22279942 0.24267136 -0.94417745
vn -0.13715316 0.59584683 -0.79129994
vn -0.1608115 0.78630686 -0.596541
vn -0.27838165 0.8089656 -0.5177627
vn 0.9219698 0.38528815 -0.039048288
vn 0.9796705 0.19535981 -0.045608755
vn 0.98744845 0.110204086 -0.1131401
vn 0.95859194 0.24023502 -0.15293331
vn -0.2953052 0.13885747 -0.94525844
vn -0.22279942 0.24267136 -0.94417745
vn -0.27838165 0.8089656 -0.5177627
vn -0.30108932 0.7910046 -0.5325947
vn 0.7339011 0.6580514 -0.16839655
vn 0.9219698 0.38528815 -0.039048288
vn 0.95859194 0.24023502 -0.15293331
vn 0.7755943 0.50091684 -0.38410392
vn 0.9941677 0.050589148 -0.09524346
vn 0.99904877 -0.040750064 -0.01552456
vn 0.9912122 0.010770267 -0.13184182
vn -0.30349037 -0.09920673 0.94765586
vn -0.431311 0.6840318 0.5882783
vn -0.552934 0.6056096 0.572277
vn -0.1608115 0.78630686 -0.596541
vn -0.15225677 0.7802338 -0.60667366
vn -0.089216635 0.7463526 -0.65954393
vn -0.17623349 0.86074847 -0.47754976
vn 0.98744845 0.110204086 -0.1131401
vn 0.9941677 0.050589148 -0.09524346
vn 0.9912122 0.010770267 -0.13184182
vn 0.9816419 0.018233666 -0.18985987
vn -0.27838165 0.8089656 -0.5177627
vn -0.1608115 0.78630686 -0.596541
vn -0.17623349 0.86074847 -0.47754976
vn -0.5571475 0.72748464 -0.40044066
vn 0.95859194 0.24023502 -0.15293331
vn 0.98744845 0.110204086 -0.1131401
vn 0.9816419 0.018233666 -0.18985987
vn 0.9563509 0.059257127 -0.28614953
vn -0.30108932 0.7910046 -0.5325947
vn -0.27838165 0.8089656 -0.5177627
vn -0.5571475 0.72748464 -0.40044066
vn -0.49842554 0.6370444 -0.588002
vn 0.7755943 0.50091684 -0.38410392
vn 0.95859194 0.24023502 -0.15293331
vn 0.9563509 0.059257127 -0.28614953
vn 0.7757087 0.24057099 -0.5834395
vn -0.17985076 0.79234344 -0.5829628
vn -0.30108932 0.7910046 -0.5325947
vn -0.49842554 0.6370444 -0.588002
vn -0.16062716 0.7428436 -0.64990944
vn 0.4800843 0.62652177 -0.61399466
vn 0.7755943 0.50091684 -0.38410392
vn 0.7757087 0.24057099 -0.5834395
vn 0.4532507 0.3877425 -0.8026328
vn -0.12446982 0.82825613 -0.5463507
vn -0.17985076 0.79234344 -0.5829628
vn -0.16062716 0.7428436 -0.64990944
vn -0.14214405 0.7236707 -0.67534864
vn 0.24066854 0.6714431 -0.70088714
vn 0.4800843 0.62652177 -0.61399466
vn 0.4532507 0.3877425 -0.8026328
vn 0.26725203 0.47612888 -0.8377814
vn -0.17467323 0.968313 -0.17849159
vn -0.12446982 0.82825613 -0.5463507
vn -0.14214405 0.7236707 -0.67534864
vn -0.25112343 0.9189351 -0.3041303
vn -0.029486101 0.74724174 -0.66389793
vn 0.24066854 0.6714431 -0.70088714
vn 0.26725203 0.47612888 -0.8377814
vn 0.05810077 0.6116539 -0.788989
vn -0.431311 0.6840318 0.5882783
vn -0.17467323 0.968313 -0.17849159
vn -0.25112343 0.9189351 -0.3041303
vn -0.552934 0.6056096 0.572277
vn -0.15225677 0.7802338 -0.60667366
vn -0.029486101 0.74724174 -0.66389793
vn 0.05810077 0.6116539 -0.788989
vn -0.089216635 0.7463526 -0.65954393
vn 0.4532507 0.3877425 -0.8026328
vn 0.7757087 0.24057099 -0.5834395
vn 0.726841 -0.013699448 -0.6866692
vn 0.44087496 0.13345262 -0.8875921
vn -0.14214405 0.7236707 -0.67534864
vn -0.16062716 0.7428436 -0.64990944
vn -0.16542901 0.33852744 -0.92630035
vn -0.14299893 0.451391 -0.88079363
vn 0.26725203 0.47612888 -0.8377814
vn 0.4532507 0.3877425 -0.8026328
vn 0.44087496 0.13345262 -0.8875921
vn 0.29886127 0.23567435 -0.9247375
vn -0.25112343 0.9189351 -0.3041303
vn -0.14214405 0.7236707 -0.67534864
vn -0.14299893 0.451391 -0.88079363
vn -0.4285113 0.7722142 -0.46910912
vn 0.05810077 0.6116539 -0.788989
vn 0.26725203 0.47612888 -0.8377814
vn 0.29886127 0.23567435 -0.9247375
vn 0.16611363 0.3515382 -0.9213182
vn -0.552934 0.6056096 0.572277
vn -0.25112343 0.9189351 -0.3041303
vn -0.4285113 0.7722142 -0.46910912
vn -0.73639524 0.4539437 0.50165445
vn -0.089216635 0.7463526 -0.65954393
vn 0.05810077 0.6116539 -0.788989
vn 0.16611363 0.3515382 -0.9213182
vn 0.02891401 0.48088315 -0.87630785
vn 0.9912122 0.010770267 -0.13184182
vn 0.99904877 -0.040750064 -0.01552456
vn 0.9865037 -0.026334807 -0.16160713
vn -0.30349037 -0.09920673 0.94765586
vn -0.552934 0.6056096 0.572277
vn -0.73639524 0.4539437 0.50165445
vn -0.17623349 0.86074847 -0.47754976
vn -0.089216635 0.7463526 -0.65954393
vn 0.02891401 0.48088315 -0.87630785
vn -0.30047455 0.42325795 -0.85473263
vn 0.9816419 0.018233666 -0.18985987
vn 0.9912122 0.010770267 -0.13184182
vn 0.9865037 -0.026334807 -0.16160713
vn 0.9630223 -0.060562667 -0.26252678
vn -0.5571475 0.72748464 -0.40044066
vn -0.17623349 0.86074847 -0.47754976
vn -0.30047455 0.42325795 -0.85473263
vn -0.71073425 -0.11066732 -0.6947011
vn 0.9563509 0.059257127 -0.28614953
vn 0.9816419 0.018233666 -0.18985987
vn 0.9630223 -0.060562667 -0.26252678
vn 0.91086453 -0.097663976 -0.4009833
vn -0.49842554 0.6370444 -0.588002
vn -0.5571475 0.72748464 -0.40044066
vn -0.71073425 -0.11066732 -0.6947011
vn -0.42074588 0.09870001 -0.90179336
vn 0.7757087 0.24057099 -0.5834395
vn 0.9563509 0.059257127 -0.28614953
vn 0.91086453 -0.097663976 -0.4009833
vn 0.726841 -0.013699448 -0.6866692
vn -0.16062716 0.7428436 -0.64990944
vn -0.49842554 0.6370444 -0.588002
vn -0.42074588 0.09870001 -0.90179336
vn -0.16542901 0.33852744 -0.92630035
vn -0.30047455 0.42325795 -0.85473263
vn 0.02891401 0.48088315 -0.87630785
vn 0.11524798 0.1126941 -0.98692346
vn -0.08929835 -0.0700638 -0.9935375
vn 0.9630223 -0.060562667 -0.26252678
vn 0.9865037 -0.026334807 -0.16160713
vn 0.98175067 -0.05511366 -0.18201132
vn 0.94124264 -0.10906424 -0.31963617
vn -0.71073425 -0.11066732 -0.6947011
vn -0.30047455 0.42325795 -0.85473263
vn -0.08929835 -0.0700638 -0.9935375
vn -0.41875568 0.2210622 -0.88078105
vn 0.91086453 -0.097663976 -0.4009833
vn 0.9630223 -0.060562667 -0.26252678
vn 0.94124264 -0.10906424 -0.31963617
vn 0.85966593 -0.17816812 -0.47878045
vn -0.42074588 0.09870001 -0.90179336
vn -0.71073425 -0.11066732 -0.6947011
vn -0.41875568 0.2210622 -0.88078105
vn -0.37347335 0.49098244 -0.787054
vn 0.726841 -0.013699448 -0.6866692
vn 0.91086453 -0.097663976 -0.4009833
vn 0.85966593 -0.17816812 -0.47878045
vn 0.68257457 -0.15706557 -0.71373826
vn -0.16542901 0.33852744 -0.92630035
vn -0.42074588 0.09870001 -0.90179336
vn -0.37347335 0.49098244 -0.787054
vn -0.22004142 0.2613813 -0.93982
vn 0.44087496 0.13345262 -0.8875921
vn 0.726841 -0.013699448 -0.6866692
vn 0.68257457 -0.15706557 -0.71373826
vn 0.44332448 -0.047912195 -0.8950798
vn -0.14299893 0.451391 -0.88079363
vn -0.16542901 0.33852744 -0.92630035
vn -0.22004142 0.2613813 -0.93982
vn -0.12211884 0.22106814 -0.9675825
vn 0.29886127 0.23567435 -0.9247375
vn 0.44087496 0.13345262 -0.8875921
vn 0.44332448 -0.047912195 -0.8950798
vn 0.31083703 0.025998032 -0.9501076
vn -0.4285113 0.7722142 -0.46910912
vn -0.14299893 0.451391 -0.88079363
vn -0.12211884 0.22106814 -0.9675825
vn -0.635559 0.41446784 -0.6513686
vn 0.16611363 0.3515382 -0.9213182
vn 0.29886127 0.23567435 -0.9247375
vn 0.31083703 0.025998032 -0.9501076
vn 0.23763251 0.070844054 -0.9687682
vn -0.73639524 0.4539437 0.50165445
vn -0.4285113 0.7722142 -0.46910912
vn -0.635559 0.41446784 -0.6513686
vn -0.8939171 0.189247 0.4063223
vn 0.02891401 0.48088315 -0.87630785
vn 0.16611363 0.3515382 -0.9213182
vn 0.23763251 0.070844054 -0.9687682
vn 0.11524798 0.1126941 -0.98692346
vn 0.9865037 -0.026334807 -0.16160713
vn 0.99904877 -0.040750064 -0.01552456
vn 0.98175067 -0.05511366 -0.18201132
vn -0.30349037 -0.09920673 0.94765586
vn -0.73639524 0.4539437 0.50165445
vn -0.8939171 0.189247 0.4063223
vn -0.12211884 0.22106814 -0.9675825
vn -0.22004142 0.2613813 -0.93982
vn -0.28367186 0.4863751 -0.82641965
vn -0.12629277 0.077541135 -0.9889578
vn 0.31083703 0.025998032 -0.9501076
vn 0.44332448 -0.047912195 -0.8950798
vn 0.45826474 -0.1474161 -0.8765055
vn 0.31006855 -0.10941268 -0.94439733
vn -0.635559 0.41446784 -0.6513686
vn -0.12211884 0.22106814 -0.9675825
vn -0.12629277 0.077541135 -0.9889578
vn -0.67642534 -0.08717449 -0.73133403
vn 0.23763251 0.070844054 -0.9687682
vn 0.31083703 0.025998032 -0.9501076
vn 0.31006855 -0.10941268 -0.94439733
vn 0.24793631 -0.12877895 -0.9601789
vn -0.8939171 0.189247 0.4063223
vn -0.635559 0.41446784 -0.6513686
vn -0.67642534 -0.08717449 -0.73133403
vn -0.9234513 -0.13940836 0.3574955
vn 0.11524798 0.1126941 -0.98692346
vn 0.23763251 0.070844054 -0.9687682
vn 0.24793631 -0.12877895 -0.9601789
vn 0.16261418 -0.14230542 -0.97637385
vn 0.98175067 -0.05511366 -0.18201132
vn 0.99904877 -0.040750064 -0.01552456
vn 0.9780843 -0.07558913 -0.19400336
vn -0.30349037 -0.09920673 0.94765586
vn -0.8939171 0.189247 0.4063223
vn -0.9234513 -0.13940836 0.3574955
vn -0.08929835 -0.0700638 -0.9935375
vn 0.11524798 0.1126941 -0.98692346
vn 0.16261418 -0.14230542 -0.97637385
vn 0.06231103 0.03474938 -0.9974517
vn 0.94124264 -0.10906424 -0.31963617
vn 0.98175067 -0.05511366 -0.18201132
vn 0.9780843 -0.07558913 -0.19400336
vn 0.9248342 -0.13162573 -0.35687026
vn -0.41875568 0.2210622 -0.88078105
vn -0.08929835 -0.0700638 -0.9935375
vn 0.06231103 0.03474938 -0.9974517
vn -0.17079458 0.8029344 -0.57107407
vn 0.85966593 -0.17816812 -0.47878045
vn 0.94124264 -0.10906424 -0.31963617
vn 0.9248342 -0.13162573 -0.35687026
vn 0.8274272 -0.19464411 -0.5267617
vn -0.37347335 0.49098244 -0.787054
vn -0.41875568 0.2210622 -0.88078105
vn -0.17079458 0.8029344 -0.57107407
vn -0.37620187 0.91001725 -0.17418537
vn 0.68257457 -0.15706557 -0.71373826
vn 0.85966593 -0.17816812 -0.47878045
vn 0.8274272 -0.19464411 -0.5267617
vn 0.66411215 -0.20457725 -0.71909887
vn -0.22004142 0.2613813 -0.93982
vn -0.37347335 0.49098244 -0.787054
vn -0.37620187 0.91001725 -0.17418537
vn -0.28367186 0.4863751 -0.82641965
vn 0.44332448 -0.047912195 -0.8950798
vn 0.68257457 -0.15706557 -0.71373826
vn 0.66411215 -0.20457725 -0.71909887
vn 0.45826474 -0.1474161 -0.8765055
vn 0.12506084 -0.00092015375 0.99214864
vn 0.14829148 0.25679886 0.95502037
vn 0.20101549 -0.17159629 0.96444154
vn 0.20993343 -0.21175653 0.95450884
vn -0.30586958 0.1199055 0.94449276
vn -0.2949251 0.23440681 0.9263221
vn -0.44847137 0.23849812 0.8613896
vn -0.42798704 0.14321229 0.8923662
vn 0.6619721 0.17850022 0.7279634
vn 0.46325034 0.6270523 0.6262624
vn 0.14829148 0.25679886 0.95502037
vn 0.12506084 -0.00092015375 0.99214864
vn -0.26213497 0.15668459 0.9522264
vn -0.21758483 0.29620653 0.93000996
vn -0.2949251 0.23440681 0.9263221
vn -0.30586958 0.1199055 0.94449276
vn 0.90843534 0.17288947 -0.3805976
vn 0.79549724 0.47195688 -0.3800537
vn 0.46325034 0.6270523 0.6262624
vn 0.6619721 0.17850022 0.7279634
vn -0.17233768 0.18413395 0.96767473
vn -0.15284812 0.41729438 0.8958252
vn -0.21758483 0.29620653 0.93000996
vn -0.26213497 0.15668459 0.9522264
vn -0.97623265 0.1150779 0.18364891
vn -0.97321177 0.12761289 0.19124284
vn -0.9983939 0.053512085 0.018603615
vn 0.28991315 0.13118975 -0.9480187
vn 0.79549724 0.47195688 -0.3800537
vn 0.90843534 0.17288947 -0.3805976
vn -0.0041144695 0.030773275 0.9995179
vn -0.045036126 0.55332446 0.8317474
vn -0.15284812 0.41729438 0.8958252
vn -0.17233768 0.18413395 0.96767473
vn -0.9217161 0.17994574 0.34359723
vn -0.91071093 0.19451901 0.3643734
vn -0.97321177 0.12761289 0.19124284
vn -0.97623265 0.1150779 0.18364891
vn 0.38384277 -0.60742915 0.6954814
vn 0.3500283 0.27397922 0.89577657
vn -0.045036126 0.55332446 0.8317474
vn -0.0041144695 0.030773275 0.9995179
vn -0.8136786 0.23214677 0.53294927
vn -0.7999872 0.24849686 0.54614073
vn -0.91071093 0.19451901 0.3643734
vn -0.9217161 0.17994574 0.34359723
vn 0.45413965 -0.6498651 0.6094527
vn 0.4175289 -0.3941397 0.8187329
vn 0.3500283 0.27397922 0.89577657
vn 0.38384277 -0.60742915 0.6954814
vn -0.63324124 0.2122722 0.74427545
vn -0.637225 0.26142472 0.7249837
vn -0.7999872 0.24849686 0.54614073
vn -0.8136786 0.23214677 0.53294927
vn 0.20993343 -0.21175653 0.95450884
vn 0.20101549 -0.17159629 0.96444154
vn 0.4175289 -0.3941397 0.8187329
vn 0.45413965 -0.6498651 0.6094527
vn -0.42798704 0.14321229 0.8923662
vn -0.44847137 0.23849812 0.8613896
vn -0.637225 0.26142472 0.7249837
vn -0.63324124 0.2122722 0.74427545
vn -0.637225 0.26142472 0.7249837
vn -0.63951385 0.3390424 0.6899799
vn -0.79181844 0.294419 0.5351085
vn -0.7999872 0.24849686 0.54614073
vn 0.20101549 -0.17159629 0.96444154
vn 0.1924244 0.3196268 0.92779934
vn 0.19832043 0.4178004 0.8866295
vn 0.4175289 -0.3941397 0.8187329
vn -0.44847137 0.23849812 0.8613896
vn -0.46464068 0.3569785 0.81035507
vn -0.63951385 0.3390424 0.6899799
vn -0.637225 0.26142472 0.7249837
vn 0.14829148 0.25679886 0.95502037
vn 0.16667242 0.53200555 0.830175
vn 0.1924244 0.3196268 0.92779934
vn 0.20101549 -0.17159629 0.96444154
vn -0.2949251 0.23440681 0.9263221
vn -0.2956968 0.36788544 0.8816029
vn -0.46464068 0.3569785 0.81035507
vn -0.44847137 0.23849812 0.8613896
vn 0.46325034 0.6270523 0.6262624
vn 0.27856174 0.81320715 0.510977
vn 0.16667242 0.53200555 0.830175
vn 0.14829148 0.25679886 0.95502037
vn -0.21758483 0.29620653 0.93000996
vn -0.17112732 0.4068025 0.89734447
vn -0.2956968 0.36788544 0.8816029
vn -0.2949251 0.23440681 0.9263221
vn 0.79549724 0.47195688 -0.3800537
vn 0.6186377 0.6594543 -0.4270918
vn 0.27856174 0.81320715 0.510977
vn 0.46325034 0.6270523 0.6262624
vn -0.15284812 0.41729438 0.8958252
vn -0.087491594 0.50644124 0.8578243
vn -0.17112732 0.4068025 0.89734447
vn -0.21758483 0.29620653 0.93000996
vn -0.97321177 0.12761289 0.19124284
vn -0.97126263 0.14091873 0.1918094
vn -0.9983939 0.053512085 0.018603615
vn 0.28991315 0.13118975 -0.9480187
vn 0.6186377 0.6594543 -0.4270918
vn 0.79549724 0.47195688 -0.3800537
vn -0.045036126 0.55332446 0.8317474
vn -0.007346387 0.69269645 0.7211919
vn -0.087491594 0.50644124 0.8578243
vn -0.15284812 0.41729438 0.8958252
vn -0.91071093 0.19451901 0.3643734
vn -0.9038465 0.22360764 0.36477548
vn -0.97126263 0.14091873 0.1918094
vn -0.97321177 0.12761289 0.19124284
vn 0.3500283 0.27397922 0.89577657
vn 0.124376036 0.71759266 0.6852674
vn -0.007346387 0.69269645 0.7211919
vn -0.045036126 0.55332446 0.8317474
vn -0.7999872 0.24849686 0.54614073
vn -0.79181844 0.294419 0.5351085
vn -0.9038465 0.22360764 0.36477548
vn -0.91071093 0.19451901 0.3643734
vn 0.4175289 -0.3941397 0.8187329
vn 0.19832043 0.4178004 0.8866295
vn 0.124376036 0.71759266 0.6852674
vn 0.3500283 0.27397922 0.89577657
vn -0.087491594 0.50644124 0.8578243
vn -0.04798808 0.5141559 0.85635316
vn -0.17023584 0.5019571 0.84797335
vn -0.17112732 0.4068025 0.89734447
vn -0.97126263 0.14091873 0.1918094
vn -0.9699338 0.15934864 0.18394679
vn -0.9983939 0.053512085 0.018603615
vn 0.28991315 0.13118975 -0.9480187
vn 0.45435873 0.7405566 -0.4951102
vn 0.6186377 0.6594543 -0.4270918
vn -0.007346387 0.69269645 0.7211919
vn 0.039536916 0.5660891 0.82339543
vn -0.04798808 0.5141559 0.85635316
vn -0.087491594 0.50644124 0.8578243
vn -0.9038465 0.22360764 0.36477548
vn -0.9003129 0.2647219 0.34548375
vn -0.9699338 0.15934864 0.18394679
vn -0.97126263 0.14091873 0.1918094
vn 0.124376036 0.71759266 0.6852674
vn 0.079396054 0.6701182 0.73799586
vn 0.039536916 0.5660891 0.82339543
vn -0.007346387 0.69269645 0.7211919
vn -0.79181844 0.294419 0.5351085
vn -0.78912115 0.35752937 0.49946016
vn -0.9003129 0.2647219 0.34548375
vn -0.9038465 0.22360764 0.36477548
vn 0.19832043 0.4178004 0.8866295
vn 0.0869914 0.7454581 0.6608515
vn 0.079396054 0.6701182 0.73799586
vn 0.124376036 0.71759266 0.6852674
vn -0.63951385 0.3390424 0.6899799
vn -0.6432941 0.42997348 0.6334788
vn -0.78912115 0.35752937 0.49946016
vn -0.79181844 0.294419 0.5351085
vn 0.1924244 0.3196268 0.92779934
vn 0.115255676 0.7542608 0.64637977
vn 0.0869914 0.7454581 0.6608515
vn 0.19832043 0.4178004 0.8866295
vn -0.46464068 0.3569785 0.81035507
vn -0.47712773 0.47962072 0.7364191
vn -0.6432941 0.42997348 0.6334788
vn -0.63951385 0.3390424 0.6899799
vn 0.16667242 0.53200555 0.830175
vn 0.1354496 0.7553713 0.6411457
vn 0.115255676 0.7542608 0.64637977
vn 0.1924244 0.3196268 0.92779934
vn -0.2956968 0.36788544 0.8816029
vn -0.31271958 0.5024297 0.8060836
vn -0.47712773 0.47962072 0.7364191
vn -0.46464068 0.3569785 0.81035507
vn 0.27856174 0.81320715 0.510977
vn 0.17477125 0.9248986 0.33766493
vn 0.1354496 0.7553713 0.6411457
vn 0.16667242 0.53200555 0.830175
vn -0.17112732 0.4068025 0.89734447
vn -0.17023584 0.5019571 0.84797335
vn -0.31271958 0.5024297 0.8060836
vn -0.2956968 0.36788544 0.8816029
vn 0.6186377 0.6594543 -0.4270918
vn 0.45435873 0.7405566 -0.4951102
vn 0.17477125 0.9248986 0.33766493
vn 0.27856174 0.81320715 0.510977
vn 0.115255676 0.7542608 0.64637977
vn 0.09461255 0.82965416 0.5502022
vn 0.1888004 0.6824518 0.70612615
vn 0.0869914 0.7454581 0.6608515
vn -0.47712773 0.47962072 0.7364191
vn -0.48847675 0.59589136 0.6374197
vn -0.64942336 0.5221449 0.55282366
vn -0.6432941 0.42997348 0.6334788
vn 0.1354496 0.7553713 0.6411457
vn 0.09456128 0.8698097 0.48424086
vn 0.09461255 0.82965416 0.5502022
vn 0.115255676 0.7542608 0.64637977
vn -0.31271958 0.5024297 0.8060836
vn -0.3422108 0.6282709 0.6986898
vn -0.48847675 0.59589136 0.6374197
vn -0.47712773 0.47962072 0.7364191
vn 0.17477125 0.9248986 0.33766493
vn 0.13571876 0.96373737 0.22976238
vn 0.09456128 0.8698097 0.48424086
vn 0.1354496 0.7553713 0.6411457
vn -0.17023584 0.5019571 0.84797335
vn -0.22102068 0.61170405 0.7595841
vn -0.3422108 0.6282709 0.6986898
vn -0.31271958 0.5024297 0.8060836
vn 0.45435873 0.7405566 -0.4951102
vn 0.3573989 0.81404823 -0.45781174
vn 0.13571876 0.96373737 0.22976238
vn 0.17477125 0.9248986 0.33766493
vn -0.04798808 0.5141559 0.85635316
vn -0.08180607 0.5654308 0.8207287
vn -0.22102068 0.61170405 0.7595841
vn -0.17023584 0.5019571 0.84797335
vn -0.9699338 0.15934864 0.18394679
vn -0.9693383 0.17951018 0.16780737
vn -0.9983939 0.053512085 0.018603615
vn 0.28991315 0.13118975 -0.9480187
vn 0.3573989 0.81404823 -0.45781174
vn 0.45435873 0.7405566 -0.4951102
vn 0.039536916 0.5660891 0.82339543
vn 0.024759127 0.4841195 0.8746515
vn -0.08180607 0.5654308 0.8207287
vn -0.04798808 0.5141559 0.85635316
vn -0.9003129 0.2647219 0.34548375
vn -0.89995223 0.30755994 0.30901924
vn -0.9693383 0.17951018 0.16780737
vn -0.9699338 0.15934864 0.18394679
vn 0.079396054 0.6701182 0.73799586
vn 0.1490458 0.46695432 0.8716301
vn 0.024759127 0.4841195 0.8746515
vn 0.039536916 0.5660891 0.82339543
vn -0.78912115 0.35752937 0.49946016
vn -0.7912182 0.42380401 0.44086713
vn -0.89995223 0.30755994 0.30901924
vn -0.9003129 0.2647219 0.34548375
vn 0.0869914 0.7454581 0.6608515
vn 0.1888004 0.6824518 0.70612615
vn 0.1490458 0.46695432 0.8716301
vn 0.079396054 0.6701182 0.73799586
vn -0.6432941 0.42997348 0.6334788
vn -0.64942336 0.5221449 0.55282366
vn -0.7912182 0.42380401 0.44086713
vn -0.78912115 0.35752937 0.49946016
vn 0.28991315 0.13118975 -0.9480187
vn 0.277092 0.85498285 -0.43843403
vn 0.3573989 0.81404823 -0.45781174
vn 0.024759127 0.4841195 0.8746515
vn -0.040436413 0.7495069 0.66076034
vn -0.1423205 0.7698249 0.6221852
vn -0.08180607 0.5654308 0.8207287
vn -0.89995223 0.30755994 0.30901924
vn -0.90170634 0.34755623 0.25715828
vn -0.9695375 0.19787464 0.14436966
vn -0.9693383 0.17951018 0.16780737
vn 0.1490458 0.46695432 0.8716301
vn 0.31895632 0.78542334 0.5304499
vn -0.040436413 0.7495069 0.66076034
vn 0.024759127 0.4841195 0.8746515
vn -0.7912182 0.42380401 0.44086713
vn -0.7953219 0.4876013 0.36014992
vn -0.90170634 0.34755623 0.25715828
vn -0.89995223 0.30755994 0.30901924
vn 0.1888004 0.6824518 0.70612615
vn 0.43500596 0.8065867 0.4002347
vn 0.31895632 0.78542334 0.5304499
vn 0.1490458 0.46695432 0.8716301
vn -0.64942336 0.5221449 0.55282366
vn -0.65536106 0.6100095 0.44541013
vn -0.7953219 0.4876013 0.36014992
vn -0.7912182 0.42380401 0.44086713
vn 0.09461255 0.82965416 0.5502022
vn 0.13742712 0.8841979 0.4464391
vn 0.43500596 0.8065867 0.4002347
vn 0.1888004 0.6824518 0.70612615
vn -0.48847675 0.59589136 0.6374197
vn -0.49685153 0.7041241 0.50729454
vn -0.65536106 0.6100095 0.44541013
vn -0.64942336 0.5221449 0.55282366
vn 0.09456128 0.8698097 0.48424086
vn 0.08653424 0.9545173 0.28532177
vn 0.13742712 0.8841979 0.4464391
vn 0.09461255 0.82965416 0.5502022
vn -0.3422108 0.6282709 0.6986898
vn -0.36620766 0.75392133 0.5454306
vn -0.49685153 0.7041241 0.50729454
vn -0.48847675 0.59589136 0.6374197
vn 0.13571876 0.96373737 0.22976238
vn 0.12240743 0.98575294 0.115357794
vn 0.08653424 0.9545173 0.28532177
vn 0.09456128 0.8698097 0.48424086
vn -0.22102068 0.61170405 0.7595841
vn -0.2738104 0.7673998 0.57976323
vn -0.36620766 0.75392133 0.5454306
vn -0.3422108 0.6282709 0.6986898
vn 0.3573989 0.81404823 -0.45781174
vn 0.277092 0.85498285 -0.43843403
vn 0.12240743 0.98575294 0.115357794
vn 0.13571876 0.96373737 0.22976238
vn -0.08180607 0.5654308 0.8207287
vn -0.1423205 0.7698249 0.6221852
vn -0.2738104 0.7673998 0.57976323
vn -0.22102068 0.61170405 0.7595841
vn -0.9693383 0.17951018 0.16780737
vn -0.9695375 0.19787464 0.14436966
vn -0.9983939 0.053512085 0.018603615
vn 0.08653424 0.9545173 0.28532177
vn 0.09637292 0.99341714 0.0619238
vn 0.1584795 0.9514358 0.26392078
vn 0.13742712 0.8841979 0.4464391
vn -0.36620766 0.75392133 0.5454306
vn -0.3631375 0.8607736 0.35665095
vn -0.49775103 0.7934507 0.35025683
vn -0.49685153 0.7041241 0.50729454
vn 0.12240743 0.98575294 0.115357794
vn 0.092444986 0.9895388 -0.11075646
vn 0.09637292 0.99341714 0.0619238
vn 0.08653424 0.9545173 0.28532177
vn -0.2738104 0.7673998 0.57976323
vn -0.26962608 0.9039276 0.33198893
vn -0.3631375 0.8607736 0.35665095
vn -0.36620766 0.75392133 0.5454306
vn 0.277092 0.85498285 -0.43843403
vn 0.19406605 0.83200705 -0.519714
vn 0.092444986 0.9895388 -0.11075646
vn 0.12240743 0.98575294 0.115357794
vn -0.1423205 0.7698249 0.6221852
vn -0.13992718 0.9484068 0.28450838
vn -0.26962608 0.9039276 0.33198893
vn -0.2738104 0.7673998 0.57976323
vn -0.9695375 0.19787464 0.14436966
vn -0.9703302 0.2132002 0.11403972
vn -0.9983939 0.053512085 0.018603615
vn 0.28991315 0.13118975 -0.9480187
vn 0.19406605 0.83200705 -0.519714
vn 0.277092 0.85498285 -0.43843403
vn -0.040436413 0.7495069 0.66076034
vn -0.045506436 0.98520815 0.16520928
vn -0.13992718 0.9484068 0.28450838
vn -0.1423205 0.7698249 0.6221852
vn -0.90170634 0.34755623 0.25715828
vn -0.90426606 0.38139606 0.19193745
vn -0.9703302 0.2132002 0.11403972
vn -0.9695375 0.19787464 0.14436966
vn 0.31895632 0.78542334 0.5304499
vn 0.20832208 0.9304441 -0.30145603
vn -0.045506436 0.98520815 0.16520928
vn -0.040436413 0.7495069 0.66076034
vn -0.7953219 0.4876013 0.36014992
vn -0.79886985 0.5422411 0.2603488
vn -0.90426606 0.38139606 0.19193745
vn -0.90170634 0.34755623 0.25715828
vn 0.43500596 0.8065867 0.4002347
vn 0.34854782 0.9202212 -0.17806563
vn 0.20832208 0.9304441 -0.30145603
vn 0.31895632 0.78542334 0.5304499
vn -0.65536106 0.6100095 0.44541013
vn -0.6584719 0.6837466 0.31449226
vn -0.79886985 0.5422411 0.2603488
vn -0.7953219 0.4876013 0.36014992
vn 0.13742712 0.8841979 0.4464391
vn 0.1584795 0.9514358 0.26392078
vn 0.34854782 0.9202212 -0.17806563
vn 0.43500596 0.8065867 0.4002347
vn -0.49685153 0.7041241 0.50729454
vn -0.49775103 0.7934507 0.35025683
vn -0.6584719 0.6837466 0.31449226
vn -0.65536106 0.6100095 0.44541013
vn -0.90426606 0.38139606 0.19193745
vn -0.90658987 0.40548706 0.11694033
vn -0.9714686 0.2238631 0.07831991
vn -0.9703302 0.2132002 0.11403972
vn 0.20832208 0.9304441 -0.30145603
vn 0.13255422 0.9468622 -0.29305527
vn 0.03994483 0.99153554 -0.123538226
vn -0.045506436 0.98520815 0.16520928
vn -0.79886985 0.5422411 0.2603488
vn -0.80029553 0.5813732 0.14673883
vn -0.90658987 0.40548706 0.11694033
vn -0.90426606 0.38139606 0.19193745
vn 0.34854782 0.9202212 -0.17806563
vn 0.16618815 0.96859354 -0.18495396
vn 0.13255422 0.9468622 -0.29305527
vn 0.20832208 0.9304441 -0.30145603
vn -0.6584719 0.6837466 0.31449226
vn -0.65745324 0.7347424 0.16705929
vn -0.80029553 0.5813732 0.14673883
vn -0.79886985 0.5422411 0.2603488
vn 0.1584795 0.9514358 0.26392078
vn 0.16232128 0.9835031 0.07983434
vn 0.16618815 0.96859354 -0.18495396
vn 0.34854782 0.9202212 -0.17806563
vn -0.49775103 0.7934507 0.35025683
vn -0.49199182 0.85209906 0.17852473
vn -0.65745324 0.7347424 0.16705929
vn -0.6584719 0.6837466 0.31449226
vn 0.09637292 0.99341714 0.0619238
vn 0.1349229 0.9880088 -0.07506336
vn 0.16232128 0.9835031 0.07983434
vn 0.1584795 0.9514358 0.26392078
vn -0.3631375 0.8607736 0.35665095
vn -0.33765045 0.92617995 0.16787753
vn -0.49199182 0.85209906 0.17852473
vn -0.49775103 0.7934507 0.35025683
vn 0.092444986 0.9895388 -0.11075646
vn 0.07032612 0.9646798 -0.2538645
vn 0.1349229 0.9880088 -0.07506336
vn 0.09637292 0.99341714 0.0619238
vn -0.26962608 0.9039276 0.33198893
vn -0.21303613 0.9703112 0.11450594
vn -0.33765045 0.92617995 0.16787753
vn -0.3631375 0.8607736 0.35665095
vn 0.19406605 0.83200705 -0.519714
vn 0.12735116 0.77501124 -0.6189824
vn 0.07032612 0.9646798 -0.2538645
vn 0.092444986 0.9895388 -0.11075646
vn -0.13992718 0.9484068 0.28450838
vn -0.072804 0.9970892 0.022641543
vn -0.21303613 0.9703112 0.11450594
vn -0.26962608 0.9039276 0.33198893
vn -0.9703302 0.2132002 0.11403972
vn -0.9714686 0.2238631 0.07831991
vn -0.9983939 0.053512085 0.018603615
vn 0.28991315 0.13118975 -0.9480187
vn 0.12735116 0.77501124 -0.6189824
vn 0.19406605 0.83200705 -0.519714
vn -0.045506436 0.98520815 0.16520928
vn 0.03994483 0.99153554 -0.123538226
vn -0.072804 0.9970892 0.022641543
vn -0.13992718 0.9484068 0.28450838
vn -0.33765045 0.92617995 0.16787753
vn -0.31856892 0.9478986 -0.0014464734
vn -0.48487538 0.8745786 0.0028557891
vn -0.49199182 0.85209906 0.17852473
vn 0.07032612 0.9646798 -0.2538645
vn 0.054922555 0.9269706 -0.37109175
vn 0.16486774 0.9322717 -0.32200631
vn 0.1349229 0.9880088 -0.07506336
vn -0.21303613 0.9703112 0.11450594
vn -0.1653384 0.9861063 -0.016048959
vn -0.31856892 0.9478986 -0.0014464734
vn -0.33765045 0.92617995 0.16787753
vn 0.12735116 0.77501124 -0.6189824
vn 0.06532269 0.64027256 -0.7653653
vn 0.054922555 0.9269706 -0.37109175
vn 0.07032612 0.9646798 -0.2538645
vn -0.072804 0.9970892 0.022641543
vn -0.010937312 0.998436 -0.054826353
vn -0.1653384 0.9861063 -0.016048959
vn -0.21303613 0.9703112 0.11450594
vn -0.9714686 0.2238631 0.07831991
vn -0.97276616 0.2283868 0.039565936
vn -0.9983939 0.053512085 0.018603615
vn 0.28991315 0.13118975 -0.9480187
vn 0.06532269 0.64027256 -0.7653653
vn 0.12735116 0.77501124 -0.6189824
vn 0.03994483 0.99153554 -0.123538226
vn 0.11938438 0.9861041 -0.11552517
vn -0.010937312 0.998436 -0.054826353
vn -0.072804 0.9970892 0.022641543
vn -0.90658987 0.40548706 0.11694033
vn -0.9081665 0.4169715 0.036991283
vn -0.97276616 0.2283868 0.039565936
vn -0.9714686 0.2238631 0.07831991
vn 0.13255422 0.9468622 -0.29305527
vn 0.15564126 0.9732316 -0.16910334
vn 0.11938438 0.9861041 -0.11552517
vn 0.03994483 0.99153554 -0.123538226
vn -0.80029553 0.5813732 0.14673883
vn -0.7992062 0.60047746 0.0263892
vn -0.9081665 0.4169715 0.036991283
vn -0.90658987 0.40548706 0.11694033
vn 0.16618815 0.96859354 -0.18495396
vn 0.1243615 0.9733355 -0.19274916
vn 0.15564126 0.9732316 -0.16910334
vn 0.13255422 0.9468622 -0.29305527
vn -0.65745324 0.7347424 0.16705929
vn -0.65256256 0.7576311 0.012536437
vn -0.7992062 0.60047746 0.0263892
vn -0.80029553 0.5813732 0.14673883
vn 0.16232128 0.9835031 0.07983434
vn 0.17919101 0.95453846 -0.2382161
vn 0.1243615 0.9733355 -0.19274916
vn 0.16618815 0.96859354 -0.18495396
vn -0.49199182 0.85209906 0.17852473
vn -0.48487538 0.8745786 0.0028557891
vn -0.65256256 0.7576311 0.012536437
vn -0.65745324 0.7347424 0.16705929
vn 0.1349229 0.9880088 -0.07506336
vn 0.16486774 0.9322717 -0.32200631
vn 0.17919101 0.95453846 -0.2382161
vn 0.16232128 0.9835031 0.07983434
vn 0.15564126 0.9732316 -0.16910334
vn 0.17468818 0.98140144 -0.07959453
vn 0.1477481 0.9882912 -0.038091928
vn 0.11938438 0.9861041 -0.11552517
vn -0.7992062 0.60047746 0.0263892
vn -0.7962929 0.59767246 -0.09330189
vn -0.909035 0.4144808 -0.043140054
vn -0.9081665 0.4169715 0.036991283
vn 0.1243615 0.9733355 -0.19274916
vn 0.13746022 0.9699729 -0.20064217
vn 0.17468818 0.98140144 -0.07959453
vn 0.15564126 0.9732316 -0.16910334
vn -0.65256256 0.7576311 0.012536437
vn -0.6456021 0.7509509 -0.13881895
vn -0.7962929 0.59767246 -0.09330189
vn -0.7992062 0.60047746 0.0263892
vn 0.17919101 0.95453846 -0.2382161
vn 0.1816681 0.86808455 -0.46198037
vn 0.13746022 0.9699729 -0.20064217
vn 0.1243615 0.9733355 -0.19274916
vn -0.48487538 0.8745786 0.0028557891
vn -0.48284817 0.86053324 -0.16229665
vn -0.6456021 0.7509509 -0.13881895
vn -0.65256256 0.7576311 0.012536437
vn 0.16486774 0.9322717 -0.32200631
vn 0.16055787 0.8614756 -0.48174793
vn 0.1816681 0.86808455 -0.46198037
vn 0.17919101 0.95453846 -0.2382161
vn -0.31856892 0.9478986 -0.0014464734
vn -0.33058494 0.9323985 -0.1461049
vn -0.48284817 0.86053324 -0.16229665
vn -0.48487538 0.8745786 0.0028557891
vn 0.054922555 0.9269706 -0.37109175
vn 0.066268176 0.9151472 -0.39763573
vn 0.16055787 0.8614756 -0.48174793
vn 0.16486774 0.9322717 -0.32200631
vn -0.1653384 0.9861063 -0.016048959
vn -0.17445658 0.9798568 -0.09718807
vn -0.33058494 0.9323985 -0.1461049
vn -0.31856892 0.9478986 -0.0014464734
vn 0.06532269 0.64027256 -0.7653653
vn 0.06330257 0.5916509 -0.8037052
vn 0.066268176 0.9151472 -0.39763573
vn 0.054922555 0.9269706 -0.37109175
vn -0.010937312 0.998436 -0.054826353
vn 0.0019919248 0.9986033 -0.05279695
vn -0.17445658 0.9798568 -0.09718807
vn -0.1653384 0.9861063 -0.016048959
vn -0.97276616 0.2283868 0.039565936
vn -0.9741283 0.22599562 0.00020895796
vn -0.9983939 0.053512085 0.018603615
vn 0.28991315 0.13118975 -0.9480187
vn 0.06330257 0.5916509 -0.8037052
vn 0.06532269 0.64027256 -0.7653653
vn 0.11938438 0.9861041 -0.11552517
vn 0.1477481 0.9882912 -0.038091928
vn 0.0019919248 0.9986033 -0.05279695
vn -0.010937312 0.998436 -0.054826353
vn -0.9081665 0.4169715 0.036991283
vn -0.909035 0.4144808 -0.043140054
vn -0.9741283 0.22599562 0.00020895796
vn -0.97276616 0.2283868 0.039565936
vn 0.066268176 0.9151472 -0.39763573
vn 0.09046705 0.9188002 -0.3842159
vn 0.17656839 0.8913291 -0.41755965
vn 0.16055787 0.8614756 -0.48174793
vn -0.17445658 0.9798568 -0.09718807
vn -0.23544538 0.94601935 -0.22273926
vn -0.3727032 0.88147604 -0.28998652
vn -0.33058494 0.9323985 -0.1461049
vn 0.06330257 0.5916509 -0.8037052
vn 0.100381255 0.720285 -0.68637675
vn 0.09046705 0.9188002 -0.3842159
vn 0.066268176 0.9151472 -0.39763573
vn 0.0019919248 0.9986033 -0.05279695
vn -0.028015161 0.98832095 -0.14978942
vn -0.23544538 0.94601935 -0.22273926
vn -0.17445658 0.9798568 -0.09718807
vn -0.9741283 0.22599562 0.00020895796
vn -0.97554505 0.21659195 -0.037413597
vn -0.9983939 0.053512085 0.018603615
vn 0.28991315 0.13118975 -0.9480187
vn 0.100381255 0.720285 -0.68637675
vn 0.06330257 0.5916509 -0.8037052
vn 0.1477481 0.9882912 -0.038091928
vn 0.12904614 0.9903057 -0.051397223
vn -0.028015161 0.98832095 -0.14978942
vn 0.0019919248 0.9986033 -0.05279695
vn -0.909035 0.4144808 -0.043140054
vn -0.90967226 0.39789623 -0.11905859
vn -0.97554505 0.21659195 -0.037413597
vn -0.9741283 0.22599562 0.00020895796
vn 0.17468818 0.98140144 -0.07959453
vn 0.16371144 0.98454285 0.062241156
vn 0.12904614 0.9903057 -0.051397223
vn 0.1477481 0.9882912 -0.038091928
vn -0.7962929 0.59767246 -0.09330189
vn -0.7930104 0.5734161 -0.20573905
vn -0.90967226 0.39789623 -0.11905859
vn -0.909035 0.4144808 -0.043140054
vn 0.13746022 0.9699729 -0.20064217
vn 0.18698904 0.9823265 -0.008354522
vn 0.16371144 0.98454285 0.062241156
vn 0.17468818 0.98140144 -0.07959453
vn -0.6456021 0.7509509 -0.13881895
vn -0.6394452 0.7165624 -0.2786541
vn -0.7930104 0.5734161 -0.20573905
vn -0.7962929 0.59767246 -0.09330189
vn 0.1816681 0.86808455 -0.46198037
vn 0.2374405 0.9147706 -0.3268282
vn 0.18698904 0.9823265 -0.008354522
vn 0.13746022 0.9699729 -0.20064217
vn -0.48284817 0.86053324 -0.16229665
vn -0.49051082 0.8135051 -0.31242374
vn -0.6394452 0.7165624 -0.2786541
vn -0.6456021 0.7509509 -0.13881895
vn 0.16055787 0.8614756 -0.48174793
vn 0.17656839 0.8913291 -0.41755965
vn 0.2374405 0.9147706 -0.3268282
vn 0.1816681 0.86808455 -0.46198037
vn -0.33058494 0.9323985 -0.1461049
vn -0.3727032 0.88147604 -0.28998652
vn -0.49051082 0.8135051 -0.31242374
vn -0.48284817 0.86053324 -0.16229665
vn -0.7930104 0.5734161 -0.20573905
vn -0.79109687 0.5297512 -0.30582583
vn -0.91077685 0.36806208 -0.1871251
vn -0.90967226 0.39789623 -0.11905859
vn 0.18698904 0.9823265 -0.008354522
vn 0.37504393 0.9181304 0.12797892
vn 0.21114731 0.97384775 -0.08388908
vn 0.16371144 0.98454285 0.062241156
vn -0.6394452 0.7165624 -0.2786541
vn -0.6357828 0.65793574 -0.40360963
vn -0.79109687 0.5297512 -0.30582583
vn -0.7930104 0.5734161 -0.20573905
vn 0.2374405 0.9147706 -0.3268282
vn 0.4009181 0.91272986 -0.078669235
vn 0.37504393 0.9181304 0.12797892
vn 0.18698904 0.9823265 -0.008354522
vn -0.49051082 0.8135051 -0.31242374
vn -0.49930227 0.7355924 -0.45782197
vn -0.6357828 0.65793574 -0.40360963
vn -0.6394452 0.7165624 -0.2786541
vn 0.17656839 0.8913291 -0.41755965
vn 0.2313237 0.9085774 -0.34781674
vn 0.4009181 0.91272986 -0.078669235
vn 0.2374405 0.9147706 -0.3268282
vn -0.3727032 0.88147604 -0.28998652
vn -0.41172296 0.78213674 -0.4677033
vn -0.49930227 0.7355924 -0.45782197
vn -0.49051082 0.8135051 -0.31242374
vn 0.09046705 0.9188002 -0.3842159
vn 0.10950671 0.8800258 -0.46212864
vn 0.2313237 0.9085774 -0.34781674
vn 0.17656839 0.8913291 -0.41755965
vn -0.23544538 0.94601935 -0.22273926
vn -0.30008867 0.8384569 -0.45490304
vn -0.41172296 0.78213674 -0.4677033
vn -0.3727032 0.88147604 -0.28998652
vn 0.100381255 0.720285 -0.68637675
vn 0.10966487 0.7438874 -0.6592458
vn 0.10950671 0.8800258 -0.46212864
vn 0.09046705 0.9188002 -0.3842159
vn -0.028015161 0.98832095 -0.14978942
vn -0.07295336 0.8999561 -0.4298335
vn -0.30008867 0.8384569 -0.45490304
vn -0.23544538 0.94601935 -0.22273926
vn -0.97554505 0.21659195 -0.037413597
vn -0.9770646 0.2006278 -0.07136754
vn -0.9983939 0.053512085 0.018603615
vn 0.28991315 0.13118975 -0.9480187
vn 0.10966487 0.7438874 -0.6592458
vn 0.100381255 0.720285 -0.68637675
vn 0.12904614 0.9903057 -0.051397223
vn 0.092498116 0.9357892 -0.3402096
vn -0.07295336 0.8999561 -0.4298335
vn -0.028015161 0.98832095 -0.14978942
vn -0.90967226 0.39789623 -0.11905859
vn -0.91077685 0.36806208 -0.1871251
vn -0.9770646 0.2006278 -0.07136754
vn -0.97554505 0.21659195 -0.037413597
vn 0.16371144 0.98454285 0.062241156
vn 0.21114731 0.97384775 -0.08388908
vn 0.092498116 0.9357892 -0.3402096
vn 0.12904614 0.9903057 -0.051397223
vn -0.30008867 0.8384569 -0.45490304
vn -0.30451 0.6346409 -0.7102848
vn -0.40761197 0.64144766 -0.649921
vn -0.41172296 0.78213674 -0.4677033
vn 0.10966487 0.7438874 -0.6592458
vn 0.1030133 0.59344953 -0.7982518
vn 0.13657379 0.7626603 -0.63221586
vn 0.10950671 0.8800258 -0.46212864
vn -0.07295336 0.8999561 -0.4298335
vn -0.09990902 0.64819384 -0.75489265
vn -0.30451 0.6346409 -0.7102848
vn -0.30008867 0.8384569 -0.45490304
vn -0.9770646 0.2006278 -0.07136754
vn -0.9787514 0.178861 -0.10027209
vn -0.9983939 0.053512085 0.018603615
vn 0.28991315 0.13118975 -0.9480187
vn 0.1030133 0.59344953 -0.7982518
vn 0.10966487 0.7438874 -0.6592458
vn 0.092498116 0.9357892 -0.3402096
vn 0.056929715 0.66458523 -0.7450406
vn -0.09990902 0.64819384 -0.75489265
vn -0.07295336 0.8999561 -0.4298335
vn -0.91077685 0.36806208 -0.1871251
vn -0.913035 0.32639614 -0.24460717
vn -0.9787514 0.178861 -0.10027209
vn -0.9770646 0.2006278 -0.07136754
vn 0.21114731 0.97384775 -0.08388908
vn 0.18701957 0.75188977 -0.6322068
vn 0.056929715 0.66458523 -0.7450406
vn 0.092498116 0.9357892 -0.3402096
vn -0.79109687 0.5297512 -0.30582583
vn -0.79215735 0.46942267 -0.39003736
vn -0.913035 0.32639614 -0.24460717
vn -0.91077685 0.36806208 -0.1871251
vn 0.37504393 0.9181304 0.12797892
vn 0.54357266 0.8393542 -0.0036445335
vn 0.18701957 0.75188977 -0.6322068
vn 0.21114731 0.97384775 -0.08388908
vn -0.6357828 0.65793574 -0.40360963
vn -0.634598 0.58014125 -0.51060903
vn -0.79215735 0.46942267 -0.39003736
vn -0.79109687 0.5297512 -0.30582583
vn 0.4009181 0.91272986 -0.078669235
vn 0.57293755 0.8046107 0.15602599
vn 0.54357266 0.8393542 -0.0036445335
vn 0.37504393 0.9181304 0.12797892
vn -0.49930227 0.7355924 -0.45782197
vn -0.49540326 0.6356198 -0.5920837
vn -0.634598 0.58014125 -0.51060903
vn -0.6357828 0.65793574 -0.40360963
vn 0.2313237 0.9085774 -0.34781674
vn 0.32948297 0.8719203 -0.36220986
vn 0.57293755 0.8046107 0.15602599
vn 0.4009181 0.91272986 -0.078669235
vn -0.41172296 0.78213674 -0.4677033
vn -0.40761197 0.64144766 -0.649921
vn -0.49540326 0.6356198 -0.5920837
vn -0.49930227 0.7355924 -0.45782197
vn 0.10950671 0.8800258 -0.46212864
vn 0.13657379 0.7626603 -0.63221586
vn 0.32948297 0.8719203 -0.36220986
vn 0.2313237 0.9085774 -0.34781674
vn 0.54357266 0.8393542 -0.0036445335
vn 0.75295395 0.5806731 -0.30964345
vn 0.06664624 0.4487527 -0.8911674
vn 0.18701957 0.75188977 -0.6322068
vn -0.634598 0.58014125 -0.51060903
vn -0.63782656 0.48879832 -0.595192
vn -0.79739445 0.3951902 -0.45605564
vn -0.79215735 0.46942267 -0.39003736
vn 0.57293755 0.8046107 0.15602599
vn 0.87419575 0.468932 0.12603416
vn 0.75295395 0.5806731 -0.30964345
vn 0.54357266 0.8393542 -0.0036445335
vn -0.49540326 0.6356198 -0.5920837
vn -0.48160678 0.5310549 -0.6971625
vn -0.63782656 0.48879832 -0.595192
vn -0.634598 0.58014125 -0.51060903
vn 0.32948297 0.8719203 -0.36220986
vn 0.4904755 0.650207 -0.58022815
vn 0.87419575 0.468932 0.12603416
vn 0.57293755 0.8046107 0.15602599
vn -0.40761197 0.64144766 -0.649921
vn -0.3615551 0.5097711 -0.780648
vn -0.48160678 0.5310549 -0.6971625
vn -0.49540326 0.6356198 -0.5920837
vn 0.13657379 0.7626603 -0.63221586
vn 0.17573568 0.55057657 -0.8160774
vn 0.4904755 0.650207 -0.58022815
vn 0.32948297 0.8719203 -0.36220986
vn -0.30451 0.6346409 -0.7102848
vn -0.2434355 0.44412705 -0.86225885
vn -0.3615551 0.5097711 -0.780648
vn -0.40761197 0.64144766 -0.649921
vn 0.1030133 0.59344953 -0.7982518
vn 0.09697381 0.41054726 -0.9066681
vn 0.17573568 0.55057657 -0.8160774
vn 0.13657379 0.7626603 -0.63221586
vn -0.09990902 0.64819384 -0.75489265
vn -0.09048398 0.39128107 -0.9158121
vn -0.2434355 0.44412705 -0.86225885
vn -0.30451 0.6346409 -0.7102848
vn -0.9787514 0.178861 -0.10027209
vn -0.98064506 0.15211214 -0.123276375
vn -0.9983939 0.053512085 0.018603615
vn 0.28991315 0.13118975 -0.9480187
vn 0.09697381 0.41054726 -0.9066681
vn 0.1030133 0.59344953 -0.7982518
vn 0.056929715 0.66458523 -0.7450406
vn 0.023490436 0.38816592 -0.9212901
vn -0.09048398 0.39128107 -0.9158121
vn -0.09990902 0.64819384 -0.75489265
vn -0.913035 0.32639614 -0.24460717
vn -0.91692716 0.27452692 -0.2896197
vn -0.98064506 0.15211214 -0.123276375
vn -0.9787514 0.178861 -0.10027209
vn 0.18701957 0.75188977 -0.6322068
vn 0.06664624 0.4487527 -0.8911674
vn 0.023490436 0.38816592 -0.9212901
vn 0.056929715 0.66458523 -0.7450406
vn -0.79215735 0.46942267 -0.39003736
vn -0.79739445 0.3951902 -0.45605564
vn -0.91692716 0.27452692 -0.2896197
vn -0.913035 0.32639614 -0.24460717
vn 0.09697381 0.41054726 -0.9066681
vn 0.09517026 0.29355454 -0.9511931
vn 0.19769488 0.29713002 -0.9341469
vn 0.17573568 0.55057657 -0.8160774
vn -0.09048398 0.39128107 -0.9158121
vn -0.07290877 0.30980632 -0.94800013
vn -0.17801024 0.35146788 -0.9191206
vn -0.2434355 0.44412705 -0.86225885
vn -0.98064506 0.15211214 -0.123276375
vn -0.9827276 0.12112492 -0.13991147
vn -0.9983939 0.053512085 0.018603615
vn 0.28991315 0.13118975 -0.9480187
vn 0.09517026 0.29355454 -0.9511931
vn 0.09697381 0.41054726 -0.9066681
vn 0.023490436 0.38816592 -0.9212901
vn -0.004594099 0.32579425 -0.94542956
vn -0.07290877 0.30980632 -0.94800013
vn -0.09048398 0.39128107 -0.9158121
vn -0.91692716 0.27452692 -0.2896197
vn -0.9225881 0.21406206 -0.32094952
vn -0.9827276 0.12112492 -0.13991147
vn -0.98064506 0.15211214 -0.123276375
vn 0.06664624 0.4487527 -0.8911674
vn 0.034207076 0.3817835 -0.92361856
vn -0.004594099 0.32579425 -0.94542956
vn 0.023490436 0.38816592 -0.9212901
vn -0.79739445 0.3951902 -0.45605564
vn -0.80743974 0.30943897 -0.5022833
vn -0.9225881 0.21406206 -0.32094952
vn -0.91692716 0.27452692 -0.2896197
vn 0.75295395 0.5806731 -0.30964345
vn 0.6929611 -0.09701486 -0.7144179
vn 0.034207076 0.3817835 -0.92361856
vn 0.06664624 0.4487527 -0.8911674
vn -0.63782656 0.48879832 -0.595192
vn -0.64846003 0.3854016 -0.6564794
vn -0.80743974 0.30943897 -0.5022833
vn -0.79739445 0.3951902 -0.45605564
vn 0.87419575 0.468932 0.12603416
vn 0.8754074 -0.34794012 -0.3355584
vn 0.6929611 -0.09701486 -0.7144179
vn 0.75295395 0.5806731 -0.30964345
vn -0.48160678 0.5310549 -0.6971625
vn -0.47480392 0.42274332 -0.7719129
vn -0.64846003 0.3854016 -0.6564794
vn -0.63782656 0.48879832 -0.595192
vn 0.4904755 0.650207 -0.58022815
vn 0.5147986 0.13428038 -0.8467297
vn 0.8754074 -0.34794012 -0.3355584
vn 0.87419575 0.468932 0.12603416
vn -0.3615551 0.5097711 -0.780648
vn -0.31482428 0.40719578 -0.8573665
vn -0.47480392 0.42274332 -0.7719129
vn -0.48160678 0.5310549 -0.6971625
vn 0.17573568 0.55057657 -0.8160774
vn 0.19769488 0.29713002 -0.9341469
vn 0.5147986 0.13428038 -0.8467297
vn 0.4904755 0.650207 -0.58022815
vn -0.2434355 0.44412705 -0.86225885
vn -0.17801024 0.35146788 -0.9191206
vn -0.31482428 0.40719578 -0.8573665
vn -0.3615551 0.5097711 -0.780648
vn 0.8754074 -0.34794012 -0.3355584
vn 0.84372354 -0.34725747 -0.40931994
vn 0.7206414 0.28903165 -0.63018787
vn 0.6929611 -0.09701486 -0.7144179
vn -0.47480392 0.42274332 -0.7719129
vn -0.48206168 0.2946695 -0.8250978
vn -0.66668093 0.2693944 -0.6949555
vn -0.64846003 0.3854016 -0.6564794
vn 0.5147986 0.13428038 -0.8467297
vn 0.42088524 -0.0730229 -0.9041699
vn 0.84372354 -0.34725747 -0.40931994
vn 0.8754074 -0.34794012 -0.3355584
vn -0.31482428 0.40719578 -0.8573665
vn -0.29426765 0.28403556 -0.91254056
vn -0.48206168 0.2946695 -0.8250978
vn -0.47480392 0.42274332 -0.7719129
vn 0.19769488 0.29713002 -0.9341469
vn 0.18723962 0.14559512 -0.9714646
vn 0.42088524 -0.0730229 -0.9041699
vn 0.5147986 0.13428038 -0.8467297
vn -0.17801024 0.35146788 -0.9191206
vn -0.14715561 0.2553422 -0.95558655
vn -0.29426765 0.28403556 -0.91254056
vn -0.31482428 0.40719578 -0.8573665
vn 0.09517026 0.29355454 -0.9511931
vn 0.094005376 0.23546575 -0.9673256
vn 0.18723962 0.14559512 -0.9714646
vn 0.19769488 0.29713002 -0.9341469
vn -0.07290877 0.30980632 -0.94800013
vn -0.07248619 0.2439403 -0.9670775
vn -0.14715561 0.2553422 -0.95558655
vn -0.17801024 0.35146788 -0.9191206
vn -0.9827276 0.12112492 -0.13991147
vn -0.9849024 0.08657678 -0.14990585
vn -0.9983939 0.053512085 0.018603615
vn 0.28991315 0.13118975 -0.9480187
vn 0.094005376 0.23546575 -0.9673256
vn 0.09517026 0.29355454 -0.9511931
vn -0.004594099 0.32579425 -0.94542956
vn -0.034915566 0.28212306 -0.9587426
vn -0.07248619 0.2439403 -0.9670775
vn -0.07290877 0.30980632 -0.94800013
vn -0.9225881 0.21406206 -0.32094952
vn -0.9297134 0.14651433 -0.3378853
vn -0.9849024 0.08657678 -0.14990585
vn -0.9827276 0.12112492 -0.13991147
vn 0.034207076 0.3817835 -0.92361856
vn 0.02292611 0.4279202 -0.9035257
vn -0.034915566 0.28212306 -0.9587426
vn -0.004594099 0.32579425 -0.94542956
vn -0.80743974 0.30943897 -0.5022833
vn -0.82217175 0.2140179 -0.52747506
vn -0.9297134 0.14651433 -0.3378853
vn -0.9225881 0.21406206 -0.32094952
vn 0.6929611 -0.09701486 -0.7144179
vn 0.7206414 0.28903165 -0.63018787
vn 0.02292611 0.4279202 -0.9035257
vn 0.034207076 0.3817835 -0.92361856
vn -0.64846003 0.3854016 -0.6564794
vn -0.66668093 0.2693944 -0.6949555
vn -0.82217175 0.2140179 -0.52747506
vn -0.80743974 0.30943897 -0.5022833
vn -0.9849024 0.08657678 -0.14990585
vn -0.98698735 0.04930422 -0.15305224
vn -0.9983939 0.053512085 0.018603615
vn 0.28991315 0.13118975 -0.9480187
vn 0.09121575 0.19375373 -0.9768005
vn 0.094005376 0.23546575 -0.9673256
vn -0.034915566 0.28212306 -0.9587426
vn -0.051945634 0.06697291 -0.99640167
vn -0.07384132 0.060347263 -0.99544245
vn -0.07248619 0.2439403 -0.9670775
vn -0.9297134 0.14651433 -0.3378853
vn -0.9374995 0.07351935 -0.3401316
vn -0.98698735 0.04930422 -0.15305224
vn -0.9849024 0.08657678 -0.14990585
vn 0.02292611 0.4279202 -0.9035257
vn 0.14175305 0.037250794 -0.9892009
vn -0.051945634 0.06697291 -0.99640167
vn -0.034915566 0.28212306 -0.9587426
vn -0.82217175 0.2140179 -0.52747506
vn -0.8401161 0.108929195 -0.53135604
vn -0.9374995 0.07351935 -0.3401316
vn -0.9297134 0.14651433 -0.3378853
vn 0.7206414 0.28903165 -0.63018787
vn 0.9775144 -0.20257434 -0.058560435
vn 0.14175305 0.037250794 -0.9892009
vn 0.02292611 0.4279202 -0.9035257
vn -0.66668093 0.2693944 -0.6949555
vn -0.6899523 0.13734683 -0.71070504
vn -0.8401161 0.108929195 -0.53135604
vn -0.82217175 0.2140179 -0.52747506
vn 0.84372354 -0.34725747 -0.40931994
vn 0.9475695 -0.24527366 -0.20482415
vn 0.9775144 -0.20257434 -0.058560435
vn 0.7206414 0.28903165 -0.63018787
vn -0.48206168 0.2946695 -0.8250978
vn -0.49638683 0.1411614 -0.85654753
vn -0.6899523 0.13734683 -0.71070504
vn -0.66668093 0.2693944 -0.6949555
vn 0.42088524 -0.0730229 -0.9041699
vn 0.39690542 -0.061581448 -0.91579133
vn 0.9475695 -0.24527366 -0.20482415
vn 0.84372354 -0.34725747 -0.40931994
vn -0.29426765 0.28403556 -0.91254056
vn -0.28984892 0.11821739 -0.9497433
vn -0.49638683 0.1411614 -0.85654753
vn -0.48206168 0.2946695 -0.8250978
vn 0.18723962 0.14559512 -0.9714646
vn 0.1706772 0.06942262 -0.98287827
vn 0.39690542 -0.061581448 -0.91579133
vn 0.42088524 -0.0730229 -0.9041699
vn -0.14715561 0.2553422 -0.95558655
vn -0.13638933 0.0852794 -0.9869779
vn -0.28984892 0.11821739 -0.9497433
vn -0.29426765 0.28403556 -0.91254056
vn 0.094005376 0.23546575 -0.9673256
vn 0.09121575 0.19375373 -0.9768005
vn 0.1706772 0.06942262 -0.98287827
vn 0.18723962 0.14559512 -0.9714646
vn -0.07248619 0.2439403 -0.9670775
vn -0.07384132 0.060347263 -0.99544245
vn -0.13638933 0.0852794 -0.9869779
vn -0.14715561 0.2553422 -0.95558655
vn -0.49638683 0.1411614 -0.85654753
vn -0.51165974 -0.033528633 -0.85853374
vn -0.71322775 -0.014810369 -0.70077586
vn -0.6899523 0.13734683 -0.71070504
vn 0.39690542 -0.061581448 -0.91579133
vn 0.37931132 -0.06610351 -0.92290473
vn 0.77627635 -0.25046447 -0.57850033
vn 0.9475695 -0.24527366 -0.20482415
vn -0.28984892 0.11821739 -0.9497433
vn -0.28784055 -0.06570797 -0.95542157
vn -0.51165974 -0.033528633 -0.85853374
vn -0.49638683 0.1411614 -0.85654753
vn 0.1706772 0.06942262 -0.98287827
vn 0.16243328 -0.037795905 -0.98599535
vn 0.37931132 -0.06610351 -0.92290473
vn 0.39690542 -0.061581448 -0.91579133
vn -0.13638933 0.0852794 -0.9869779
vn -0.13039689 -0.091090076 -0.9872686
vn -0.28784055 -0.06570797 -0.95542157
vn -0.28984892 0.11821739 -0.9497433
vn 0.09121575 0.19375373 -0.9768005
vn 0.088314794 0.12631506 -0.9880511
vn 0.16243328 -0.037795905 -0.98599535
vn 0.1706772 0.06942262 -0.98287827
vn -0.07384132 0.060347263 -0.99544245
vn -0.0650812 -0.11764342 -0.990921
vn -0.13039689 -0.091090076 -0.9872686
vn -0.13638933 0.0852794 -0.9869779
vn -0.98698735 0.04930422 -0.15305224
vn -0.98874176 0.010933354 -0.14923203
vn -0.9983939 0.053512085 0.018603615
vn 0.28991315 0.13118975 -0.9480187
vn 0.088314794 0.12631506 -0.9880511
vn 0.09121575 0.19375373 -0.9768005
vn -0.051945634 0.06697291 -0.99640167
vn -0.03972272 -0.17658862 -0.98348284
vn -0.0650812 -0.11764342 -0.990921
vn -0.07384132 0.060347263 -0.99544245
vn -0.9374995 0.07351935 -0.3401316
vn -0.944572 -0.003498392 -0.32828572
vn -0.98874176 0.010933354 -0.14923203
vn -0.98698735 0.04930422 -0.15305224
vn 0.14175305 0.037250794 -0.9892009
vn 0.16516507 -0.46357286 -0.870529
vn -0.03972272 -0.17658862 -0.98348284
vn -0.051945634 0.06697291 -0.99640167
vn -0.8401161 0.108929195 -0.53135604
vn -0.85742795 -0.008086995 -0.51454043
vn -0.944572 -0.003498392 -0.32828572
vn -0.9374995 0.07351935 -0.3401316
vn 0.9775144 -0.20257434 -0.058560435
vn 0.6497142 -0.62311757 -0.435426
vn 0.16516507 -0.46357286 -0.870529
vn 0.14175305 0.037250794 -0.9892009
vn -0.6899523 0.13734683 -0.71070504
vn -0.71322775 -0.014810369 -0.70077586
vn -0.85742795 -0.008086995 -0.51454043
vn -0.8401161 0.108929195 -0.53135604
vn 0.9475695 -0.24527366 -0.20482415
vn 0.77627635 -0.25046447 -0.57850033
vn 0.6497142 -0.62311757 -0.435426
vn 0.9775144 -0.20257434 -0.058560435
vn -0.03972272 -0.17658862 -0.98348284
vn -0.011765204 -0.39113733 -0.92025715
vn -0.049784683 -0.32149184 -0.9456027
vn -0.0650812 -0.11764342 -0.990921
vn -0.944572 -0.003498392 -0.32828572
vn -0.9490285 -0.083840854 -0.30383477
vn -0.9899849 -0.026965655 -0.13857415
vn -0.98874176 0.010933354 -0.14923203
vn 0.16516507 -0.46357286 -0.870529
vn 0.12980862 -0.20149226 -0.97085047
vn -0.011765204 -0.39113733 -0.92025715
vn -0.03972272 -0.17658862 -0.98348284
vn -0.85742795 -0.008086995 -0.51454043
vn -0.86847764 -0.1351572 -0.47694775
vn -0.9490285 -0.083840854 -0.30383477
vn -0.944572 -0.003498392 -0.32828572
vn 0.6497142 -0.62311757 -0.435426
vn 0.5503564 0.38891903 -0.73881644
vn 0.12980862 -0.20149226 -0.97085047
vn 0.16516507 -0.46357286 -0.870529
vn -0.71322775 -0.014810369 -0.70077586
vn -0.7301494 -0.18028583 -0.6590742
vn -0.86847764 -0.1351572 -0.47694775
vn -0.85742795 -0.008086995 -0.51454043
vn 0.77627635 -0.25046447 -0.57850033
vn 0.6434995 0.36240855 -0.674217
vn 0.5503564 0.38891903 -0.73881644
vn 0.6497142 -0.62311757 -0.435426
vn -0.51165974 -0.033528633 -0.85853374
vn -0.5243699 -0.22008018 -0.82255757
vn -0.7301494 -0.18028583 -0.6590742
vn -0.71322775 -0.014810369 -0.70077586
vn 0.37931132 -0.06610351 -0.92290473
vn 0.42899773 -0.030711632 -0.90278333
vn 0.6434995 0.36240855 -0.674217
vn 0.77627635 -0.25046447 -0.57850033
vn -0.28784055 -0.06570797 -0.95542157
vn -0.28675354 -0.25343564 -0.92387384
vn -0.5243699 -0.22008018 -0.82255757
vn -0.51165974 -0.033528633 -0.85853374
vn 0.16243328 -0.037795905 -0.98599535
vn 0.16471215 -0.2013194 -0.9655777
vn 0.42899773 -0.030711632 -0.90278333
vn 0.37931132 -0.06610351 -0.92290473
vn -0.13039689 -0.091090076 -0.9872686
vn -0.12675314 -0.27867883 -0.9519831
vn -0.28675354 -0.25343564 -0.92387384
vn -0.28784055 -0.06570797 -0.95542157
vn 0.088314794 0.12631506 -0.9880511
vn 0.08885861 0.007461084 -0.9960163
vn 0.16471215 -0.2013194 -0.9655777
vn 0.16243328 -0.037795905 -0.98599535
vn -0.0650812 -0.11764342 -0.990921
vn -0.049784683 -0.32149184 -0.9456027
vn -0.12675314 -0.27867883 -0.9519831
vn -0.13039689 -0.091090076 -0.9872686
vn -0.98874176 0.010933354 -0.14923203
vn -0.9899849 -0.026965655 -0.13857415
vn -0.9983939 0.053512085 0.018603615
vn 0.28991315 0.13118975 -0.9480187
vn 0.08885861 0.007461084 -0.9960163
vn 0.088314794 0.12631506 -0.9880511
vn 0.42899773 -0.030711632 -0.90278333
vn 0.50492513 -0.4813064 -0.7165157
vn 0.99482 -0.047800608 -0.08971179
vn 0.6434995 0.36240855 -0.674217
vn -0.28675354 -0.25343564 -0.92387384
vn -0.28339148 -0.42130572 -0.8615049
vn -0.53248745 -0.39175326 -0.7503243
vn -0.5243699 -0.22008018 -0.82255757
vn 0.16471215 -0.2013194 -0.9655777
vn 0.17208095 -0.44720718 -0.8777209
vn 0.50492513 -0.4813064 -0.7165157
vn 0.42899773 -0.030711632 -0.90278333
vn -0.12675314 -0.27867883 -0.9519831
vn -0.10378465 -0.45780927 -0.8829719
vn -0.28339148 -0.42130572 -0.8615049
vn -0.28675354 -0.25343564 -0.92387384
vn 0.08885861 0.007461084 -0.9960163
vn 0.09487366 -0.169166 -0.9810106
vn 0.17208095 -0.44720718 -0.8777209
vn 0.16471215 -0.2013194 -0.9655777
vn -0.049784683 -0.32149184 -0.9456027
vn -0.015916971 -0.5269468 -0.84974927
vn -0.10378465 -0.45780927 -0.8829719
vn -0.12675314 -0.27867883 -0.9519831
vn -0.9899849 -0.026965655 -0.13857415
vn -0.9905453 -0.06395856 -0.12136457
vn -0.9983939 0.053512085 0.018603615
vn 0.28991315 0.13118975 -0.9480187
vn 0.09487366 -0.169166 -0.9810106
vn 0.08885861 0.007461084 -0.9960163
vn -0.011765204 -0.39113733 -0.92025715
vn 0.012764521 -0.6092773 -0.7928545
vn -0.015916971 -0.5269468 -0.84974927
vn -0.049784683 -0.32149184 -0.9456027
vn -0.9490285 -0.083840854 -0.30383477
vn -0.94923663 -0.16489793 -0.26787782
vn -0.9905453 -0.06395856 -0.12136457
vn -0.9899849 -0.026965655 -0.13857415
vn 0.12980862 -0.20149226 -0.97085047
vn 0.15659569 -0.57724655 -0.8014138
vn 0.012764521 -0.6092773 -0.7928545
vn -0.011765204 -0.39113733 -0.92025715
vn -0.86847764 -0.1351572 -0.47694775
vn -0.8694792 -0.2604508 -0.41972756
vn -0.94923663 -0.16489793 -0.26787782
vn -0.9490285 -0.083840854 -0.30383477
vn 0.5503564 0.38891903 -0.73881644
vn 0.9458409 0.30469057 0.1120207
vn 0.15659569 -0.57724655 -0.8014138
vn 0.12980862 -0.20149226 -0.97085047
vn -0.7301494 -0.18028583 -0.6590742
vn -0.73665744 -0.33822873 -0.58560836
vn -0.8694792 -0.2604508 -0.41972756
vn -0.86847764 -0.1351572 -0.47694775
vn 0.6434995 0.36240855 -0.674217
vn 0.99482 -0.047800608 -0.08971179
vn 0.9458409 0.30469057 0.1120207
vn 0.5503564 0.38891903 -0.73881644
vn -0.5243699 -0.22008018 -0.82255757
vn -0.53248745 -0.39175326 -0.7503243
vn -0.73665744 -0.33822873 -0.58560836
vn -0.7301494 -0.18028583 -0.6590742
vn -0.94923663 -0.16489793 -0.26787782
vn -0.9450651 -0.2385672 -0.2234675
vn -0.99024993 -0.09634459 -0.10061141
vn -0.9905453 -0.06395856 -0.12136457
vn 0.15659569 -0.57724655 -0.8014138
vn 0.13197668 -0.9430409 -0.30537853
vn 0.040186696 -0.7699153 -0.6368794
vn 0.012764521 -0.6092773 -0.7928545
vn -0.8694792 -0.2604508 -0.41972756
vn -0.8616391 -0.3691197 -0.34832293
vn -0.9450651 -0.2385672 -0.2234675
vn -0.94923663 -0.16489793 -0.26787782
vn 0.9458409 0.30469057 0.1120207
vn 0.33732942 -0.91569936 0.21841131
vn 0.13197668 -0.9430409 -0.30537853
vn 0.15659569 -0.57724655 -0.8014138
vn -0.73665744 -0.33822873 -0.58560836
vn -0.73671824 -0.46467566 -0.49124616
vn -0.8616391 -0.3691197 -0.34832293
vn -0.8694792 -0.2604508 -0.41972756
vn 0.99482 -0.047800608 -0.08971179
vn 0.46695545 -0.87744933 0.109705195
vn 0.33732942 -0.91569936 0.21841131
vn 0.9458409 0.30469057 0.1120207
vn -0.53248745 -0.39175326 -0.7503243
vn -0.54300445 -0.51768464 -0.6611723
vn -0.73671824 -0.46467566 -0.49124616
vn -0.73665744 -0.33822873 -0.58560836
vn 0.50492513 -0.4813064 -0.7165157
vn 0.35458884 -0.8363453 -0.4180829
vn 0.46695545 -0.87744933 0.109705195
vn 0.99482 -0.047800608 -0.08971179
vn -0.28339148 -0.42130572 -0.8615049
vn -0.26595256 -0.54583234 -0.7945667
vn -0.54300445 -0.51768464 -0.6611723
vn -0.53248745 -0.39175326 -0.7503243
vn 0.17208095 -0.44720718 -0.8777209
vn 0.16382155 -0.6777794 -0.71678275
vn 0.35458884 -0.8363453 -0.4180829
vn 0.50492513 -0.4813064 -0.7165157
vn -0.10378465 -0.45780927 -0.8829719
vn -0.046252944 -0.5965576 -0.80123633
vn -0.26595256 -0.54583234 -0.7945667
vn -0.28339148 -0.42130572 -0.8615049
vn 0.09487366 -0.169166 -0.9810106
vn 0.10138876 -0.358114 -0.9281566
vn 0.16382155 -0.6777794 -0.71678275
vn 0.17208095 -0.44720718 -0.8777209
vn -0.015916971 -0.5269468 -0.84974927
vn 0.032068223 -0.67926073 -0.73319614
vn -0.046252944 -0.5965576 -0.80123633
vn -0.10378465 -0.45780927 -0.8829719
vn -0.9905453 -0.06395856 -0.12136457
vn -0.99024993 -0.09634459 -0.10061141
vn -0.9983939 0.053512085 0.018603615
vn 0.28991315 0.13118975 -0.9480187
vn 0.10138876 -0.358114 -0.9281566
vn 0.09487366 -0.169166 -0.9810106
vn 0.012764521 -0.6092773 -0.7928545
vn 0.040186696 -0.7699153 -0.6368794
vn 0.032068223 -0.67926073 -0.73319614
vn -0.015916971 -0.5269468 -0.84974927
vn -0.26595256 -0.54583234 -0.7945667
vn -0.2246744 -0.67261684 -0.7050589
vn -0.56019765 -0.61866236 -0.5508499
vn -0.54300445 -0.51768464 -0.6611723
vn 0.16382155 -0.6777794 -0.71678275
vn 0.14222372 -0.8095929 -0.5695012
vn 0.2707571 -0.85869795 -0.43511885
vn 0.35458884 -0.8363453 -0.4180829
vn -0.046252944 -0.5965576 -0.80123633
vn 0.039302908 -0.72743046 -0.68505484
vn -0.2246744 -0.67261684 -0.7050589
vn -0.26595256 -0.54583234 -0.7945667
vn 0.10138876 -0.358114 -0.9281566
vn 0.102064624 -0.5050385 -0.8570408
vn 0.14222372 -0.8095929 -0.5695012
vn 0.16382155 -0.6777794 -0.71678275
vn 0.032068223 -0.67926073 -0.73319614
vn 0.07053991 -0.791371 -0.6072529
vn 0.039302908 -0.72743046 -0.68505484
vn -0.046252944 -0.5965576 -0.80123633
vn -0.99024993 -0.09634459 -0.10061141
vn -0.9895271 -0.11823033 -0.082811184
vn -0.9983939 0.053512085 0.018603615
vn 0.28991315 0.13118975 -0.9480187
vn 0.102064624 -0.5050385 -0.8570408
vn 0.10138876 -0.358114 -0.9281566
vn 0.040186696 -0.7699153 -0.6368794
vn 0.07185736 -0.8053407 -0.588441
vn 0.07053991 -0.791371 -0.6072529
vn 0.032068223 -0.67926073 -0.73319614
vn -0.9450651 -0.2385672 -0.2234675
vn -0.9385739 -0.294355 -0.18009493
vn -0.9895271 -0.11823033 -0.082811184
vn -0.99024993 -0.09634459 -0.10061141
vn 0.13197668 -0.9430409 -0.30537853
vn 0.2496779 -0.7384757 -0.6263503
vn 0.07185736 -0.8053407 -0.588441
vn 0.040186696 -0.7699153 -0.6368794
vn -0.8616391 -0.3691197 -0.34832293
vn -0.84904784 -0.45194858 -0.273606
vn -0.9385739 -0.294355 -0.18009493
vn -0.9450651 -0.2385672 -0.2234675
vn 0.33732942 -0.91569936 0.21841131
vn 0.4677466 -0.714038 -0.520925
vn 0.2496779 -0.7384757 -0.6263503
vn 0.13197668 -0.9430409 -0.30537853
vn -0.73671824 -0.46467566 -0.49124616
vn -0.7368287 -0.5559474 -0.38471535
vn -0.84904784 -0.45194858 -0.273606
vn -0.8616391 -0.3691197 -0.34832293
vn 0.46695545 -0.87744933 0.109705195
vn 0.38795543 -0.8261232 -0.40866986
vn 0.4677466 -0.714038 -0.520925
vn 0.33732942 -0.91569936 0.21841131
vn -0.54300445 -0.51768464 -0.6611723
vn -0.56019765 -0.61866236 -0.5508499
vn -0.7368287 -0.5559474 -0.38471535
vn -0.73671824 -0.46467566 -0.49124616
vn 0.35458884 -0.8363453 -0.4180829
vn 0.2707571 -0.85869795 -0.43511885
vn 0.38795543 -0.8261232 -0.40866986
vn 0.46695545 -0.87744933 0.109705195
vn 0.2496779 -0.7384757 -0.6263503
vn 0.5601487 -0.5158366 -0.64818674
vn 0.08671169 -0.8056626 -0.58599395
vn 0.07185736 -0.8053407 -0.588441
vn -0.84904784 -0.45194858 -0.273606
vn -0.83536464 -0.50932926 -0.20675965
vn -0.9331037 -0.3296528 -0.14368927
vn -0.9385739 -0.294355 -0.18009493
vn 0.4677466 -0.714038 -0.520925
vn 0.7642335 -0.3099242 -0.56559175
vn 0.5601487 -0.5158366 -0.64818674
vn 0.2496779 -0.7384757 -0.6263503
vn -0.7368287 -0.5559474 -0.38471535
vn -0.72925836 -0.6306795 -0.2653784
vn -0.83536464 -0.50932926 -0.20675965
vn -0.84904784 -0.45194858 -0.273606
vn 0.38795543 -0.8261232 -0.40866986
vn 0.45330006 -0.7020706 -0.54919565
vn 0.7642335 -0.3099242 -0.56559175
vn 0.4677466 -0.714038 -0.520925
vn -0.56019765 -0.61866236 -0.5508499
vn -0.5607083 -0.7437845 -0.3638555
vn -0.72925836 -0.6306795 -0.2653784
vn -0.7368287 -0.5559474 -0.38471535
vn 0.2707571 -0.85869795 -0.43511885
vn 0.2624376 -0.8606814 -0.43629584
vn 0.45330006 -0.7020706 -0.54919565
vn 0.38795543 -0.8261232 -0.40866986
vn -0.2246744 -0.67261684 -0.7050589
vn -0.19157629 -0.8512489 -0.48854256
vn -0.5607083 -0.7437845 -0.3638555
vn -0.56019765 -0.61866236 -0.5508499
vn 0.14222372 -0.8095929 -0.5695012
vn 0.1260116 -0.88987774 -0.43845028
vn 0.2624376 -0.8606814 -0.43629584
vn 0.2707571 -0.85869795 -0.43511885
vn 0.039302908 -0.72743046 -0.68505484
vn 0.072362415 -0.85407907 -0.5150851
vn -0.19157629 -0.8512489 -0.48854256
vn -0.2246744 -0.67261684 -0.7050589
vn 0.102064624 -0.5050385 -0.8570408
vn 0.10065581 -0.60991687 -0.786047
vn 0.1260116 -0.88987774 -0.43845028
vn 0.14222372 -0.8095929 -0.5695012
vn 0.07053991 -0.791371 -0.6072529
vn 0.0671136 -0.8461917 -0.5286354
vn 0.072362415 -0.85407907 -0.5150851
vn 0.039302908 -0.72743046 -0.68505484
vn -0.9895271 -0.11823033 -0.082811184
vn -0.98908484 -0.13050498 -0.0684084
vn -0.9983939 0.053512085 0.018603615
vn 0.28991315 0.13118975 -0.9480187
vn 0.10065581 -0.60991687 -0.786047
vn 0.102064624 -0.5050385 -0.8570408
vn 0.07185736 -0.8053407 -0.588441
vn 0.08671169 -0.8056626 -0.58599395
vn 0.0671136 -0.8461917 -0.5286354
vn 0.07053991 -0.791371 -0.6072529
vn -0.9385739 -0.294355 -0.18009493
vn -0.9331037 -0.3296528 -0.14368927
vn -0.98908484 -0.13050498 -0.0684084
vn -0.9895271 -0.11823033 -0.082811184
vn 0.1260116 -0.88987774 -0.43845028
vn 0.11959149 -0.9416916 -0.31450722
vn 0.26537666 -0.875549 -0.40371913
vn 0.2624376 -0.8606814 -0.43629584
vn 0.072362415 -0.85407907 -0.5150851
vn 0.0032718717 -0.9491346 -0.3148537
vn -0.2062446 -0.954486 -0.21545221
vn -0.19157629 -0.8512489 -0.48854256
vn 0.10065581 -0.60991687 -0.786047
vn 0.10040152 -0.67006713 -0.7354792
vn 0.11959149 -0.9416916 -0.31450722
vn 0.1260116 -0.88987774 -0.43845028
vn 0.0671136 -0.8461917 -0.5286354
vn 0.027370265 -0.91507673 -0.40234992
vn 0.0032718717 -0.9491346 -0.3148537
vn 0.072362415 -0.85407907 -0.5150851
vn -0.98908484 -0.13050498 -0.0684084
vn -0.9892517 -0.13533585 -0.055364706
vn -0.9983939 0.053512085 0.018603615
vn 0.28991315 0.13118975 -0.9480187
vn 0.10040152 -0.67006713 -0.7354792
vn 0.10065581 -0.60991687 -0.786047
vn 0.08671169 -0.8056626 -0.58599395
vn 0.09594423 -0.91563946 -0.39038312
vn 0.027370265 -0.91507673 -0.40234992
vn 0.0671136 -0.8461917 -0.5286354
vn -0.9331037 -0.3296528 -0.14368927
vn -0.93127143 -0.34516162 -0.116605684
vn -0.9892517 -0.13533585 -0.055364706
vn -0.98908484 -0.13050498 -0.0684084
vn 0.5601487 -0.5158366 -0.64818674
vn 0.5461922 -0.83710176 -0.030572074
vn 0.09594423 -0.91563946 -0.39038312
vn 0.08671169 -0.8056626 -0.58599395
vn -0.83536464 -0.50932926 -0.20675965
vn -0.82369787 -0.5446894 -0.15759201
vn -0.93127143 -0.34516162 -0.116605684
vn -0.9331037 -0.3296528 -0.14368927
vn 0.7642335 -0.3099242 -0.56559175
vn 0.7726939 -0.63470685 -0.009564599
vn 0.5461922 -0.83710176 -0.030572074
vn 0.5601487 -0.5158366 -0.64818674
vn -0.72925836 -0.6306795 -0.2653784
vn -0.70335394 -0.69310457 -0.1577953
vn -0.82369787 -0.5446894 -0.15759201
vn -0.83536464 -0.50932926 -0.20675965
vn 0.45330006 -0.7020706 -0.54919565
vn 0.4986033 -0.78548276 -0.36662182
vn 0.7726939 -0.63470685 -0.009564599
vn 0.7642335 -0.3099242 -0.56559175
vn -0.5607083 -0.7437845 -0.3638555
vn -0.5243338 -0.8371999 -0.15546818
vn -0.70335394 -0.69310457 -0.1577953
vn -0.72925836 -0.6306795 -0.2653784
vn 0.2624376 -0.8606814 -0.43629584
vn 0.26537666 -0.875549 -0.40371913
vn 0.4986033 -0.78548276 -0.36662182
vn 0.45330006 -0.7020706 -0.54919565
vn -0.19157629 -0.8512489 -0.48854256
vn -0.2062446 -0.954486 -0.21545221
vn -0.5243338 -0.8371999 -0.15546818
vn -0.5607083 -0.7437845 -0.3638555
vn 0.7726939 -0.63470685 -0.009564599
vn 0.496172 -0.8544014 -0.15430966
vn 0.34000218 -0.9206016 -0.1920707
vn 0.5461922 -0.83710176 -0.030572074
vn -0.70335394 -0.69310457 -0.1577953
vn -0.67052495 -0.73507184 -0.10032826
vn -0.81903094 -0.55876714 -0.13025993
vn -0.82369787 -0.5446894 -0.15759201
vn 0.4986033 -0.78548276 -0.36662182
vn 0.4339968 -0.85800457 -0.2747271
vn 0.496172 -0.8544014 -0.15430966
vn 0.7726939 -0.63470685 -0.009564599
vn -0.5243338 -0.8371999 -0.15546818
vn -0.48978975 -0.87019783 -0.053495474
vn -0.67052495 -0.73507184 -0.10032826
vn -0.70335394 -0.69310457 -0.1577953
vn 0.26537666 -0.875549 -0.40371913
vn 0.25621992 -0.8978105 -0.35817254
vn 0.4339968 -0.85800457 -0.2747271
vn 0.4986033 -0.78548276 -0.36662182
vn -0.2062446 -0.954486 -0.21545221
vn -0.24275321 -0.96822727 -0.06005677
vn -0.48978975 -0.87019783 -0.053495474
vn -0.5243338 -0.8371999 -0.15546818
vn 0.11959149 -0.9416916 -0.31450722
vn 0.11487469 -0.9643488 -0.23840131
vn 0.25621992 -0.8978105 -0.35817254
vn 0.26537666 -0.875549 -0.40371913
vn 0.0032718717 -0.9491346 -0.3148537
vn -0.06719744 -0.9932153 -0.09490941
vn -0.24275321 -0.96822727 -0.06005677
vn -0.2062446 -0.954486 -0.21545221
vn 0.10040152 -0.67006713 -0.7354792
vn 0.12555669 -0.7207014 -0.68178064
vn 0.11487469 -0.9643488 -0.23840131
vn 0.11959149 -0.9416916 -0.31450722
vn 0.027370265 -0.91507673 -0.40234992
vn 0.0023093317 -0.9920005 -0.1262127
vn -0.06719744 -0.9932153 -0.09490941
vn 0.0032718717 -0.9491346 -0.3148537
vn -0.9892517 -0.13533585 -0.055364706
vn -0.99032396 -0.13216747 -0.042311806
vn -0.9983939 0.053512085 0.018603615
vn 0.28991315 0.13118975 -0.9480187
vn 0.12555669 -0.7207014 -0.68178064
vn 0.10040152 -0.67006713 -0.7354792
vn 0.09594423 -0.91563946 -0.39038312
vn 0.12110195 -0.97026956 -0.20955007
vn 0.0023093317 -0.9920005 -0.1262127
vn 0.027370265 -0.91507673 -0.40234992
vn -0.93127143 -0.34516162 -0.116605684
vn -0.9351996 -0.34041187 -0.09757761
vn -0.99032396 -0.13216747 -0.042311806
vn -0.9892517 -0.13533585 -0.055364706
vn 0.5461922 -0.83710176 -0.030572074
vn 0.34000218 -0.9206016 -0.1920707
vn 0.12110195 -0.97026956 -0.20955007
vn 0.09594423 -0.91563946 -0.39038312
vn -0.82369787 -0.5446894 -0.15759201
vn -0.81903094 -0.55876714 -0.13025993
vn -0.9351996 -0.34041187 -0.09757761
vn -0.93127143 -0.34516162 -0.116605684
vn 0.12555669 -0.7207014 -0.68178064
vn 0.20380147 -0.7803742 -0.5911692
vn 0.11264287 -0.97736514 -0.1790783
vn 0.11487469 -0.9643488 -0.23840131
vn 0.0023093317 -0.9920005 -0.1262127
vn 0.019409932 -0.9632063 0.2680613
vn -0.04929177 -0.98448616 0.16839617
vn -0.06719744 -0.9932153 -0.09490941
vn -0.99032396 -0.13216747 -0.042311806
vn -0.9922707 -0.12123266 -0.026483987
vn -0.9983939 0.053512085 0.018603615
vn 0.28991315 0.13118975 -0.9480187
vn 0.20380147 -0.7803742 -0.5911692
vn 0.12555669 -0.7207014 -0.68178064
vn 0.12110195 -0.97026956 -0.20955007
vn 0.19438232 -0.9503802 0.24288447
vn 0.019409932 -0.9632063 0.2680613
vn 0.0023093317 -0.9920005 -0.1262127
vn -0.9351996 -0.34041187 -0.09757761
vn -0.94553334 -0.3156595 -0.07953476
vn -0.9922707 -0.12123266 -0.026483987
vn -0.99032396 -0.13216747 -0.042311806
vn 0.34000218 -0.9206016 -0.1920707
vn 0.46926433 -0.8753024 0.11677594
vn 0.19438232 -0.9503802 0.24288447
vn 0.12110195 -0.97026956 -0.20955007
vn -0.81903094 -0.55876714 -0.13025993
vn -0.8272147 -0.55066353 -0.11173805
vn -0.94553334 -0.3156595 -0.07953476
vn -0.9351996 -0.34041187 -0.09757761
vn 0.496172 -0.8544014 -0.15430966
vn 0.50248134 -0.86334896 0.046270486
vn 0.46926433 -0.8753024 0.11677594
vn 0.34000218 -0.9206016 -0.1920707
vn -0.67052495 -0.73507184 -0.10032826
vn -0.64942515 -0.757143 -0.07057989
vn -0.8272147 -0.55066353 -0.11173805
vn -0.81903094 -0.55876714 -0.13025993
vn 0.4339968 -0.85800457 -0.2747271
vn 0.40242213 -0.91422033 -0.047513958
vn 0.50248134 -0.86334896 0.046270486
vn 0.496172 -0.8544014 -0.15430966
vn -0.48978975 -0.87019783 -0.053495474
vn -0.47383875 -0.88057446 -0.008096284
vn -0.64942515 -0.757143 -0.07057989
vn -0.67052495 -0.73507184 -0.10032826
vn 0.25621992 -0.8978105 -0.35817254
vn 0.24448782 -0.94934714 -0.19739747
vn 0.40242213 -0.91422033 -0.047513958
vn 0.4339968 -0.85800457 -0.2747271
vn -0.24275321 -0.96822727 -0.06005677
vn -0.2446324 -0.9679827 0.0562541
vn -0.47383875 -0.88057446 -0.008096284
vn -0.48978975 -0.87019783 -0.053495474
vn 0.11487469 -0.9643488 -0.23840131
vn 0.11264287 -0.97736514 -0.1790783
vn 0.24448782 -0.94934714 -0.19739747
vn 0.25621992 -0.8978105 -0.35817254
vn -0.06719744 -0.9932153 -0.09490941
vn -0.04929177 -0.98448616 0.16839617
vn -0.2446324 -0.9679827 0.0562541
vn -0.24275321 -0.96822727 -0.06005677
vn -0.64942515 -0.757143 -0.07057989
vn -0.65347034 -0.7568869 0.009941235
vn -0.8549382 -0.5138167 -0.071224675
vn -0.8272147 -0.55066353 -0.11173805
vn 0.40242213 -0.91422033 -0.047513958
vn 0.3340322 -0.84166396 0.42429256
vn 0.38183704 -0.6538056 0.6532523
vn 0.50248134 -0.86334896 0.046270486
vn -0.47383875 -0.88057446 -0.008096284
vn -0.46918744 -0.8750458 0.1189875
vn -0.65347034 -0.7568869 0.009941235
vn -0.64942515 -0.757143 -0.07057989
vn 0.24448782 -0.94934714 -0.19739747
vn 0.20457016 -0.97492135 0.08763204
vn 0.3340322 -0.84166396 0.42429256
vn 0.40242213 -0.91422033 -0.047513958
vn -0.2446324 -0.9679827 0.0562541
vn -0.21283498 -0.9455143 0.24638173
vn -0.46918744 -0.8750458 0.1189875
vn -0.47383875 -0.88057446 -0.008096284
vn 0.11264287 -0.97736514 -0.1790783
vn 0.110965975 -0.9820228 -0.15270144
vn 0.20457016 -0.97492135 0.08763204
vn 0.24448782 -0.94934714 -0.19739747
vn -0.04929177 -0.98448616 0.16839617
vn 0.024035798 -0.9099468 0.41402784
vn -0.21283498 -0.9455143 0.24638173
vn -0.2446324 -0.9679827 0.0562541
vn 0.20380147 -0.7803742 -0.5911692
vn 0.28191468 -0.760342 -0.58515304
vn 0.110965975 -0.9820228 -0.15270144
vn 0.11264287 -0.97736514 -0.1790783
vn 0.019409932 -0.9632063 0.2680613
vn 0.06453953 -0.82072836 0.5676615
vn 0.024035798 -0.9099468 0.41402784
vn -0.04929177 -0.98448616 0.16839617
vn -0.9922707 -0.12123266 -0.026483987
vn -0.9948557 -0.101233274 -0.0037348284
vn -0.9983939 0.053512085 0.018603615
vn 0.28991315 0.13118975 -0.9480187
vn 0.28191468 -0.760342 -0.58515304
vn 0.20380147 -0.7803742 -0.5911692
vn 0.19438232 -0.9503802 0.24288447
vn 0.17933093 -0.6620075 0.72772694
vn 0.06453953 -0.82072836 0.5676615
vn 0.019409932 -0.9632063 0.2680613
vn -0.94553334 -0.3156595 -0.07953476
vn -0.9619369 -0.26843292 -0.051198557
vn -0.9948557 -0.101233274 -0.0037348284
vn -0.9922707 -0.12123266 -0.026483987
vn 0.46926433 -0.8753024 0.11677594
vn 0.34464365 -0.54193157 0.7665057
vn 0.17933093 -0.6620075 0.72772694
vn 0.19438232 -0.9503802 0.24288447
vn -0.8272147 -0.55066353 -0.11173805
vn -0.8549382 -0.5138167 -0.071224675
vn -0.9619369 -0.26843292 -0.051198557
vn -0.94553334 -0.3156595 -0.07953476
vn 0.50248134 -0.86334896 0.046270486
vn 0.38183704 -0.6538056 0.6532523
vn 0.34464365 -0.54193157 0.7665057
vn 0.46926433 -0.8753024 0.11677594
vn 0.06453953 -0.82072836 0.5676615
vn 0.12173399 -0.77510405 0.61999565
vn 0.074710466 -0.8316939 0.55018514
vn 0.024035798 -0.9099468 0.41402784
vn -0.9948557 -0.101233274 -0.0037348284
vn -0.9971071 -0.069858305 0.029954737
vn -0.9983939 0.053512085 0.018603615
vn 0.28991315 0.13118975 -0.9480187
vn 0.34996685 -0.68346953 -0.64061886
vn 0.28191468 -0.760342 -0.58515304
vn 0.17933093 -0.6620075 0.72772694
vn 0.1601728 -0.6746863 0.72051585
vn 0.12173399 -0.77510405 0.61999565
vn 0.06453953 -0.82072836 0.5676615
vn -0.9619369 -0.26843292 -0.051198557
vn -0.9808024 -0.19500408 4.453978E-05
vn -0.9971071 -0.069858305 0.029954737
vn -0.9948557 -0.101233274 -0.0037348284
vn 0.34464365 -0.54193157 0.7665057
vn 0.22479378 -0.59652084 0.7704743
vn 0.1601728 -0.6746863 0.72051585
vn 0.17933093 -0.6620075 0.72772694
vn -0.8549382 -0.5138167 -0.071224675
vn -0.90252095 -0.43020162 0.019556677
vn -0.9808024 -0.19500408 4.453978E-05
vn -0.9619369 -0.26843292 -0.051198557
vn 0.38183704 -0.6538056 0.6532523
vn 0.25958562 -0.61108714 0.74778867
vn 0.22479378 -0.59652084 0.7704743
vn 0.34464365 -0.54193157 0.7665057
vn -0.65347034 -0.7568869 0.009941235
vn -0.68326163 -0.7052414 0.1891774
vn -0.90252095 -0.43020162 0.019556677
vn -0.8549382 -0.5138167 -0.071224675
vn 0.3340322 -0.84166396 0.42429256
vn 0.23853526 -0.72930837 0.64125675
vn 0.25958562 -0.61108714 0.74778867
vn 0.38183704 -0.6538056 0.6532523
vn -0.46918744 -0.8750458 0.1189875
vn -0.4575871 -0.80897623 0.36901435
vn -0.68326163 -0.7052414 0.1891774
vn -0.65347034 -0.7568869 0.009941235
vn 0.20457016 -0.97492135 0.08763204
vn 0.14900224 -0.89899224 0.41183886
vn 0.23853526 -0.72930837 0.64125675
vn 0.3340322 -0.84166396 0.42429256
vn -0.21283498 -0.9455143 0.24638173
vn -0.18628626 -0.8526087 0.4882171
vn -0.4575871 -0.80897623 0.36901435
vn -0.46918744 -0.8750458 0.1189875
vn 0.110965975 -0.9820228 -0.15270144
vn 0.13163882 -0.99045664 -0.040826056
vn 0.14900224 -0.89899224 0.41183886
vn 0.20457016 -0.97492135 0.08763204
vn 0.024035798 -0.9099468 0.41402784
vn 0.074710466 -0.8316939 0.55018514
vn -0.18628626 -0.8526087 0.4882171
vn -0.21283498 -0.9455143 0.24638173
vn 0.28191468 -0.760342 -0.58515304
vn 0.34996685 -0.68346953 -0.64061886
vn 0.13163882 -0.99045664 -0.040826056
vn 0.110965975 -0.9820228 -0.15270144
vn 0.23853526 -0.72930837 0.64125675
vn 0.20318656 -0.71933925 0.6642788
vn 0.2570355 -0.707895 0.65788865
vn 0.25958562 -0.61108714 0.74778867
vn -0.4575871 -0.80897623 0.36901435
vn -0.42940402 -0.64400643 0.6331413
vn -0.7153743 -0.5461304 0.43586835
vn -0.68326163 -0.7052414 0.1891774
vn 0.14900224 -0.89899224 0.41183886
vn 0.11888586 -0.77976 0.61468726
vn 0.20318656 -0.71933925 0.6642788
vn 0.23853526 -0.72930837 0.64125675
vn -0.18628626 -0.8526087 0.4882171
vn -0.19780056 -0.7041884 0.68190444
vn -0.42940402 -0.64400643 0.6331413
vn -0.4575871 -0.80897623 0.36901435
vn 0.13163882 -0.99045664 -0.040826056
vn 0.180665 -0.9735502 0.1398576
vn 0.11888586 -0.77976 0.61468726
vn 0.14900224 -0.89899224 0.41183886
vn 0.074710466 -0.8316939 0.55018514
vn 0.055811133 -0.77890086 0.6246588
vn -0.19780056 -0.7041884 0.68190444
vn -0.18628626 -0.8526087 0.4882171
vn 0.34996685 -0.68346953 -0.64061886
vn 0.4343801 -0.6091679 -0.66349703
vn 0.180665 -0.9735502 0.1398576
vn 0.13163882 -0.99045664 -0.040826056
vn 0.12173399 -0.77510405 0.61999565
vn 0.15216015 -0.802828 0.5764672
vn 0.055811133 -0.77890086 0.6246588
vn 0.074710466 -0.8316939 0.55018514
vn -0.9971071 -0.069858305 0.029954737
vn -0.99707955 -0.027468441 0.071258955
vn -0.9983939 0.053512085 0.018603615
vn 0.28991315 0.13118975 -0.9480187
vn 0.4343801 -0.6091679 -0.66349703
vn 0.34996685 -0.68346953 -0.64061886
vn 0.1601728 -0.6746863 0.72051585
vn 0.17842607 -0.78721297 0.5903048
vn 0.15216015 -0.802828 0.5764672
vn 0.12173399 -0.77510405 0.61999565
vn -0.9808024 -0.19500408 4.453978E-05
vn -0.9924143 -0.09727007 0.075182505
vn -0.99707955 -0.027468441 0.071258955
vn -0.9971071 -0.069858305 0.029954737
vn 0.22479378 -0.59652084 0.7704743
vn 0.22156537 -0.7527551 0.619894
vn 0.17842607 -0.78721297 0.5903048
vn 0.1601728 -0.6746863 0.72051585
vn -0.90252095 -0.43020162 0.019556677
vn -0.94688475 -0.27710116 0.16316928
vn -0.9924143 -0.09727007 0.075182505
vn -0.9808024 -0.19500408 4.453978E-05
vn 0.25958562 -0.61108714 0.74778867
vn 0.2570355 -0.707895 0.65788865
vn 0.22156537 -0.7527551 0.619894
vn 0.22479378 -0.59652084 0.7704743
vn -0.68326163 -0.7052414 0.1891774
vn -0.7153743 -0.5461304 0.43586835
vn -0.94688475 -0.27710116 0.16316928
vn -0.90252095 -0.43020162 0.019556677
vn -0.99707955 -0.027468441 0.071258955
vn -0.9934904 0.019907359 0.112163134
vn -0.9983939 0.053512085 0.018603615
vn 0.28991315 0.13118975 -0.9480187
vn 0.5422708 -0.5343559 -0.6483873
vn 0.4343801 -0.6091679 -0.66349703
vn 0.17842607 -0.78721297 0.5903048
vn 0.19256437 -0.74690443 0.63643754
vn 0.12453112 -0.73790246 0.6633189
vn 0.15216015 -0.802828 0.5764672
vn -0.9924143 -0.09727007 0.075182505
vn -0.98671794 0.009432327 0.16216895
vn -0.9934904 0.019907359 0.112163134
vn -0.99707955 -0.027468441 0.071258955
vn 0.22156537 -0.7527551 0.619894
vn 0.2489141 -0.7184377 0.6495299
vn 0.19256437 -0.74690443 0.63643754
vn 0.17842607 -0.78721297 0.5903048
vn -0.94688475 -0.27710116 0.16316928
vn -0.9447649 -0.071796864 0.31978822
vn -0.98671794 0.009432327 0.16216895
vn -0.9924143 -0.09727007 0.075182505
vn 0.2570355 -0.707895 0.65788865
vn 0.28552 -0.67481506 0.6805167
vn 0.2489141 -0.7184377 0.6495299
vn 0.22156537 -0.7527551 0.619894
vn -0.7153743 -0.5461304 0.43586835
vn -0.70930845 -0.27747434 0.6479888
vn -0.9447649 -0.071796864 0.31978822
vn -0.94688475 -0.27710116 0.16316928
vn 0.20318656 -0.71933925 0.6642788
vn 0.2039459 -0.6619289 0.7212879
vn 0.28552 -0.67481506 0.6805167
vn 0.2570355 -0.707895 0.65788865
vn -0.42940402 -0.64400643 0.6331413
vn -0.40870222 -0.4079599 0.8164136
vn -0.70930845 -0.27747434 0.6479888
vn -0.7153743 -0.5461304 0.43586835
vn 0.11888586 -0.77976 0.61468726
vn 0.11161338 -0.67753357 0.72697365
vn 0.2039459 -0.6619289 0.7212879
vn 0.20318656 -0.71933925 0.6642788
vn -0.19780056 -0.7041884 0.68190444
vn -0.2488534 -0.50945073 0.8237305
vn -0.40870222 -0.4079599 0.8164136
vn -0.42940402 -0.64400643 0.6331413
vn 0.180665 -0.9735502 0.1398576
vn 0.26860908 -0.9279903 0.25823087
vn 0.11161338 -0.67753357 0.72697365
vn 0.11888586 -0.77976 0.61468726
vn 0.055811133 -0.77890086 0.6246588
vn -0.036060415 -0.65605855 0.753848
vn -0.2488534 -0.50945073 0.8237305
vn -0.19780056 -0.7041884 0.68190444
vn 0.4343801 -0.6091679 -0.66349703
vn 0.5422708 -0.5343559 -0.6483873
vn 0.26860908 -0.9279903 0.25823087
vn 0.180665 -0.9735502 0.1398576
vn 0.15216015 -0.802828 0.5764672
vn 0.12453112 -0.73790246 0.6633189
vn -0.036060415 -0.65605855 0.753848
vn 0.055811133 -0.77890086 0.6246588
vn -0.40870222 -0.4079599 0.8164136
vn -0.40341917 -0.15758091 0.9013441
vn -0.6672822 -0.014744037 0.744659
vn -0.70930845 -0.27747434 0.6479888
vn 0.11161338 -0.67753357 0.72697365
vn 0.11407228 -0.49666694 0.8604124
vn 0.21020345 -0.4820583 0.85054946
vn 0.2039459 -0.6619289 0.7212879
vn -0.2488534 -0.50945073 0.8237305
vn -0.29814515 -0.25561753 0.9196571
vn -0.40341917 -0.15758091 0.9013441
vn -0.40870222 -0.4079599 0.8164136
vn 0.26860908 -0.9279903 0.25823087
vn 0.4598432 -0.7678383 0.44605908
vn 0.11407228 -0.49666694 0.8604124
vn 0.11161338 -0.67753357 0.72697365
vn -0.036060415 -0.65605855 0.753848
vn -0.1612771 -0.38817003 0.90736634
vn -0.29814515 -0.25561753 0.9196571
vn -0.2488534 -0.50945073 0.8237305
vn 0.5422708 -0.5343559 -0.6483873
vn 0.7178467 -0.40879703 -0.56354344
vn 0.4598432 -0.7678383 0.44605908
vn 0.26860908 -0.9279903 0.25823087
vn 0.12453112 -0.73790246 0.6633189
vn 0.03494638 -0.50570667 0.8619974
vn -0.1612771 -0.38817003 0.90736634
vn -0.036060415 -0.65605855 0.753848
vn -0.9934904 0.019907359 0.112163134
vn -0.9873765 0.06269747 0.1454535
vn -0.9983939 0.053512085 0.018603615
vn 0.28991315 0.13118975 -0.9480187
vn 0.7178467 -0.40879703 -0.56354344
vn 0.5422708 -0.5343559 -0.6483873
vn 0.19256437 -0.74690443 0.63643754
vn 0.1864258 -0.54779387 0.8155779
vn 0.03494638 -0.50570667 0.8619974
vn 0.12453112 -0.73790246 0.6633189
vn -0.98671794 0.009432327 0.16216895
vn -0.9651131 0.09963009 0.24213758
vn -0.9873765 0.06269747 0.1454535
vn -0.9934904 0.019907359 0.112163134
vn 0.2489141 -0.7184377 0.6495299
vn 0.2821633 -0.5291778 0.8002217
vn 0.1864258 -0.54779387 0.8155779
vn 0.19256437 -0.74690443 0.63643754
vn -0.9447649 -0.071796864 0.31978822
vn -0.8942669 0.1073135 0.4344773
vn -0.9651131 0.09963009 0.24213758
vn -0.98671794 0.009432327 0.16216895
vn 0.28552 -0.67481506 0.6805167
vn 0.31546453 -0.49036297 0.81242007
vn 0.2821633 -0.5291778 0.8002217
vn 0.2489141 -0.7184377 0.6495299
vn -0.70930845 -0.27747434 0.6479888
vn -0.6672822 -0.014744037 0.744659
vn -0.8942669 0.1073135 0.4344773
vn -0.9447649 -0.071796864 0.31978822
vn 0.2039459 -0.6619289 0.7212879
vn 0.21020345 -0.4820583 0.85054946
vn 0.31546453 -0.49036297 0.81242007
vn 0.28552 -0.67481506 0.6805167
vn 0.1864258 -0.54779387 0.8155779
vn 0.10807541 -0.3659693 0.9243301
vn -0.0944981 -0.1642476 0.9818823
vn 0.03494638 -0.50570667 0.8619974
vn -0.9651131 0.09963009 0.24213758
vn -0.94007295 0.15610883 0.3031384
vn -0.9810683 0.09475613 0.16889708
vn -0.9873765 0.06269747 0.1454535
vn 0.2821633 -0.5291778 0.8002217
vn 0.31484875 -0.5609093 0.76567036
vn 0.10807541 -0.3659693 0.9243301
vn 0.1864258 -0.54779387 0.8155779
vn -0.8942669 0.1073135 0.4344773
vn -0.8423233 0.20470744 0.49858424
vn -0.94007295 0.15610883 0.3031384
vn -0.9651131 0.09963009 0.24213758
vn 0.31546453 -0.49036297 0.81242007
vn 0.3789015 -0.4729293 0.7954694
vn 0.31484875 -0.5609093 0.76567036
vn 0.2821633 -0.5291778 0.8002217
vn -0.6672822 -0.014744037 0.744659
vn -0.63721484 0.14521474 0.7568817
vn -0.8423233 0.20470744 0.49858424
vn -0.8942669 0.1073135 0.4344773
vn 0.21020345 -0.4820583 0.85054946
vn 0.21231554 -0.28758693 0.933925
vn 0.3789015 -0.4729293 0.7954694
vn 0.31546453 -0.49036297 0.81242007
vn -0.40341917 -0.15758091 0.9013441
vn -0.41022885 0.031989932 0.91142136
vn -0.63721484 0.14521474 0.7568817
vn -0.6672822 -0.014744037 0.744659
vn 0.11407228 -0.49666694 0.8604124
vn 0.11779741 -0.25050014 0.96092325
vn 0.21231554 -0.28758693 0.933925
vn 0.21020345 -0.4820583 0.85054946
vn -0.29814515 -0.25561753 0.9196571
vn -0.31383115 -0.026138576 0.949119
vn -0.41022885 0.031989932 0.91142136
vn -0.40341917 -0.15758091 0.9013441
vn 0.4598432 -0.7678383 0.44605908
vn 0.6617818 -0.37456086 0.64942217
vn 0.11779741 -0.25050014 0.96092325
vn 0.11407228 -0.49666694 0.8604124
vn -0.1612771 -0.38817003 0.90736634
vn -0.25002912 -0.07244539 0.96552426
vn -0.31383115 -0.026138576 0.949119
vn -0.29814515 -0.25561753 0.9196571
vn 0.7178467 -0.40879703 -0.56354344
vn 0.8799019 -0.1554498 -0.44900787
vn 0.6617818 -0.37456086 0.64942217
vn 0.4598432 -0.7678383 0.44605908
vn 0.03494638 -0.50570667 0.8619974
vn -0.0944981 -0.1642476 0.9818823
vn -0.25002912 -0.07244539 0.96552426
vn -0.1612771 -0.38817003 0.90736634
vn -0.9873765 0.06269747 0.1454535
vn -0.9810683 0.09475613 0.16889708
vn -0.9983939 0.053512085 0.018603615
vn 0.28991315 0.13118975 -0.9480187
vn 0.8799019 -0.1554498 -0.44900787
vn 0.7178467 -0.40879703 -0.56354344
vn 0.11779741 -0.25050014 0.96092325
vn 0.12506084 -0.00092015375 0.99214864
vn 0.20993343 -0.21175653 0.95450884
vn 0.21231554 -0.28758693 0.933925
vn -0.31383115 -0.026138576 0.949119
vn -0.30586958 0.1199055 0.94449276
vn -0.42798704 0.14321229 0.8923662
vn -0.41022885 0.031989932 0.91142136
vn 0.6617818 -0.37456086 0.64942217
vn 0.6619721 0.17850022 0.7279634
vn 0.12506084 -0.00092015375 0.99214864
vn 0.11779741 -0.25050014 0.96092325
vn -0.25002912 -0.07244539 0.96552426
vn -0.26213497 0.15668459 0.9522264
vn -0.30586958 0.1199055 0.94449276
vn -0.31383115 -0.026138576 0.949119
vn 0.8799019 -0.1554498 -0.44900787
vn 0.90843534 0.17288947 -0.3805976
vn 0.6619721 0.17850022 0.7279634
vn 0.6617818 -0.37456086 0.64942217
vn -0.0944981 -0.1642476 0.9818823
vn -0.17233768 0.18413395 0.96767473
vn -0.26213497 0.15668459 0.9522264
vn -0.25002912 -0.07244539 0.96552426
vn -0.9810683 0.09475613 0.16889708
vn -0.97623265 0.1150779 0.18364891
vn -0.9983939 0.053512085 0.018603615
vn 0.28991315 0.13118975 -0.9480187
vn 0.90843534 0.17288947 -0.3805976
vn 0.8799019 -0.1554498 -0.44900787
vn 0.10807541 -0.3659693 0.9243301
vn -0.0041144695 0.030773275 0.9995179
vn -0.17233768 0.18413395 0.96767473
vn -0.0944981 -0.1642476 0.9818823
vn -0.94007295 0.15610883 0.3031384
vn -0.9217161 0.17994574 0.34359723
vn -0.97623265 0.1150779 0.18364891
vn -0.9810683 0.09475613 0.16889708
vn 0.31484875 -0.5609093 0.76567036
vn 0.38384277 -0.60742915 0.6954814
vn -0.0041144695 0.030773275 0.9995179
vn 0.10807541 -0.3659693 0.9243301
vn -0.8423233 0.20470744 0.49858424
vn -0.8136786 0.23214677 0.53294927
vn -0.9217161 0.17994574 0.34359723
vn -0.94007295 0.15610883 0.3031384
vn 0.3789015 -0.4729293 0.7954694
vn 0.45413965 -0.6498651 0.6094527
vn 0.38384277 -0.60742915 0.6954814
vn 0.31484875 -0.5609093 0.76567036
vn -0.63721484 0.14521474 0.7568817
vn -0.63324124 0.2122722 0.74427545
vn -0.8136786 0.23214677 0.53294927
vn -0.8423233 0.20470744 0.49858424
vn 0.21231554 -0.28758693 0.933925
vn 0.20993343 -0.21175653 0.95450884
vn 0.45413965 -0.6498651 0.6094527
vn 0.3789015 -0.4729293 0.7954694
vn -0.41022885 0.031989932 0.91142136
vn -0.42798704 0.14321229 0.8923662
vn -0.63324124 0.2122722 0.74427545
vn -0.63721484 0.14521474 0.7568817
# 3968 vertex normals

vt 0.8353057 0.40399286 0
vt 0.8353057 0.40399286 0
vt 0.799027 0.4064458 0
vt 0.799027 0.4064458 0
vt 0.83575004 0.4064458 0
vt 0.83575004 0.4064458 0
vt 0.8654942 0.4064458 0
vt 0.8654942 0.4064458 0
vt 0.83519715 0.4064459 0
vt 0.83519715 0.4064459 0
vt 0.79996914 0.40885156 0
vt 0.79996914 0.40885156 0
vt 0.86567146 0.40885156 0
vt 0.86567146 0.40885156 0
vt 0.7987846 0.40885162 0
vt 0.7987846 0.40885162 0
vt 0.86546123 0.40885162 0
vt 0.86546123 0.40885162 0
vt 0.7523419 0.41371042 0
vt 0.7523419 0.41371042 0
vt 0.83646846 0.41371042 0
vt 0.83646846 0.41371042 0
vt 0.8915531 0.41371042 0
vt 0.8915531 0.41371042 0
vt 0.83544254 0.41371047 0
vt 0.83544254 0.41371047 0
vt 0.7541511 0.41597655 0
vt 0.7541511 0.41597655 0
vt 0.80148953 0.41597655 0
vt 0.80148953 0.41597655 0
vt 0.86596435 0.41597655 0
vt 0.86596435 0.41597655 0
vt 0.8916088 0.41597655 0
vt 0.8916088 0.41597655 0
vt 0.7519423 0.4159766 0
vt 0.7519423 0.4159766 0
vt 0.7992731 0.4159766 0
vt 0.7992731 0.4159766 0
vt 0.8655799 0.4159766 0
vt 0.8655799 0.4159766 0
vt 0.8915486 0.4159766 0
vt 0.8915486 0.4159766 0
vt 0.7571329 0.42268807 0
vt 0.7571329 0.42268807 0
vt 0.8917053 0.42268807 0
vt 0.8917053 0.42268807 0
vt 0.75298625 0.42268813 0
vt 0.75298625 0.42268813 0
vt 0.8915977 0.42268813 0
vt 0.8915977 0.42268813 0
vt 0.6856987 0.42550728 0
vt 0.6856987 0.42550728 0
vt 0.91428953 0.42550728 0
vt 0.91428953 0.42550728 0
vt 0.83736855 0.42550734 0
vt 0.83736855 0.42550734 0
vt 0.83601063 0.42550743 0
vt 0.83601063 0.42550743 0
vt 0.689025 0.42754677 0
vt 0.689025 0.42754677 0
vt 0.86633193 0.42754677 0
vt 0.86633193 0.42754677 0
vt 0.9143006 0.42754677 0
vt 0.9143006 0.42754677 0
vt 0.68532085 0.42754686 0
vt 0.68532085 0.42754686 0
vt 0.8004253 0.42754686 0
vt 0.8004253 0.42754686 0
vt 0.80340296 0.42754686 0
vt 0.80340296 0.42754686 0
vt 0.8658343 0.42754686 0
vt 0.8658343 0.42754686 0
vt 0.9142906 0.42754686 0
vt 0.9142906 0.42754686 0
vt 0.8916921 0.43358707 0
vt 0.8916921 0.43358707 0
vt 0.8918264 0.43358707 0
vt 0.8918264 0.43358707 0
vt 0.9143039 0.43358707 0
vt 0.9143039 0.43358707 0
vt 0.9143206 0.43358707 0
vt 0.9143206 0.43358707 0
vt 0.6878585 0.43358713 0
vt 0.6878585 0.43358713 0
vt 0.6948342 0.43358713 0
vt 0.6948342 0.43358713 0
vt 0.7553084 0.43358713 0
vt 0.7553084 0.43358713 0
vt 0.7609159 0.43358713 0
vt 0.7609159 0.43358713 0
vt 0.5753755 0.44138327 0
vt 0.5753755 0.44138327 0
vt 0.83682674 0.44138327 0
vt 0.83682674 0.44138327 0
vt 0.8383501 0.44138327 0
vt 0.8383501 0.44138327 0
vt 0.93374705 0.44138327 0
vt 0.93374705 0.44138327 0
vt 0.576178 0.4431178 0
vt 0.576178 0.4431178 0
vt 0.58152014 0.4431178 0
vt 0.58152014 0.4431178 0
vt 0.80209404 0.4431178 0
vt 0.80209404 0.4431178 0
vt 0.805504 0.4431178 0
vt 0.805504 0.4431178 0
vt 0.86619014 0.4431178 0
vt 0.86619014 0.4431178 0
vt 0.8667275 0.4431178 0
vt 0.8667275 0.4431178 0
vt 0.9337472 0.4431178 0
vt 0.9337472 0.4431178 0
vt 0.9337472 0.4431178 0
vt 0.9337472 0.4431178 0
vt 0.69283134 0.44339588 0
vt 0.69283134 0.44339588 0
vt 0.70231134 0.44339588 0
vt 0.70231134 0.44339588 0
vt 0.9143261 0.44339588 0
vt 0.9143261 0.44339588 0
vt 0.91434485 0.44339588 0
vt 0.91434485 0.44339588 0
vt 0.583474 0.4482546 0
vt 0.583474 0.4482546 0
vt 0.5935145 0.4482546 0
vt 0.5935145 0.4482546 0
vt 0.7585965 0.4482546 0
vt 0.7585965 0.4482546 0
vt 0.76508707 0.4482546 0
vt 0.76508707 0.4482546 0
vt 0.89181626 0.4482546 0
vt 0.89181626 0.4482546 0
vt 0.89195377 0.4482546 0
vt 0.89195377 0.4482546 0
vt 0.9337476 0.4482546 0
vt 0.9337476 0.4482546 0
vt 0.9337476 0.4482546 0
vt 0.9337476 0.4482546 0
vt 0.6092185 0.45659626 0
vt 0.6092185 0.45659626 0
vt 0.9337477 0.45659626 0
vt 0.9337477 0.45659626 0
vt 0.5955718 0.45659634 0
vt 0.5955718 0.45659634 0
vt 0.6994984 0.45659634 0
vt 0.6994984 0.45659634 0
vt 0.71053827 0.45659634 0
vt 0.71053827 0.45659634 0
vt 0.91435194 0.45659634 0
vt 0.91435194 0.45659634 0
vt 0.9143682 0.45659634 0
vt 0.9143682 0.45659634 0
vt 0.9337477 0.45659634 0
vt 0.9337477 0.45659634 0
vt 0.8377971 0.46072832 0
vt 0.8377971 0.46072832 0
vt 0.83932173 0.46072832 0
vt 0.83932173 0.46072832 0
vt 0.9496239 0.46072832 0
vt 0.9496239 0.46072832 0
vt 0.34508997 0.46072844 0
vt 0.34508997 0.46072844 0
vt 0.36127067 0.46209103 0
vt 0.36127067 0.46209103 0
vt 0.8040929 0.46209103 0
vt 0.8040929 0.46209103 0
vt 0.8665981 0.46209103 0
vt 0.8665981 0.46209103 0
vt 0.86710984 0.46209103 0
vt 0.86710984 0.46209103 0
vt 0.9496239 0.46209103 0
vt 0.9496239 0.46209103 0
vt 0.35191065 0.46209118 0
vt 0.35191065 0.46209118 0
vt 0.8076046 0.46209118 0
vt 0.8076046 0.46209118 0
vt 0.9496239 0.46209118 0
vt 0.9496239 0.46209118 0
vt 0.8920722 0.46612692 0
vt 0.8920722 0.46612692 0
vt 0.37827295 0.46612707 0
vt 0.37827295 0.46612707 0
vt 0.39502713 0.46612707 0
vt 0.39502713 0.46612707 0
vt 0.7624802 0.46612707 0
vt 0.7624802 0.46612707 0
vt 0.76927763 0.46612707 0
vt 0.76927763 0.46612707 0
vt 0.8919509 0.46612707 0
vt 0.8919509 0.46612707 0
vt 0.9496239 0.46612707 0
vt 0.9496239 0.46612707 0
vt 0.9496239 0.46612707 0
vt 0.9496239 0.46612707 0
vt 0.6103392 0.46782237 0
vt 0.6103392 0.46782237 0
vt 0.62633663 0.46782237 0
vt 0.62633663 0.46782237 0
vt 0.9337477 0.46782237 0
vt 0.9337477 0.46782237 0
vt 0.9337477 0.46782237 0
vt 0.9337477 0.46782237 0
vt 0.41528633 0.47268105 0
vt 0.41528633 0.47268105 0
vt 0.43658698 0.47268105 0
vt 0.43658698 0.47268105 0
vt 0.70708245 0.47268105 0
vt 0.70708245 0.47268105 0
vt 0.71873736 0.47268105 0
vt 0.71873736 0.47268105 0
vt 0.9143757 0.47268105 0
vt 0.9143757 0.47268105 0
vt 0.9143866 0.47268105 0
vt 0.9143866 0.47268105 0
vt 0.9496239 0.47268105 0
vt 0.9496239 0.47268105 0
vt 0.9496239 0.47268105 0
vt 0.9496239 0.47268105 0
vt 0.45470077 0.48150134 0
vt 0.45470077 0.48150134 0
vt 0.47815943 0.48150134 0
vt 0.47815943 0.48150134 0
vt 0.6259508 0.48150134 0
vt 0.6259508 0.48150134 0
vt 0.6430676 0.48150134 0
vt 0.6430676 0.48150134 0
vt 0.9337477 0.48150134 0
vt 0.9337477 0.48150134 0
vt 0.9337477 0.48150134 0
vt 0.9337477 0.48150134 0
vt 0.9496239 0.48150134 0
vt 0.9496239 0.48150134 0
vt 0.9496239 0.48150134 0
vt 0.9496239 0.48150134 0
vt 0.8388178 0.48279878 0
vt 0.8388178 0.48279878 0
vt 0.07023373 0.48279893 0
vt 0.07023373 0.48279893 0
vt 0.84021384 0.48279893 0
vt 0.84021384 0.48279893 0
vt 0.9614207 0.48279893 0
vt 0.9614207 0.48279893 0
vt 0.07391113 0.4837375 0
vt 0.07391113 0.4837375 0
vt 0.07439807 0.4837375 0
vt 0.07439807 0.4837375 0
vt 0.8062238 0.4837375 0
vt 0.8062238 0.4837375 0
vt 0.809563 0.4837375 0
vt 0.809563 0.4837375 0
vt 0.867011 0.4837375 0
vt 0.867011 0.4837375 0
vt 0.8674512 0.4837375 0
vt 0.8674512 0.4837375 0
vt 0.9614207 0.4837375 0
vt 0.9614207 0.4837375 0
vt 0.9614207 0.4837375 0
vt 0.9614207 0.4837375 0
vt 0.08613473 0.48651758 0
vt 0.08613473 0.48651758 0
vt 0.08872756 0.48651758 0
vt 0.08872756 0.48651758 0
vt 0.76659876 0.48651758 0
vt 0.76659876 0.48651758 0
vt 0.77321297 0.48651758 0
vt 0.77321297 0.48651758 0
vt 0.89207727 0.48651758 0
vt 0.89207727 0.48651758 0
vt 0.8921698 0.48651758 0
vt 0.8921698 0.48651758 0
vt 0.9614207 0.48651758 0
vt 0.9614207 0.48651758 0
vt 0.9614207 0.48651758 0
vt 0.9614207 0.48651758 0
vt 0.111040354 0.49103206 0
vt 0.111040354 0.49103206 0
vt 0.1203126 0.49103206 0
vt 0.1203126 0.49103206 0
vt 0.7148947 0.49103206 0
vt 0.7148947 0.49103206 0
vt 0.72635955 0.49103206 0
vt 0.72635955 0.49103206 0
vt 0.9143926 0.49103206 0
vt 0.9143926 0.49103206 0
vt 0.91439724 0.49103206 0
vt 0.91439724 0.49103206 0
vt 0.9614207 0.49103206 0
vt 0.9614207 0.49103206 0
vt 0.9614207 0.49103206 0
vt 0.9614207 0.49103206 0
vt 0.49185514 0.4922489 0
vt 0.49185514 0.4922489 0
vt 0.5157064 0.4922489 0
vt 0.5157064 0.4922489 0
vt 0.9496239 0.4922489 0
vt 0.9496239 0.4922489 0
vt 0.9496239 0.4922489 0
vt 0.9496239 0.4922489 0
vt 0.1577889 0.49710745 0
vt 0.1577889 0.49710745 0
vt 0.1826202 0.49710745 0
vt 0.1826202 0.49710745 0
vt 0.6411681 0.49710745 0
vt 0.6411681 0.49710745 0
vt 0.6583098 0.49710745 0
vt 0.6583098 0.49710745 0
vt 0.9337477 0.49710745 0
vt 0.9337477 0.49710745 0
vt 0.9337477 0.49710745 0
vt 0.9337477 0.49710745 0
vt 0.9614207 0.49710745 0
vt 0.9614207 0.49710745 0
vt 0.9614207 0.49710745 0
vt 0.9614207 0.49710745 0
vt 0.23415294 0.5045105 0
vt 0.23415294 0.5045105 0
vt 0.2734501 0.5045105 0
vt 0.2734501 0.5045105 0
vt 0.5246566 0.5045105 0
vt 0.5246566 0.5045105 0
vt 0.54749334 0.5045105 0
vt 0.54749334 0.5045105 0
vt 0.9496239 0.5045105 0
vt 0.9496239 0.5045105 0
vt 0.9496239 0.5045105 0
vt 0.9496239 0.5045105 0
vt 0.9614207 0.5045105 0
vt 0.9614207 0.5045105 0
vt 0.9614207 0.5045105 0
vt 0.9614207 0.5045105 0
vt 0.051496863 0.5067467 0
vt 0.051496863 0.5067467 0
vt 0.83980113 0.5067467 0
vt 0.83980113 0.5067467 0
vt 0.8409832 0.5067467 0
vt 0.8409832 0.5067467 0
vt 0.9686853 0.5067467 0
vt 0.9686853 0.5067467 0
vt 0.052681386 0.50722533 0
vt 0.052681386 0.50722533 0
vt 0.052738726 0.50722533 0
vt 0.052738726 0.50722533 0
vt 0.80831975 0.50722533 0
vt 0.80831975 0.50722533 0
vt 0.81129354 0.50722533 0
vt 0.81129354 0.50722533 0
vt 0.8673896 0.50722533 0
vt 0.8673896 0.50722533 0
vt 0.8677345 0.50722533 0
vt 0.8677345 0.50722533 0
vt 0.9686853 0.50722533 0
vt 0.9686853 0.50722533 0
vt 0.9686853 0.50722533 0
vt 0.9686853 0.50722533 0
vt 0.05644211 0.5086425 0
vt 0.05644211 0.5086425 0
vt 0.05651945 0.5086425 0
vt 0.05651945 0.5086425 0
vt 0.77065474 0.5086425 0
vt 0.77065474 0.5086425 0
vt 0.7767227 0.5086425 0
vt 0.7767227 0.5086425 0
vt 0.8921817 0.5086425 0
vt 0.8921817 0.5086425 0
vt 0.8922419 0.5086425 0
vt 0.8922419 0.5086425 0
vt 0.9686853 0.5086425 0
vt 0.9686853 0.5086425 0
vt 0.9686853 0.5086425 0
vt 0.9686853 0.5086425 0
vt 0.062930554 0.5109441 0
vt 0.062930554 0.5109441 0
vt 0.063572645 0.5109441 0
vt 0.063572645 0.5109441 0
vt 0.7224263 0.5109441 0
vt 0.7224263 0.5109441 0
vt 0.7331016 0.5109441 0
vt 0.7331016 0.5109441 0
vt 0.9144015 0.5109441 0
vt 0.9144015 0.5109441 0
vt 0.914402 0.5109441 0
vt 0.914402 0.5109441 0
vt 0.9686853 0.5109441 0
vt 0.9686853 0.5109441 0
vt 0.9686853 0.5109441 0
vt 0.9686853 0.5109441 0
vt 0.31485564 0.5129565 0
vt 0.31485564 0.5129565 0
vt 0.34980088 0.5129565 0
vt 0.34980088 0.5129565 0
vt 0.9614207 0.5129565 0
vt 0.9614207 0.5129565 0
vt 0.9614207 0.5129565 0
vt 0.9614207 0.5129565 0
vt 0.07291663 0.51404124 0
vt 0.07291663 0.51404124 0
vt 0.07489318 0.51404124 0
vt 0.07489318 0.51404124 0
vt 0.6552455 0.51404124 0
vt 0.6552455 0.51404124 0
vt 0.6715339 0.51404124 0
vt 0.6715339 0.51404124 0
vt 0.9337477 0.51404124 0
vt 0.9337477 0.51404124 0
vt 0.9337477 0.51404124 0
vt 0.9337477 0.51404124 0
vt 0.9686853 0.51404124 0
vt 0.9686853 0.51404124 0
vt 0.9686853 0.51404124 0
vt 0.9686853 0.51404124 0
vt 0.087652594 0.51781535 0
vt 0.087652594 0.51781535 0
vt 0.09224564 0.51781535 0
vt 0.09224564 0.51781535 0
vt 0.55261225 0.51781535 0
vt 0.55261225 0.51781535 0
vt 0.5738513 0.51781535 0
vt 0.5738513 0.51781535 0
vt 0.9496239 0.51781535 0
vt 0.9496239 0.51781535 0
vt 0.9496239 0.51781535 0
vt 0.9496239 0.51781535 0
vt 0.9686853 0.51781535 0
vt 0.9686853 0.51781535 0
vt 0.9686853 0.51781535 0
vt 0.9686853 0.51781535 0
vt 0.109084606 0.52212113 0
vt 0.109084606 0.52212113 0
vt 0.11820406 0.52212113 0
vt 0.11820406 0.52212113 0
vt 0.3766659 0.52212113 0
vt 0.3766659 0.52212113 0
vt 0.40659368 0.52212113 0
vt 0.40659368 0.52212113 0
vt 0.9614207 0.52212113 0
vt 0.9614207 0.52212113 0
vt 0.9614207 0.52212113 0
vt 0.9614207 0.52212113 0
vt 0.9686853 0.52212113 0
vt 0.9686853 0.52212113 0
vt 0.9686853 0.52212113 0
vt 0.9686853 0.52212113 0
vt 0.1396583 0.5267932 0
vt 0.1396583 0.5267932 0
vt 0.15539184 0.5267932 0
vt 0.15539184 0.5267932 0
vt 0.9686853 0.5267932 0
vt 0.9686853 0.5267932 0
vt 0.9686853 0.5267932 0
vt 0.9686853 0.5267932 0
vt 0.105979234 0.53165185 0
vt 0.105979234 0.53165185 0
vt 0.18077287 0.53165185 0
vt 0.18077287 0.53165185 0
vt 0.20333356 0.53165185 0
vt 0.20333356 0.53165185 0
vt 0.42410126 0.53165185 0
vt 0.42410126 0.53165185 0
vt 0.44960272 0.53165185 0
vt 0.44960272 0.53165185 0
vt 0.5760539 0.53165185 0
vt 0.5760539 0.53165185 0
vt 0.595362 0.53165185 0
vt 0.595362 0.53165185 0
vt 0.6677739 0.53165185 0
vt 0.6677739 0.53165185 0
vt 0.68259525 0.53165185 0
vt 0.68259525 0.53165185 0
vt 0.7293431 0.53165185 0
vt 0.7293431 0.53165185 0
vt 0.7388506 0.53165185 0
vt 0.7388506 0.53165185 0
vt 0.7744235 0.53165185 0
vt 0.7744235 0.53165185 0
vt 0.7797251 0.53165185 0
vt 0.7797251 0.53165185 0
vt 0.8102508 0.53165185 0
vt 0.8102508 0.53165185 0
vt 0.812757 0.53165185 0
vt 0.812757 0.53165185 0
vt 0.84067816 0.53165185 0
vt 0.84067816 0.53165185 0
vt 0.8416142 0.53165185 0
vt 0.8416142 0.53165185 0
vt 0.8677066 0.53165185 0
vt 0.8677066 0.53165185 0
vt 0.8679543 0.53165185 0
vt 0.8679543 0.53165185 0
vt 0.89225626 0.53165185 0
vt 0.89225626 0.53165185 0
vt 0.8922891 0.53165185 0
vt 0.8922891 0.53165185 0
vt 0.91440266 0.53165185 0
vt 0.91440266 0.53165185 0
vt 0.91440266 0.53165185 0
vt 0.91440266 0.53165185 0
vt 0.9337477 0.53165185 0
vt 0.9337477 0.53165185 0
vt 0.9337477 0.53165185 0
vt 0.9337477 0.53165185 0
vt 0.9496239 0.53165185 0
vt 0.9496239 0.53165185 0
vt 0.9496239 0.53165185 0
vt 0.9496239 0.53165185 0
vt 0.9614207 0.53165185 0
vt 0.9614207 0.53165185 0
vt 0.9614207 0.53165185 0
vt 0.9614207 0.53165185 0
vt 0.9686853 0.53165185 0
vt 0.9686853 0.53165185 0
vt 0.9686853 0.53165185 0
vt 0.9686853 0.53165185 0
vt 0.9711382 0.53165185 0
vt 0.9711382 0.53165185 0
vt 0.22914693 0.5365104 0
vt 0.22914693 0.5365104 0
vt 0.25419828 0.5365104 0
vt 0.25419828 0.5365104 0
vt 0.9686853 0.5365104 0
vt 0.9686853 0.5365104 0
vt 0.9686853 0.5365104 0
vt 0.9686853 0.5365104 0
vt 0.27528733 0.5411826 0
vt 0.27528733 0.5411826 0
vt 0.2967506 0.5411826 0
vt 0.2967506 0.5411826 0
vt 0.46086472 0.5411826 0
vt 0.46086472 0.5411826 0
vt 0.48252612 0.5411826 0
vt 0.48252612 0.5411826 0
vt 0.9614207 0.5411826 0
vt 0.9614207 0.5411826 0
vt 0.9614207 0.5411826 0
vt 0.9614207 0.5411826 0
vt 0.9686853 0.5411826 0
vt 0.9686853 0.5411826 0
vt 0.9686853 0.5411826 0
vt 0.9686853 0.5411826 0
vt 0.3118178 0.54548824 0
vt 0.3118178 0.54548824 0
vt 0.32894525 0.54548824 0
vt 0.32894525 0.54548824 0
vt 0.59552675 0.54548824 0
vt 0.59552675 0.54548824 0
vt 0.9496239 0.54548824 0
vt 0.9496239 0.54548824 0
vt 0.9496239 0.54548824 0
vt 0.9496239 0.54548824 0
vt 0.9686853 0.54548824 0
vt 0.9686853 0.54548824 0
vt 0.9686853 0.54548824 0
vt 0.9686853 0.54548824 0
vt 0.61261344 0.54548836 0
vt 0.61261344 0.54548836 0
vt 0.33957395 0.5492623 0
vt 0.33957395 0.5492623 0
vt 0.35277063 0.5492623 0
vt 0.35277063 0.5492623 0
vt 0.67864066 0.5492623 0
vt 0.67864066 0.5492623 0
vt 0.6916274 0.5492623 0
vt 0.6916274 0.5492623 0
vt 0.9337477 0.5492623 0
vt 0.9337477 0.5492623 0
vt 0.9337477 0.5492623 0
vt 0.9337477 0.5492623 0
vt 0.9686853 0.5492623 0
vt 0.9686853 0.5492623 0
vt 0.9686853 0.5492623 0
vt 0.9686853 0.5492623 0
vt 0.4896329 0.5503471 0
vt 0.4896329 0.5503471 0
vt 0.50776017 0.5503471 0
vt 0.50776017 0.5503471 0
vt 0.9614207 0.5503471 0
vt 0.9614207 0.5503471 0
vt 0.9614207 0.5503471 0
vt 0.9614207 0.5503471 0
vt 0.36009032 0.55235946 0
vt 0.36009032 0.55235946 0
vt 0.36973953 0.55235946 0
vt 0.36973953 0.55235946 0
vt 0.7354549 0.55235946 0
vt 0.7354549 0.55235946 0
vt 0.7436095 0.55235946 0
vt 0.7436095 0.55235946 0
vt 0.91440266 0.55235946 0
vt 0.91440266 0.55235946 0
vt 0.91440266 0.55235946 0
vt 0.91440266 0.55235946 0
vt 0.9686853 0.55235946 0
vt 0.9686853 0.55235946 0
vt 0.9686853 0.55235946 0
vt 0.9686853 0.55235946 0
vt 0.37451738 0.55466104 0
vt 0.37451738 0.55466104 0
vt 0.3808408 0.55466104 0
vt 0.3808408 0.55466104 0
vt 0.7777637 0.55466104 0
vt 0.7777637 0.55466104 0
vt 0.78220403 0.55466104 0
vt 0.78220403 0.55466104 0
vt 0.89230144 0.55466104 0
vt 0.89230144 0.55466104 0
vt 0.8923162 0.55466104 0
vt 0.8923162 0.55466104 0
vt 0.9686853 0.55466104 0
vt 0.9686853 0.55466104 0
vt 0.9686853 0.55466104 0
vt 0.9686853 0.55466104 0
vt 0.81193835 0.55607814 0
vt 0.81193835 0.55607814 0
vt 0.3835395 0.55607826 0
vt 0.3835395 0.55607826 0
vt 0.38667005 0.55607826 0
vt 0.38667005 0.55607826 0
vt 0.81394905 0.55607826 0
vt 0.81394905 0.55607826 0
vt 0.86795044 0.55607826 0
vt 0.86795044 0.55607826 0
vt 0.8681142 0.55607826 0
vt 0.8681142 0.55607826 0
vt 0.9686853 0.55607826 0
vt 0.9686853 0.55607826 0
vt 0.9686853 0.55607826 0
vt 0.9686853 0.55607826 0
vt 0.84141093 0.5565567 0
vt 0.84141093 0.5565567 0
vt 0.38754153 0.5565569 0
vt 0.38754153 0.5565569 0
vt 0.842107 0.5565569 0
vt 0.842107 0.5565569 0
vt 0.9686853 0.5565569 0
vt 0.9686853 0.5565569 0
vt 0.61149585 0.5587929 0
vt 0.61149585 0.5587929 0
vt 0.5120481 0.558793 0
vt 0.5120481 0.558793 0
vt 0.5267392 0.558793 0
vt 0.5267392 0.558793 0
vt 0.6261924 0.558793 0
vt 0.6261924 0.558793 0
vt 0.9496239 0.558793 0
vt 0.9496239 0.558793 0
vt 0.9496239 0.558793 0
vt 0.9496239 0.558793 0
vt 0.9614207 0.558793 0
vt 0.9614207 0.558793 0
vt 0.9614207 0.558793 0
vt 0.9614207 0.558793 0
vt 0.5408011 0.56619596 0
vt 0.5408011 0.56619596 0
vt 0.52927977 0.5661961 0
vt 0.52927977 0.5661961 0
vt 0.68784374 0.5661961 0
vt 0.68784374 0.5661961 0
vt 0.6988161 0.5661961 0
vt 0.6988161 0.5661961 0
vt 0.9337477 0.5661961 0
vt 0.9337477 0.5661961 0
vt 0.9337477 0.5661961 0
vt 0.9337477 0.5661961 0
vt 0.9614207 0.5661961 0
vt 0.9614207 0.5661961 0
vt 0.9614207 0.5661961 0
vt 0.9614207 0.5661961 0
vt 0.6244251 0.5710547 0
vt 0.6244251 0.5710547 0
vt 0.6366328 0.5710547 0
vt 0.6366328 0.5710547 0
vt 0.9496239 0.5710548 0
vt 0.9496239 0.5710548 0
vt 0.9496239 0.5710548 0
vt 0.9496239 0.5710548 0
vt 0.5422308 0.57227165 0
vt 0.5422308 0.57227165 0
vt 0.5507475 0.57227165 0
vt 0.5507475 0.57227165 0
vt 0.74068177 0.57227165 0
vt 0.74068177 0.57227165 0
vt 0.74743515 0.57227165 0
vt 0.74743515 0.57227165 0
vt 0.91440266 0.57227165 0
vt 0.91440266 0.57227165 0
vt 0.91440266 0.57227165 0
vt 0.91440266 0.57227165 0
vt 0.9614207 0.57227165 0
vt 0.9614207 0.57227165 0
vt 0.9614207 0.57227165 0
vt 0.9614207 0.57227165 0
vt 0.551495 0.576786 0
vt 0.551495 0.576786 0
vt 0.5571211 0.576786 0
vt 0.5571211 0.576786 0
vt 0.78060865 0.576786 0
vt 0.78060865 0.576786 0
vt 0.78418607 0.576786 0
vt 0.78418607 0.576786 0
vt 0.8923239 0.576786 0
vt 0.8923239 0.576786 0
vt 0.89232796 0.576786 0
vt 0.89232796 0.576786 0
vt 0.9614207 0.576786 0
vt 0.9614207 0.576786 0
vt 0.9614207 0.576786 0
vt 0.9614207 0.576786 0
vt 0.5574652 0.57956606 0
vt 0.5574652 0.57956606 0
vt 0.56026274 0.57956606 0
vt 0.56026274 0.57956606 0
vt 0.8133423 0.57956606 0
vt 0.8133423 0.57956606 0
vt 0.81488496 0.57956606 0
vt 0.81488496 0.57956606 0
vt 0.8681235 0.57956606 0
vt 0.8681235 0.57956606 0
vt 0.86822253 0.57956606 0
vt 0.86822253 0.57956606 0
vt 0.9614207 0.57956606 0
vt 0.9614207 0.57956606 0
vt 0.9614207 0.57956606 0
vt 0.9614207 0.57956606 0
vt 0.5603603 0.58050466 0
vt 0.5603603 0.58050466 0
vt 0.8419872 0.58050466 0
vt 0.8419872 0.58050466 0
vt 0.84247637 0.5805048 0
vt 0.84247637 0.5805048 0
vt 0.9614207 0.5805048 0
vt 0.9614207 0.5805048 0
vt 0.6347054 0.58180225 0
vt 0.6347054 0.58180225 0
vt 0.64440066 0.58180237 0
vt 0.64440066 0.58180237 0
vt 0.69545305 0.58180237 0
vt 0.69545305 0.58180237 0
vt 0.7043827 0.58180237 0
vt 0.7043827 0.58180237 0
vt 0.9337477 0.58180237 0
vt 0.9337477 0.58180237 0
vt 0.9337477 0.58180237 0
vt 0.9337477 0.58180237 0
vt 0.9496239 0.58180237 0
vt 0.9496239 0.58180237 0
vt 0.9496239 0.58180237 0
vt 0.9496239 0.58180237 0
vt 0.64264184 0.5906225 0
vt 0.64264184 0.5906225 0
vt 0.6498462 0.5906225 0
vt 0.6498462 0.5906225 0
vt 0.7450222 0.5906225 0
vt 0.7450222 0.5906225 0
vt 0.75041604 0.5906225 0
vt 0.75041604 0.5906225 0
vt 0.91440266 0.5906225 0
vt 0.91440266 0.5906225 0
vt 0.91440266 0.5906225 0
vt 0.91440266 0.5906225 0
vt 0.9496239 0.5906225 0
vt 0.9496239 0.5906225 0
vt 0.9496239 0.5906225 0
vt 0.9496239 0.5906225 0
vt 0.70157856 0.5954812 0
vt 0.70157856 0.5954812 0
vt 0.7085334 0.5954812 0
vt 0.7085334 0.5954812 0
vt 0.9337477 0.5954812 0
vt 0.9337477 0.5954812 0
vt 0.9337477 0.5954812 0
vt 0.9337477 0.5954812 0
vt 0.648469 0.5971765 0
vt 0.648469 0.5971765 0
vt 0.65323025 0.5971765 0
vt 0.65323025 0.5971765 0
vt 0.7829457 0.5971765 0
vt 0.7829457 0.5971765 0
vt 0.7857192 0.5971765 0
vt 0.7857192 0.5971765 0
vt 0.89233154 0.5971767 0
vt 0.89233154 0.5971767 0
vt 0.89233166 0.5971767 0
vt 0.89233166 0.5971767 0
vt 0.9496239 0.5971767 0
vt 0.9496239 0.5971767 0
vt 0.9496239 0.5971767 0
vt 0.9496239 0.5971767 0
vt 0.65235937 0.6012124 0
vt 0.65235937 0.6012124 0
vt 0.814459 0.6012124 0
vt 0.814459 0.6012124 0
vt 0.65472627 0.60121256 0
vt 0.65472627 0.60121256 0
vt 0.815594 0.60121256 0
vt 0.815594 0.60121256 0
vt 0.8682367 0.60121256 0
vt 0.8682367 0.60121256 0
vt 0.86829096 0.60121256 0
vt 0.86829096 0.60121256 0
vt 0.9496239 0.60121256 0
vt 0.9496239 0.60121256 0
vt 0.9496239 0.60121256 0
vt 0.9496239 0.60121256 0
vt 0.6544297 0.6025751 0
vt 0.6544297 0.6025751 0
vt 0.8424155 0.6025751 0
vt 0.8424155 0.6025751 0
vt 0.8427435 0.60257524 0
vt 0.8427435 0.60257524 0
vt 0.9496239 0.60257524 0
vt 0.9496239 0.60257524 0
vt 0.70634294 0.6067072 0
vt 0.70634294 0.6067072 0
vt 0.71142554 0.6067072 0
vt 0.71142554 0.6067072 0
vt 0.74851614 0.6067072 0
vt 0.74851614 0.6067072 0
vt 0.7526415 0.6067072 0
vt 0.7526415 0.6067072 0
vt 0.91440266 0.6067072 0
vt 0.91440266 0.6067072 0
vt 0.91440266 0.6067074 0
vt 0.91440266 0.6067074 0
vt 0.9337477 0.6067074 0
vt 0.9337477 0.6067074 0
vt 0.9337477 0.6067074 0
vt 0.9337477 0.6067074 0
vt 0.70986825 0.61504906 0
vt 0.70986825 0.61504906 0
vt 0.71318597 0.61504906 0
vt 0.71318597 0.61504906 0
vt 0.7847952 0.61504906 0
vt 0.7847952 0.61504906 0
vt 0.7868532 0.61504906 0
vt 0.7868532 0.61504906 0
vt 0.89233226 0.61504906 0
vt 0.89233226 0.61504906 0
vt 0.89233226 0.61504906 0
vt 0.89233226 0.61504906 0
vt 0.9337477 0.61504906 0
vt 0.9337477 0.61504906 0
vt 0.9337477 0.61504906 0
vt 0.9337477 0.61504906 0
vt 0.7512265 0.6199076 0
vt 0.7512265 0.6199076 0
vt 0.7541946 0.6199076 0
vt 0.7541946 0.6199076 0
vt 0.91440266 0.61990774 0
vt 0.91440266 0.61990774 0
vt 0.91440266 0.61990774 0
vt 0.91440266 0.61990774 0
vt 0.7122585 0.62018573 0
vt 0.7122585 0.62018573 0
vt 0.71389467 0.62018573 0
vt 0.71389467 0.62018573 0
vt 0.81531006 0.62018585 0
vt 0.81531006 0.62018585 0
vt 0.81611025 0.62018585 0
vt 0.81611025 0.62018585 0
vt 0.8683048 0.62018585 0
vt 0.8683048 0.62018585 0
vt 0.86833185 0.62018585 0
vt 0.86833185 0.62018585 0
vt 0.9337477 0.62018585 0
vt 0.9337477 0.62018585 0
vt 0.9337477 0.62018585 0
vt 0.9337477 0.62018585 0
vt 0.713587 0.6219203 0
vt 0.713587 0.6219203 0
vt 0.842719 0.6219203 0
vt 0.842719 0.6219203 0
vt 0.84292924 0.6219203 0
vt 0.84292924 0.6219203 0
vt 0.9337477 0.6219203 0
vt 0.9337477 0.6219203 0
vt 0.75322443 0.6297163 0
vt 0.75322443 0.6297163 0
vt 0.75513774 0.6297163 0
vt 0.75513774 0.6297163 0
vt 0.7862018 0.62971646 0
vt 0.7862018 0.62971646 0
vt 0.78764164 0.62971646 0
vt 0.78764164 0.62971646 0
vt 0.89233226 0.6297166 0
vt 0.89233226 0.6297166 0
vt 0.89233226 0.6297166 0
vt 0.89233226 0.6297166 0
vt 0.91440266 0.6297166 0
vt 0.91440266 0.6297166 0
vt 0.91440266 0.6297166 0
vt 0.91440266 0.6297166 0
vt 0.75457305 0.6357565 0
vt 0.75457305 0.6357565 0
vt 0.755509 0.6357565 0
vt 0.755509 0.6357565 0
vt 0.8159316 0.6357567 0
vt 0.8159316 0.6357567 0
vt 0.816464 0.6357567 0
vt 0.816464 0.6357567 0
vt 0.868342 0.6357567 0
vt 0.868342 0.6357567 0
vt 0.91440266 0.6357567 0
vt 0.91440266 0.6357567 0
vt 0.91440266 0.6357567 0
vt 0.91440266 0.6357567 0
vt 0.8683545 0.6357568 0
vt 0.8683545 0.6357568 0
vt 0.7553238 0.63779616 0
vt 0.7553238 0.63779616 0
vt 0.84292364 0.6377963 0
vt 0.84292364 0.6377963 0
vt 0.84305173 0.6377963 0
vt 0.84305173 0.6377963 0
vt 0.91440266 0.6377963 0
vt 0.91440266 0.6377963 0
vt 0.78721493 0.64061534 0
vt 0.78721493 0.64061534 0
vt 0.7881226 0.64061534 0
vt 0.7881226 0.64061534 0
vt 0.89233226 0.6406155 0
vt 0.89233226 0.6406155 0
vt 0.89233226 0.6406155 0
vt 0.89233226 0.6406155 0
vt 0.7878831 0.647327 0
vt 0.7878831 0.647327 0
vt 0.7883206 0.647327 0
vt 0.7883206 0.647327 0
vt 0.8163589 0.647327 0
vt 0.8163589 0.647327 0
vt 0.8683606 0.647327 0
vt 0.8683606 0.647327 0
vt 0.86836636 0.647327 0
vt 0.86836636 0.647327 0
vt 0.89233226 0.647327 0
vt 0.89233226 0.647327 0
vt 0.89233226 0.647327 0
vt 0.89233226 0.647327 0
vt 0.8166815 0.6473272 0
vt 0.8166815 0.6473272 0
vt 0.7882436 0.6495932 0
vt 0.7882436 0.6495932 0
vt 0.84305364 0.6495932 0
vt 0.84305364 0.6495932 0
vt 0.84312564 0.6495933 0
vt 0.84312564 0.6495933 0
vt 0.89233226 0.6495933 0
vt 0.89233226 0.6495933 0
vt 0.8166273 0.654452 0
vt 0.8166273 0.654452 0
vt 0.8683694 0.654452 0
vt 0.8683694 0.654452 0
vt 0.8683713 0.654452 0
vt 0.8683713 0.654452 0
vt 0.81677896 0.65445215 0
vt 0.81677896 0.65445215 0
vt 0.81676227 0.6568577 0
vt 0.81676227 0.6568577 0
vt 0.8431285 0.6568577 0
vt 0.8431285 0.6568577 0
vt 0.8431607 0.6568577 0
vt 0.8431607 0.6568577 0
vt 0.8683724 0.6568577 0
vt 0.8683724 0.6568577 0
vt 0.8431619 0.6593107 0
vt 0.8431619 0.6593107 0
# 964 texture coords

usemtl dégradé orange
s 2
f 962/643/1985 961/573/1986 500/583/1987 501/645/1988
f 959/505/1989 484/535/1990 493/545/1991 494/515/1992
f 963/719/1993 962/643/1994 501/645/1995 502/727/1996
f 485/489/1997 959/505/1998 494/515/1999 495/495/2000
f 964/813/2001 963/719/2002 502/727/2003 503/821/2004
f 486/483/2005 485/489/2006 495/495/2007 496/487/2008
f 956/819/2009 564/995/2010 489/833/2011
f 790/933/2012 964/813/2013 503/821/2014
f 487/485/2015 486/483/2016 496/487/2017 497/493/2018
f 957/723/2019 956/819/2020 489/833/2021 490/737/2022
f 960/501/2023 487/485/2024 497/493/2025 498/509/2026
f 483/641/2027 957/723/2028 490/737/2029 491/653/2030
f 488/533/2031 960/501/2032 498/509/2033 499/541/2034
f 958/579/2035 483/641/2036 491/653/2037 492/593/2038
f 961/573/2039 488/533/2040 499/541/2041 500/583/2042
f 484/535/2043 958/579/2044 492/593/2045 493/545/2046
f 492/593/2047 491/653/2048 506/673/2049 507/617/2050
f 500/583/2051 499/541/2052 514/567/2053 515/607/2054
f 493/545/2055 492/593/2056 507/617/2057 508/563/2058
f 501/645/2059 500/583/2060 515/607/2061 516/665/2062
f 494/515/2063 493/545/2064 508/563/2065 509/527/2066
f 502/727/2067 501/645/2068 516/665/2069 517/743/2070
f 495/495/2071 494/515/2072 509/527/2073 510/513/2074
f 503/821/2075 502/727/2076 517/743/2077 518/839/2078
f 496/487/2079 495/495/2080 510/513/2081 511/503/2082
f 489/833/2083 564/995/2084 504/849/2085
f 790/933/2086 503/821/2087 518/839/2088
f 497/493/2089 496/487/2090 511/503/2091 512/511/2092
f 490/737/2093 489/833/2094 504/849/2095 505/753/2096
f 498/509/2097 497/493/2098 512/511/2099 513/525/2100
f 491/653/2101 490/737/2102 505/753/2103 506/673/2104
f 499/541/2105 498/509/2106 513/525/2107 514/567/2108
f 511/503/2109 510/513/2110 525/543/2111 526/537/2112
f 504/849/2113 564/995/2114 519/865/2115
f 790/933/2116 518/839/2117 533/855/2118
f 512/511/2119 511/503/2120 526/537/2121 527/551/2122
f 505/753/2123 504/849/2124 519/865/2125 520/769/2126
f 513/525/2127 512/511/2128 527/551/2129 528/571/2130
f 506/673/2131 505/753/2132 520/769/2133 521/697/2134
f 514/567/2135 513/525/2136 528/571/2137 529/599/2138
f 507/617/2139 506/673/2140 521/697/2141 522/623/2142
f 515/607/2143 514/567/2144 529/599/2145 530/621/2146
f 508/563/2147 507/617/2148 522/623/2149 523/603/2150
f 516/665/2151 515/607/2152 530/621/2153 531/687/2154
f 509/527/2155 508/563/2156 523/603/2157 524/559/2158
f 517/743/2159 516/665/2160 531/687/2161 532/759/2162
f 510/513/2163 509/527/2164 524/559/2165 525/543/2166
f 518/839/2167 517/743/2168 532/759/2169 533/855/2170
f 530/621/2171 529/599/2172 544/629/2173 545/679/2174
f 523/603/2175 522/623/2176 537/681/2177 538/633/2178
f 531/687/2179 530/621/2180 545/679/2181 546/703/2182
f 524/559/2183 523/603/2184 538/633/2185 539/615/2186
f 532/759/2187 531/687/2188 546/703/2189 547/783/2190
f 525/543/2191 524/559/2192 539/615/2193 540/591/2194
f 533/855/2195 532/759/2196 547/783/2197 548/879/2198
f 526/537/2199 525/543/2200 540/591/2201 541/577/2202
f 519/865/2203 564/995/2204 534/889/2205
f 790/933/2206 533/855/2207 548/879/2208
f 527/551/2209 526/537/2210 541/577/2211 542/587/2212
f 520/769/2213 519/865/2214 534/889/2215 535/793/2216
f 528/571/2217 527/551/2218 542/587/2219 543/611/2220
f 521/697/2221 520/769/2222 535/793/2223 536/713/2224
f 529/599/2225 528/571/2226 543/611/2227 544/629/2228
f 522/623/2229 521/697/2230 536/713/2231 537/681/2232
f 790/933/2233 548/879/2234 563/895/2235
f 542/587/2236 541/577/2237 556/639/2238 557/657/2239
f 535/793/2240 534/889/2241 549/905/2242 550/809/2243
f 543/611/2244 542/587/2245 557/657/2246 558/669/2247
f 536/713/2248 535/793/2249 550/809/2250 551/777/2251
f 544/629/2252 543/611/2253 558/669/2254 559/691/2255
f 537/681/2256 536/713/2257 551/777/2258 552/709/2259
f 545/679/2260 544/629/2261 559/691/2262 560/707/2263
f 538/633/2264 537/681/2265 552/709/2266 553/695/2267
f 546/703/2268 545/679/2269 560/707/2270 561/775/2271
f 539/615/2272 538/633/2273 553/695/2274 554/661/2275
f 547/783/2276 546/703/2277 561/775/2278 562/799/2279
f 540/591/2280 539/615/2281 554/661/2282 555/651/2283
f 548/879/2284 547/783/2285 562/799/2286 563/895/2287
f 541/577/2288 540/591/2289 555/651/2290 556/639/2291
f 534/889/2292 564/995/2293 549/905/2294
f 561/775/2295 560/707/2296 576/787/2297 577/803/2298
f 554/661/2299 553/695/2300 569/767/2301 570/751/2302
f 562/799/2303 561/775/2304 577/803/2305 578/871/2306
f 555/651/2307 554/661/2308 570/751/2309 571/735/2310
f 563/895/2311 562/799/2312 578/871/2313 579/911/2314
f 556/639/2315 555/651/2316 571/735/2317 572/721/2318
f 549/905/2319 564/995/2320 565/921/2321
f 790/933/2322 563/895/2323 579/911/2324
f 557/657/2325 556/639/2326 572/721/2327 573/731/2328
f 550/809/2329 549/905/2330 565/921/2331 566/873/2332
f 558/669/2333 557/657/2334 573/731/2335 574/747/2336
f 551/777/2337 550/809/2338 566/873/2339 567/805/2340
f 559/691/2341 558/669/2342 574/747/2343 575/763/2344
f 552/709/2345 551/777/2346 567/805/2347 568/789/2348
f 560/707/2349 559/691/2350 575/763/2351 576/787/2352
f 553/695/2353 552/709/2354 568/789/2355 569/767/2356
f 566/873/2357 565/921/2358 580/929/2359 581/917/2360
f 574/747/2361 573/731/2362 588/827/2363 589/843/2364
f 567/805/2365 566/873/2366 581/917/2367 582/901/2368
f 575/763/2369 574/747/2370 589/843/2371 590/859/2372
f 568/789/2373 567/805/2374 582/901/2375 583/885/2376
f 576/787/2377 575/763/2378 590/859/2379 591/883/2380
f 569/767/2381 568/789/2382 583/885/2383 584/863/2384
f 577/803/2385 576/787/2386 591/883/2387 592/899/2388
f 570/751/2389 569/767/2390 584/863/2391 585/847/2392
f 578/871/2393 577/803/2394 592/899/2395 593/915/2396
f 571/735/2397 570/751/2398 585/847/2399 586/831/2400
f 579/911/2401 578/871/2402 593/915/2403 594/927/2404
f 572/721/2405 571/735/2406 586/831/2407 587/817/2408
f 565/921/2409 564/995/2410 580/929/2411
f 790/933/2412 579/911/2413 594/927/2414
f 573/731/2415 572/721/2416 587/817/2417 588/827/2418
f 585/847/2419 584/863/2420 599/975/2421 600/973/2422
f 593/915/2423 592/899/2424 607/945/2425 608/941/2426
f 586/831/2427 585/847/2428 600/973/2429 601/969/2430
f 594/927/2431 593/915/2432 608/941/2433 609/937/2434
f 587/817/2435 586/831/2436 601/969/2437 602/965/2438
f 580/929/2439 564/995/2440 595/991/2441
f 790/933/2442 594/927/2443 609/937/2444
f 588/827/2445 587/817/2446 602/965/2447 603/961/2448
f 581/917/2449 580/929/2450 595/991/2451 596/987/2452
f 589/843/2453 588/827/2454 603/961/2455 604/957/2456
f 582/901/2457 581/917/2458 596/987/2459 597/983/2460
f 590/859/2461 589/843/2462 604/957/2463 605/953/2464
f 583/885/2465 582/901/2466 597/983/2467 598/979/2468
f 591/883/2469 590/859/2470 605/953/2471 606/949/2472
f 584/863/2473 583/885/2474 598/979/2475 599/975/2476
f 592/899/2477 591/883/2478 606/949/2479 607/945/2480
f 604/957/2481 603/961/2482 618/1099/2483 619/1083/2484
f 597/983/2485 596/987/2486 611/1013/2487 612/1027/2488
f 605/953/2489 604/957/2490 619/1083/2491 620/1067/2492
f 598/979/2493 597/983/2494 612/1027/2495 613/1045/2496
f 606/949/2497 605/953/2498 620/1067/2499 621/1043/2500
f 599/975/2501 598/979/2502 613/1045/2503 614/1069/2504
f 607/945/2505 606/949/2506 621/1043/2507 622/1035/2508
f 600/973/2509 599/975/2510 614/1069/2511 615/1087/2512
f 608/941/2513 607/945/2514 622/1035/2515 623/1011/2516
f 601/969/2517 600/973/2518 615/1087/2519 616/1103/2520
f 609/937/2521 608/941/2522 623/1011/2523 624/999/2524
f 602/965/2525 601/969/2526 616/1103/2527 617/1113/2528
f 595/991/2529 564/995/2530 610/1001/2531
f 790/933/2532 609/937/2533 624/999/2534
f 603/961/2535 602/965/2536 617/1113/2537 618/1099/2538
f 596/987/2539 595/991/2540 610/1001/2541 611/1013/2542
f 623/1011/2543 622/1035/2544 637/1123/2545 638/1055/2546
f 616/1103/2547 615/1087/2548 630/1183/2549 631/1199/2550
f 624/999/2551 623/1011/2552 638/1055/2553 639/1007/2554
f 617/1113/2555 616/1103/2556 631/1199/2557 632/1209/2558
f 610/1001/2559 564/995/2560 625/1017/2561
f 790/933/2562 624/999/2563 639/1007/2564
f 618/1099/2565 617/1113/2566 632/1209/2567 633/1195/2568
f 611/1013/2569 610/1001/2570 625/1017/2571 626/1057/2572
f 619/1083/2573 618/1099/2574 633/1195/2575 634/1179/2576
f 612/1027/2577 611/1013/2578 626/1057/2579 627/1125/2580
f 620/1067/2581 619/1083/2582 634/1179/2583 635/1163/2584
f 613/1045/2585 612/1027/2586 627/1125/2587 628/1141/2588
f 621/1043/2589 620/1067/2590 635/1163/2591 636/1139/2592
f 614/1069/2593 613/1045/2594 628/1141/2595 629/1165/2596
f 622/1035/2597 621/1043/2598 636/1139/2599 637/1123/2600
f 615/1087/2601 614/1069/2602 629/1165/2603 630/1183/2604
f 627/1125/2605 626/1057/2606 641/1129/2607 642/1153/2608
f 635/1163/2609 634/1179/2610 649/1259/2611 650/1235/2612
f 628/1141/2613 627/1125/2614 642/1153/2615 643/1221/2616
f 636/1139/2617 635/1163/2618 650/1235/2619 651/1219/2620
f 629/1165/2621 628/1141/2622 643/1221/2623 644/1237/2624
f 637/1123/2625 636/1139/2626 651/1219/2627 652/1151/2628
f 630/1183/2629 629/1165/2630 644/1237/2631 645/1263/2632
f 638/1055/2633 637/1123/2634 652/1151/2635 653/1121/2636
f 631/1199/2637 630/1183/2638 645/1263/2639 646/1279/2640
f 639/1007/2641 638/1055/2642 653/1121/2643 654/1023/2644
f 632/1209/2645 631/1199/2646 646/1279/2647 647/1289/2648
f 625/1017/2649 564/995/2650 640/1031/2651
f 790/933/2652 639/1007/2653 654/1023/2654
f 633/1195/2655 632/1209/2656 647/1289/2657 648/1275/2658
f 626/1057/2659 625/1017/2660 640/1031/2661 641/1129/2662
f 634/1179/2663 633/1195/2664 648/1275/2665 649/1259/2666
f 646/1279/2667 645/1263/2668 660/1317/2669 661/1343/2670
f 654/1023/2671 653/1121/2672 668/1133/2673 669/1039/2674
f 647/1289/2675 646/1279/2676 661/1343/2677 662/1353/2678
f 640/1031/2679 564/995/2680 655/1049/2681
f 790/933/2682 654/1023/2683 669/1039/2684
f 648/1275/2685 647/1289/2686 662/1353/2687 663/1339/2688
f 641/1129/2689 640/1031/2690 655/1049/2691 656/1145/2692
f 649/1259/2693 648/1275/2694 663/1339/2695 664/1315/2696
f 642/1153/2697 641/1129/2698 656/1145/2699 657/1225/2700
f 650/1235/2701 649/1259/2702 664/1315/2703 665/1299/2704
f 643/1221/2705 642/1153/2706 657/1225/2707 658/1249/2708
f 651/1219/2709 650/1235/2710 665/1299/2711 666/1247/2712
f 644/1237/2713 643/1221/2714 658/1249/2715 659/1303/2716
f 652/1151/2717 651/1219/2718 666/1247/2719 667/1215/2720
f 645/1263/2721 644/1237/2722 659/1303/2723 660/1317/2724
f 653/1121/2725 652/1151/2726 667/1215/2727 668/1133/2728
f 665/1299/2729 664/1315/2730 679/1363/2731 680/1327/2732
f 658/1249/2733 657/1225/2734 672/1241/2735 673/1305/2736
f 666/1247/2737 665/1299/2738 680/1327/2739 681/1295/2740
f 659/1303/2741 658/1249/2742 673/1305/2743 674/1329/2744
f 667/1215/2745 666/1247/2746 681/1295/2747 682/1231/2748
f 660/1317/2749 659/1303/2750 674/1329/2751 675/1365/2752
f 668/1133/2753 667/1215/2754 682/1231/2755 683/1159/2756
f 661/1343/2757 660/1317/2758 675/1365/2759 676/1387/2760
f 669/1039/2761 668/1133/2762 683/1159/2763 684/1063/2764
f 662/1353/2765 661/1343/2766 676/1387/2767 677/1393/2768
f 655/1049/2769 564/995/2770 670/1073/2771
f 790/933/2772 669/1039/2773 684/1063/2774
f 663/1339/2775 662/1353/2776 677/1393/2777 678/1379/2778
f 656/1145/2779 655/1049/2780 670/1073/2781 671/1169/2782
f 664/1315/2783 663/1339/2784 678/1379/2785 679/1363/2786
f 657/1225/2787 656/1145/2788 671/1169/2789 672/1241/2790
f 684/1063/2791 683/1159/2792 698/1175/2793 699/1079/2794
f 677/1393/2795 676/1387/2796 691/1413/2797 692/1425/2798
f 670/1073/2799 564/995/2800 685/1089/2801
f 790/933/2802 684/1063/2803 699/1079/2804
f 678/1379/2805 677/1393/2806 692/1425/2807 693/1419/2808
f 671/1169/2809 670/1073/2810 685/1089/2811 686/1185/2812
f 679/1363/2813 678/1379/2814 693/1419/2815 694/1399/2816
f 672/1241/2817 671/1169/2818 686/1185/2819 687/1265/2820
f 680/1327/2821 679/1363/2822 694/1399/2823 695/1359/2824
f 673/1305/2825 672/1241/2826 687/1265/2827 688/1321/2828
f 681/1295/2829 680/1327/2830 695/1359/2831 696/1311/2832
f 674/1329/2833 673/1305/2834 688/1321/2835 689/1369/2836
f 682/1231/2837 681/1295/2838 696/1311/2839 697/1255/2840
f 675/1365/2841 674/1329/2842 689/1369/2843 690/1401/2844
f 683/1159/2845 682/1231/2846 697/1255/2847 698/1175/2848
f 676/1387/2849 675/1365/2850 690/1401/2851 691/1413/2852
f 696/1311/2853 695/1359/2854 710/1375/2855 711/1335/2856
f 689/1369/2857 688/1321/2858 703/1345/2859 704/1383/2860
f 697/1255/2861 696/1311/2862 711/1335/2863 712/1273/2864
f 690/1401/2865 689/1369/2866 704/1383/2867 705/1415/2868
f 698/1175/2869 697/1255/2870 712/1273/2871 713/1191/2872
f 691/1413/2873 690/1401/2874 705/1415/2875 706/1433/2876
f 699/1079/2877 698/1175/2878 713/1191/2879 714/1097/2880
f 692/1425/2881 691/1413/2882 706/1433/2883 707/1441/2884
f 685/1089/2885 564/995/2886 700/1105/2887
f 790/933/2888 699/1079/2889 714/1097/2890
f 693/1419/2891 692/1425/2892 707/1441/2893 708/1435/2894
f 686/1185/2895 685/1089/2896 700/1105/2897 701/1201/2898
f 694/1399/2899 693/1419/2900 708/1435/2901 709/1407/2902
f 687/1265/2903 686/1185/2904 701/1201/2905 702/1281/2906
f 695/1359/2907 694/1399/2908 709/1407/2909 710/1375/2910
f 688/1321/2911 687/1265/2912 702/1281/2913 703/1345/2914
f 700/1105/2915 564/995/2916 715/1115/2917
f 790/933/2918 714/1097/2919 729/1111/2920
f 708/1435/2921 707/1441/2922 722/1445/2923 723/1437/2924
f 701/1201/2925 700/1105/2926 715/1115/2927 716/1211/2928
f 709/1407/2929 708/1435/2930 723/1437/2931 724/1421/2932
f 702/1281/2933 701/1201/2934 716/1211/2935 717/1291/2936
f 710/1375/2937 709/1407/2938 724/1421/2939 725/1389/2940
f 703/1345/2941 702/1281/2942 717/1291/2943 718/1355/2944
f 711/1335/2945 710/1375/2946 725/1389/2947 726/1349/2948
f 704/1383/2949 703/1345/2950 718/1355/2951 719/1395/2952
f 712/1273/2953 711/1335/2954 726/1349/2955 727/1285/2956
f 705/1415/2957 704/1383/2958 719/1395/2959 720/1427/2960
f 713/1191/2961 712/1273/2962 727/1285/2963 728/1205/2964
f 706/1433/2965 705/1415/2966 720/1427/2967 721/1443/2968
f 714/1097/2969 713/1191/2970 728/1205/2971 729/1111/2972
f 707/1441/2973 706/1433/2974 721/1443/2975 722/1445/2976
f 719/1395/2977 718/1355/2978 733/1346/2979 734/1384/2980
f 727/1285/2981 726/1349/2982 741/1333/2983 742/1269/2984
f 720/1427/2985 719/1395/2986 734/1384/2987 735/1416/2988
f 728/1205/2989 727/1285/2990 742/1269/2991 743/1189/2992
f 721/1443/2993 720/1427/2994 735/1416/2995 736/1431/2996
f 729/1111/2997 728/1205/2998 743/1189/2999 744/1095/3000
f 722/1445/3001 721/1443/3002 736/1431/3003 737/1439/3004
f 715/1115/3005 564/995/3006 730/1106/3007
f 790/933/3008 729/1111/3009 744/1095/3010
f 723/1437/3011 722/1445/3012 737/1439/3013 738/1429/3014
f 716/1211/3015 715/1115/3016 730/1106/3017 731/1202/3018
f 724/1421/3019 723/1437/3020 738/1429/3021 739/1405/3022
f 717/1291/3023 716/1211/3024 731/1202/3025 732/1282/3026
f 725/1389/3027 724/1421/3028 739/1405/3029 740/1373/3030
f 718/1355/3031 717/1291/3032 732/1282/3033 733/1346/3034
f 726/1349/3035 725/1389/3036 740/1373/3037 741/1333/3038
f 738/1429/3039 737/1439/3040 752/1423/3041 753/1409/3042
f 731/1202/3043 730/1106/3044 745/1090/3045 746/1186/3046
f 739/1405/3047 738/1429/3048 753/1409/3049 754/1397/3050
f 732/1282/3051 731/1202/3052 746/1186/3053 747/1266/3054
f 740/1373/3055 739/1405/3056 754/1397/3057 755/1357/3058
f 733/1346/3059 732/1282/3060 747/1266/3061 748/1322/3062
f 741/1333/3063 740/1373/3064 755/1357/3065 756/1309/3066
f 734/1384/3067 733/1346/3068 748/1322/3069 749/1370/3070
f 742/1269/3071 741/1333/3072 756/1309/3073 757/1253/3074
f 735/1416/3075 734/1384/3076 749/1370/3077 750/1402/3078
f 743/1189/3079 742/1269/3080 757/1253/3081 758/1173/3082
f 736/1431/3083 735/1416/3084 750/1402/3085 751/1411/3086
f 744/1095/3087 743/1189/3088 758/1173/3089 759/1077/3090
f 737/1439/3091 736/1431/3092 751/1411/3093 752/1423/3094
f 730/1106/3095 564/995/3096 745/1090/3097
f 790/933/3098 744/1095/3099 759/1077/3100
f 757/1253/3101 756/1309/3102 771/1293/3103 772/1229/3104
f 750/1402/3105 749/1370/3106 764/1330/3107 765/1366/3108
f 758/1173/3109 757/1253/3110 772/1229/3111 773/1157/3112
f 751/1411/3113 750/1402/3114 765/1366/3115 766/1381/3116
f 759/1077/3117 758/1173/3118 773/1157/3119 774/1061/3120
f 752/1423/3121 751/1411/3122 766/1381/3123 767/1391/3124
f 745/1090/3125 564/995/3126 760/1074/3127
f 790/933/3128 759/1077/3129 774/1061/3130
f 753/1409/3131 752/1423/3132 767/1391/3133 768/1377/3134
f 746/1186/3135 745/1090/3136 760/1074/3137 761/1170/3138
f 754/1397/3139 753/1409/3140 768/1377/3141 769/1361/3142
f 747/1266/3143 746/1186/3144 761/1170/3145 762/1242/3146
f 755/1357/3147 754/1397/3148 769/1361/3149 770/1325/3150
f 748/1322/3151 747/1266/3152 762/1242/3153 763/1306/3154
f 756/1309/3155 755/1357/3156 770/1325/3157 771/1293/3158
f 749/1370/3159 748/1322/3160 763/1306/3161 764/1330/3162
f 761/1170/3163 760/1074/3164 775/1050/3165 776/1146/3166
f 769/1361/3167 768/1377/3168 783/1337/3169 784/1313/3170
f 762/1242/3171 761/1170/3172 776/1146/3173 777/1226/3174
f 770/1325/3175 769/1361/3176 784/1313/3177 785/1297/3178
f 763/1306/3179 762/1242/3180 777/1226/3181 778/1250/3182
f 771/1293/3183 770/1325/3184 785/1297/3185 786/1245/3186
f 764/1330/3187 763/1306/3188 778/1250/3189 779/1301/3190
f 772/1229/3191 771/1293/3192 786/1245/3193 787/1213/3194
f 765/1366/3195 764/1330/3196 779/1301/3197 780/1318/3198
f 773/1157/3199 772/1229/3200 787/1213/3201 788/1135/3202
f 766/1381/3203 765/1366/3204 780/1318/3205 781/1341/3206
f 774/1061/3207 773/1157/3208 788/1135/3209 789/1037/3210
f 767/1391/3211 766/1381/3212 781/1341/3213 782/1351/3214
f 760/1074/3215 564/995/3216 775/1050/3217
f 790/933/3218 774/1061/3219 789/1037/3220
f 768/1377/3221 767/1391/3222 782/1351/3223 783/1337/3224
f 780/1318/3225 779/1301/3226 795/1238/3227 796/1261/3228
f 788/1135/3229 787/1213/3230 803/1149/3231 804/1119/3232
f 781/1341/3233 780/1318/3234 796/1261/3235 797/1277/3236
f 789/1037/3237 788/1135/3238 804/1119/3239 805/1021/3240
f 782/1351/3241 781/1341/3242 797/1277/3243 798/1287/3244
f 775/1050/3245 564/995/3246 791/1032/3247
f 790/933/3248 789/1037/3249 805/1021/3250
f 783/1337/3251 782/1351/3252 798/1287/3253 799/1271/3254
f 776/1146/3255 775/1050/3256 791/1032/3257 792/1130/3258
f 784/1313/3259 783/1337/3260 799/1271/3261 800/1257/3262
f 777/1226/3263 776/1146/3264 792/1130/3265 793/1154/3266
f 785/1297/3267 784/1313/3268 800/1257/3269 801/1233/3270
f 778/1250/3271 777/1226/3272 793/1154/3273 794/1222/3274
f 786/1245/3275 785/1297/3276 801/1233/3277 802/1217/3278
f 779/1301/3279 778/1250/3280 794/1222/3281 795/1238/3282
f 787/1213/3283 786/1245/3284 802/1217/3285 803/1149/3286
f 800/1257/3287 799/1271/3288 814/1193/3289 815/1177/3290
f 793/1154/3291 792/1130/3292 807/1058/3293 808/1126/3294
f 801/1233/3295 800/1257/3296 815/1177/3297 816/1161/3298
f 794/1222/3299 793/1154/3300 808/1126/3301 809/1142/3302
f 802/1217/3303 801/1233/3304 816/1161/3305 817/1137/3306
f 795/1238/3307 794/1222/3308 809/1142/3309 810/1166/3310
f 803/1149/3311 802/1217/3312 817/1137/3313 818/1117/3314
f 796/1261/3315 795/1238/3316 810/1166/3317 811/1181/3318
f 804/1119/3319 803/1149/3320 818/1117/3321 819/1053/3322
f 797/1277/3323 796/1261/3324 811/1181/3325 812/1197/3326
f 805/1021/3327 804/1119/3328 819/1053/3329 820/1005/3330
f 798/1287/3331 797/1277/3332 812/1197/3333 813/1207/3334
f 791/1032/3335 564/995/3336 806/1018/3337
f 790/933/3338 805/1021/3339 820/1005/3340
f 799/1271/3341 798/1287/3342 813/1207/3343 814/1193/3344
f 792/1130/3345 791/1032/3346 806/1018/3347 807/1058/3348
f 819/1053/3349 818/1117/3350 833/1025/3351 834/1009/3352
f 812/1197/3353 811/1181/3354 826/1085/3355 827/1101/3356
f 820/1005/3357 819/1053/3358 834/1009/3359 835/997/3360
f 813/1207/3361 812/1197/3362 827/1101/3363 828/1109/3364
f 806/1018/3365 564/995/3366 821/1002/3367
f 790/933/3368 820/1005/3369 835/997/3370
f 814/1193/3371 813/1207/3372 828/1109/3373 829/1093/3374
f 807/1058/3375 806/1018/3376 821/1002/3377 822/1014/3378
f 815/1177/3379 814/1193/3380 829/1093/3381 830/1081/3382
f 808/1126/3383 807/1058/3384 822/1014/3385 823/1028/3386
f 816/1161/3387 815/1177/3388 830/1081/3389 831/1065/3390
f 809/1142/3391 808/1126/3392 823/1028/3393 824/1046/3394
f 817/1137/3395 816/1161/3396 831/1065/3397 832/1041/3398
f 810/1166/3399 809/1142/3400 824/1046/3401 825/1070/3402
f 818/1117/3403 817/1137/3404 832/1041/3405 833/1025/3406
f 811/1181/3407 810/1166/3408 825/1070/3409 826/1085/3410
f 831/1065/3411 830/1081/3412 845/955/3413 846/951/3414
f 824/1046/3415 823/1028/3416 838/984/3417 839/980/3418
f 832/1041/3419 831/1065/3420 846/951/3421 847/947/3422
f 825/1070/3423 824/1046/3424 839/980/3425 840/976/3426
f 833/1025/3427 832/1041/3428 847/947/3429 848/943/3430
f 826/1085/3431 825/1070/3432 840/976/3433 841/971/3434
f 834/1009/3435 833/1025/3436 848/943/3437 849/939/3438
f 827/1101/3439 826/1085/3440 841/971/3441 842/967/3442
f 835/997/3443 834/1009/3444 849/939/3445 850/935/3446
f 828/1109/3447 827/1101/3448 842/967/3449 843/963/3450
f 821/1002/3451 564/995/3452 836/992/3453
f 790/933/3454 835/997/3455 850/935/3456
f 829/1093/3457 828/1109/3458 843/963/3459 844/959/3460
f 822/1014/3461 821/1002/3462 836/992/3463 837/988/3464
f 830/1081/3465 829/1093/3466 844/959/3467 845/955/3468
f 823/1028/3469 822/1014/3470 837/988/3471 838/984/3472
f 850/935/3473 849/939/3474 864/913/3475 865/925/3476
f 843/963/3477 842/967/3478 857/829/3479 858/815/3480
f 836/992/3481 564/995/3482 851/930/3483
f 790/933/3484 850/935/3485 865/925/3486
f 844/959/3487 843/963/3488 858/815/3489 859/825/3490
f 837/988/3491 836/992/3492 851/930/3493 852/918/3494
f 845/955/3495 844/959/3496 859/825/3497 860/841/3498
f 838/984/3499 837/988/3500 852/918/3501 853/902/3502
f 846/951/3503 845/955/3504 860/841/3505 861/857/3506
f 839/980/3507 838/984/3508 853/902/3509 854/886/3510
f 847/947/3511 846/951/3512 861/857/3513 862/881/3514
f 840/976/3515 839/980/3516 854/886/3517 855/861/3518
f 848/943/3519 847/947/3520 862/881/3521 863/897/3522
f 841/971/3523 840/976/3524 855/861/3525 856/845/3526
f 849/939/3527 848/943/3528 863/897/3529 864/913/3530
f 842/967/3531 841/971/3532 856/845/3533 857/829/3534
f 854/886/3535 853/902/3536 868/806/3537 869/790/3538
f 862/881/3539 861/857/3540 876/761/3541 877/785/3542
f 855/861/3543 854/886/3544 869/790/3545 870/765/3546
f 863/897/3547 862/881/3548 877/785/3549 878/801/3550
f 856/845/3551 855/861/3552 870/765/3553 871/749/3554
f 864/913/3555 863/897/3556 878/801/3557 879/869/3558
f 857/829/3559 856/845/3560 871/749/3561 872/733/3562
f 865/925/3563 864/913/3564 879/869/3565 880/909/3566
f 858/815/3567 857/829/3568 872/733/3569 873/717/3570
f 851/930/3571 564/995/3572 866/922/3573
f 790/933/3574 865/925/3575 880/909/3576
f 859/825/3577 858/815/3578 873/717/3579 874/729/3580
f 852/918/3581 851/930/3582 866/922/3583 867/874/3584
f 860/841/3585 859/825/3586 874/729/3587 875/745/3588
f 853/902/3589 852/918/3590 867/874/3591 868/806/3592
f 861/857/3593 860/841/3594 875/745/3595 876/761/3596
f 873/717/3597 872/733/3598 887/649/3599 888/637/3600
f 866/922/3601 564/995/3602 881/906/3603
f 790/933/3604 880/909/3605 895/893/3606
f 874/729/3607 873/717/3608 888/637/3609 889/647/3610
f 867/874/3611 866/922/3612 881/906/3613 882/810/3614
f 875/745/3615 874/729/3616 889/647/3617 890/667/3618
f 868/806/3619 867/874/3620 882/810/3621 883/778/3622
f 876/761/3623 875/745/3624 890/667/3625 891/689/3626
f 869/790/3627 868/806/3628 883/778/3629 884/710/3630
f 877/785/3631 876/761/3632 891/689/3633 892/705/3634
f 870/765/3635 869/790/3636 884/710/3637 885/693/3638
f 878/801/3639 877/785/3640 892/705/3641 893/773/3642
f 871/749/3643 870/765/3644 885/693/3645 886/671/3646
f 879/869/3647 878/801/3648 893/773/3649 894/797/3650
f 872/733/3651 871/749/3652 886/671/3653 887/649/3654
f 880/909/3655 879/869/3656 894/797/3657 895/893/3658
f 892/705/3659 891/689/3660 906/627/3661 907/677/3662
f 885/693/3663 884/710/3664 899/682/3665 900/631/3666
f 893/773/3667 892/705/3668 907/677/3669 908/701/3670
f 886/671/3671 885/693/3672 900/631/3673 901/613/3674
f 894/797/3675 893/773/3676 908/701/3677 909/781/3678
f 887/649/3679 886/671/3680 901/613/3681 902/589/3682
f 895/893/3683 894/797/3684 909/781/3685 910/877/3686
f 888/637/3687 887/649/3688 902/589/3689 903/575/3690
f 881/906/3691 564/995/3692 896/890/3693
f 790/933/3694 895/893/3695 910/877/3696
f 889/647/3697 888/637/3698 903/575/3699 904/585/3700
f 882/810/3701 881/906/3702 896/890/3703 897/794/3704
f 890/667/3705 889/647/3706 904/585/3707 905/609/3708
f 883/778/3709 882/810/3710 897/794/3711 898/714/3712
f 891/689/3713 890/667/3714 905/609/3715 906/627/3716
f 884/710/3717 883/778/3718 898/714/3719 899/682/3720
f 896/890/3721 564/995/3722 911/866/3723
f 790/933/3724 910/877/3725 925/853/3726
f 904/585/3727 903/575/3728 918/539/3729 919/549/3730
f 897/794/3731 896/890/3732 911/866/3733 912/770/3734
f 905/609/3735 904/585/3736 919/549/3737 920/569/3738
f 898/714/3739 897/794/3740 912/770/3741 913/698/3742
f 906/627/3743 905/609/3744 920/569/3745 921/597/3746
f 899/682/3747 898/714/3748 913/698/3749 914/635/3750
f 907/677/3751 906/627/3752 921/597/3753 922/625/3754
f 900/631/3755 899/682/3756 914/635/3757 915/601/3758
f 908/701/3759 907/677/3760 922/625/3761 923/685/3762
f 901/613/3763 900/631/3764 915/601/3765 916/557/3766
f 909/781/3767 908/701/3768 923/685/3769 924/757/3770
f 902/589/3771 901/613/3772 916/557/3773 917/553/3774
f 910/877/3775 909/781/3776 924/757/3777 925/853/3778
f 903/575/3779 902/589/3780 917/553/3781 918/539/3782
f 915/601/3783 914/635/3784 929/618/3785 930/561/3786
f 923/685/3787 922/625/3788 937/605/3789 938/663/3790
f 916/557/3791 915/601/3792 930/561/3793 931/531/3794
f 924/757/3795 923/685/3796 938/663/3797 939/741/3798
f 917/553/3799 916/557/3800 931/531/3801 932/521/3802
f 925/853/3803 924/757/3804 939/741/3805 940/837/3806
f 918/539/3807 917/553/3808 932/521/3809 933/507/3810
f 911/866/3811 564/995/3812 926/850/3813
f 790/933/3814 925/853/3815 940/837/3816
f 919/549/3817 918/539/3818 933/507/3819 934/519/3820
f 912/770/3821 911/866/3822 926/850/3823 927/754/3824
f 920/569/3825 919/549/3826 934/519/3827 935/529/3828
f 913/698/3829 912/770/3830 927/754/3831 928/674/3832
f 921/597/3833 920/569/3834 935/529/3835 936/565/3836
f 914/635/3837 913/698/3838 928/674/3839 929/618/3840
f 922/625/3841 921/597/3842 936/565/3843 937/605/3844
f 934/519/3845 933/507/3846 948/491/3847 949/497/3848
f 927/754/3849 926/850/3850 941/834/3851 942/738/3852
f 935/529/3853 934/519/3854 949/497/3855 950/517/3856
f 928/674/3857 927/754/3858 942/738/3859 943/659/3860
f 936/565/3861 935/529/3862 950/517/3863 951/547/3864
f 929/618/3865 928/674/3866 943/659/3867 944/594/3868
f 937/605/3869 936/565/3870 951/547/3871 952/581/3872
f 930/561/3873 929/618/3874 944/594/3875 945/555/3876
f 938/663/3877 937/605/3878 952/581/3879 953/655/3880
f 931/531/3881 930/561/3882 945/555/3883 946/523/3884
f 939/741/3885 938/663/3886 953/655/3887 954/725/3888
f 932/521/3889 931/531/3890 946/523/3891 947/499/3892
f 940/837/3893 939/741/3894 954/725/3895 955/823/3896
f 933/507/3897 932/521/3898 947/499/3899 948/491/3900
f 926/850/3901 564/995/3902 941/834/3903
f 790/933/3904 940/837/3905 955/823/3906
f 953/655/3907 952/581/3908 961/573/3909 962/643/3910
f 946/523/3911 945/555/3912 484/535/3913 959/505/3914
f 954/725/3915 953/655/3916 962/643/3917 963/719/3918
f 947/499/3919 946/523/3920 959/505/3921 485/489/3922
f 955/823/3923 954/725/3924 963/719/3925 964/813/3926
f 948/491/3927 947/499/3928 485/489/3929 486/483/3930
f 941/834/3931 564/995/3932 956/819/3933
f 790/933/3934 955/823/3935 964/813/3936
f 949/497/3937 948/491/3938 486/483/3939 487/485/3940
f 942/738/3941 941/834/3942 956/819/3943 957/723/3944
f 950/517/3945 949/497/3946 487/485/3947 960/501/3948
f 943/659/3949 942/738/3950 957/723/3951 483/641/3952
f 951/547/3953 950/517/3954 960/501/3955 488/533/3956
f 944/594/3957 943/659/3958 483/641/3959 958/579/3960
f 952/581/3961 951/547/3962 488/533/3963 961/573/3964
f 945/555/3965 944/594/3966 958/579/3967 484/535/3968
f 1444/644/3969 983/646/3970 982/584/3971 1443/574/3972
f 1441/506/3973 976/516/3974 975/546/3975 966/536/3976
f 1445/720/3977 984/728/3978 983/646/3979 1444/644/3980
f 967/490/3981 977/496/3982 976/516/3983 1441/506/3984
f 1446/814/3985 985/822/3986 984/728/3987 1445/720/3988
f 968/484/3989 978/488/3990 977/496/3991 967/490/3992
f 1438/820/3993 971/835/3994 1046/996/3995
f 1272/934/3996 985/822/3997 1446/814/3998
f 969/486/3999 979/494/4000 978/488/4001 968/484/4002
f 1439/724/4003 972/739/4004 971/835/4005 1438/820/4006
f 1442/502/4007 980/510/4008 979/494/4009 969/486/4010
f 965/642/4011 973/654/4012 972/739/4013 1439/724/4014
f 970/534/4015 981/542/4016 980/510/4017 1442/502/4018
f 1440/580/4019 974/595/4020 973/654/4021 965/642/4022
f 1443/574/4023 982/584/4024 981/542/4025 970/534/4026
f 966/536/4027 975/546/4028 974/595/4029 1440/580/4030
f 974/595/4031 989/619/4032 988/675/4033 973/654/4034
f 982/584/4035 997/608/4036 996/568/4037 981/542/4038
f 975/546/4039 990/564/4040 989/619/4041 974/595/4042
f 983/646/4043 998/666/4044 997/608/4045 982/584/4046
f 976/516/4047 991/528/4048 990/564/4049 975/546/4050
f 984/728/4051 999/744/4052 998/666/4053 983/646/4054
f 977/496/4055 992/514/4056 991/528/4057 976/516/4058
f 985/822/4059 1000/840/4060 999/744/4061 984/728/4062
f 978/488/4063 993/504/4064 992/514/4065 977/496/4066
f 971/835/4067 986/851/4068 1046/996/4069
f 1272/934/4070 1000/840/4071 985/822/4072
f 979/494/4073 994/512/4074 993/504/4075 978/488/4076
f 972/739/4077 987/755/4078 986/851/4079 971/835/4080
f 980/510/4081 995/526/4082 994/512/4083 979/494/4084
f 973/654/4085 988/675/4086 987/755/4087 972/739/4088
f 981/542/4089 996/568/4090 995/526/4091 980/510/4092
f 993/504/4093 1008/538/4094 1007/544/4095 992/514/4096
f 986/851/4097 1001/867/4098 1046/996/4099
f 1272/934/4100 1015/856/4101 1000/840/4102
f 994/512/4103 1009/552/4104 1008/538/4105 993/504/4106
f 987/755/4107 1002/771/4108 1001/867/4109 986/851/4110
f 995/526/4111 1010/572/4112 1009/552/4113 994/512/4114
f 988/675/4115 1003/699/4116 1002/771/4117 987/755/4118
f 996/568/4119 1011/600/4120 1010/572/4121 995/526/4122
f 989/619/4123 1004/624/4124 1003/699/4125 988/675/4126
f 997/608/4127 1012/622/4128 1011/600/4129 996/568/4130
f 990/564/4131 1005/604/4132 1004/624/4133 989/619/4134
f 998/666/4135 1013/688/4136 1012/622/4137 997/608/4138
f 991/528/4139 1006/560/4140 1005/604/4141 990/564/4142
f 999/744/4143 1014/760/4144 1013/688/4145 998/666/4146
f 992/514/4147 1007/544/4148 1006/560/4149 991/528/4150
f 1000/840/4151 1015/856/4152 1014/760/4153 999/744/4154
f 1012/622/4155 1027/680/4156 1026/630/4157 1011/600/4158
f 1005/604/4159 1020/634/4160 1019/683/4161 1004/624/4162
f 1013/688/4163 1028/704/4164 1027/680/4165 1012/622/4166
f 1006/560/4167 1021/616/4168 1020/634/4169 1005/604/4170
f 1014/760/4171 1029/784/4172 1028/704/4173 1013/688/4174
f 1007/544/4175 1022/592/4176 1021/616/4177 1006/560/4178
f 1015/856/4179 1030/880/4180 1029/784/4181 1014/760/4182
f 1008/538/4183 1023/578/4184 1022/592/4185 1007/544/4186
f 1001/867/4187 1016/891/4188 1046/996/4189
f 1272/934/4190 1030/880/4191 1015/856/4192
f 1009/552/4193 1024/588/4194 1023/578/4195 1008/538/4196
f 1002/771/4197 1017/795/4198 1016/891/4199 1001/867/4200
f 1010/572/4201 1025/612/4202 1024/588/4203 1009/552/4204
f 1003/699/4205 1018/715/4206 1017/795/4207 1002/771/4208
f 1011/600/4209 1026/630/4210 1025/612/4211 1010/572/4212
f 1004/624/4213 1019/683/4214 1018/715/4215 1003/699/4216
f 1272/934/4217 1045/896/4218 1030/880/4219
f 1024/588/4220 1039/658/4221 1038/640/4222 1023/578/4223
f 1017/795/4224 1032/811/4225 1031/907/4226 1016/891/4227
f 1025/612/4228 1040/670/4229 1039/658/4230 1024/588/4231
f 1018/715/4232 1033/779/4233 1032/811/4234 1017/795/4235
f 1026/630/4236 1041/692/4237 1040/670/4238 1025/612/4239
f 1019/683/4240 1034/711/4241 1033/779/4242 1018/715/4243
f 1027/680/4244 1042/708/4245 1041/692/4246 1026/630/4247
f 1020/634/4248 1035/696/4249 1034/711/4250 1019/683/4251
f 1028/704/4252 1043/776/4253 1042/708/4254 1027/680/4255
f 1021/616/4256 1036/662/4257 1035/696/4258 1020/634/4259
f 1029/784/4260 1044/800/4261 1043/776/4262 1028/704/4263
f 1022/592/4264 1037/652/4265 1036/662/4266 1021/616/4267
f 1030/880/4268 1045/896/4269 1044/800/4270 1029/784/4271
f 1023/578/4272 1038/640/4273 1037/652/4274 1022/592/4275
f 1016/891/4276 1031/907/4277 1046/996/4278
f 1043/776/4279 1059/804/4280 1058/788/4281 1042/708/4282
f 1036/662/4283 1052/752/4284 1051/768/4285 1035/696/4286
f 1044/800/4287 1060/872/4288 1059/804/4289 1043/776/4290
f 1037/652/4291 1053/736/4292 1052/752/4293 1036/662/4294
f 1045/896/4295 1061/912/4296 1060/872/4297 1044/800/4298
f 1038/640/4299 1054/722/4300 1053/736/4301 1037/652/4302
f 1031/907/4303 1047/923/4304 1046/996/4305
f 1272/934/4306 1061/912/4307 1045/896/4308
f 1039/658/4309 1055/732/4310 1054/722/4311 1038/640/4312
f 1032/811/4313 1048/875/4314 1047/923/4315 1031/907/4316
f 1040/670/4317 1056/748/4318 1055/732/4319 1039/658/4320
f 1033/779/4321 1049/807/4322 1048/875/4323 1032/811/4324
f 1041/692/4325 1057/764/4326 1056/748/4327 1040/670/4328
f 1034/711/4329 1050/791/4330 1049/807/4331 1033/779/4332
f 1042/708/4333 1058/788/4334 1057/764/4335 1041/692/4336
f 1035/696/4337 1051/768/4338 1050/791/4339 1034/711/4340
f 1048/875/4341 1063/919/4342 1062/931/4343 1047/923/4344
f 1056/748/4345 1071/844/4346 1070/828/4347 1055/732/4348
f 1049/807/4349 1064/903/4350 1063/919/4351 1048/875/4352
f 1057/764/4353 1072/860/4354 1071/844/4355 1056/748/4356
f 1050/791/4357 1065/887/4358 1064/903/4359 1049/807/4360
f 1058/788/4361 1073/884/4362 1072/860/4363 1057/764/4364
f 1051/768/4365 1066/864/4366 1065/887/4367 1050/791/4368
f 1059/804/4369 1074/900/4370 1073/884/4371 1058/788/4372
f 1052/752/4373 1067/848/4374 1066/864/4375 1051/768/4376
f 1060/872/4377 1075/916/4378 1074/900/4379 1059/804/4380
f 1053/736/4381 1068/832/4382 1067/848/4383 1052/752/4384
f 1061/912/4385 1076/928/4386 1075/916/4387 1060/872/4388
f 1054/722/4389 1069/818/4390 1068/832/4391 1053/736/4392
f 1047/923/4393 1062/931/4394 1046/996/4395
f 1272/934/4396 1076/928/4397 1061/912/4398
f 1055/732/4399 1070/828/4400 1069/818/4401 1054/722/4402
f 1067/848/4403 1082/974/4404 1081/977/4405 1066/864/4406
f 1075/916/4407 1090/942/4408 1089/946/4409 1074/900/4410
f 1068/832/4411 1083/970/4412 1082/974/4413 1067/848/4414
f 1076/928/4415 1091/938/4416 1090/942/4417 1075/916/4418
f 1069/818/4419 1084/966/4420 1083/970/4421 1068/832/4422
f 1062/931/4423 1077/993/4424 1046/996/4425
f 1272/934/4426 1091/938/4427 1076/928/4428
f 1070/828/4429 1085/962/4430 1084/966/4431 1069/818/4432
f 1063/919/4433 1078/989/4434 1077/993/4435 1062/931/4436
f 1071/844/4437 1086/958/4438 1085/962/4439 1070/828/4440
f 1064/903/4441 1079/985/4442 1078/989/4443 1063/919/4444
f 1072/860/4445 1087/954/4446 1086/958/4447 1071/844/4448
f 1065/887/4449 1080/981/4450 1079/985/4451 1064/903/4452
f 1073/884/4453 1088/950/4454 1087/954/4455 1072/860/4456
f 1066/864/4457 1081/977/4458 1080/981/4459 1065/887/4460
f 1074/900/4461 1089/946/4462 1088/950/4463 1073/884/4464
f 1086/958/4465 1101/1084/4466 1100/1100/4467 1085/962/4468
f 1079/985/4469 1094/1029/4470 1093/1015/4471 1078/989/4472
f 1087/954/4473 1102/1068/4474 1101/1084/4475 1086/958/4476
f 1080/981/4477 1095/1047/4478 1094/1029/4479 1079/985/4480
f 1088/950/4481 1103/1044/4482 1102/1068/4483 1087/954/4484
f 1081/977/4485 1096/1071/4486 1095/1047/4487 1080/981/4488
f 1089/946/4489 1104/1036/4490 1103/1044/4491 1088/950/4492
f 1082/974/4493 1097/1088/4494 1096/1071/4495 1081/977/4496
f 1090/942/4497 1105/1012/4498 1104/1036/4499 1089/946/4500
f 1083/970/4501 1098/1104/4502 1097/1088/4503 1082/974/4504
f 1091/938/4505 1106/1000/4506 1105/1012/4507 1090/942/4508
f 1084/966/4509 1099/1114/4510 1098/1104/4511 1083/970/4512
f 1077/993/4513 1092/1003/4514 1046/996/4515
f 1272/934/4516 1106/1000/4517 1091/938/4518
f 1085/962/4519 1100/1100/4520 1099/1114/4521 1084/966/4522
f 1078/989/4523 1093/1015/4524 1092/1003/4525 1077/993/4526
f 1105/1012/4527 1120/1056/4528 1119/1124/4529 1104/1036/4530
f 1098/1104/4531 1113/1200/4532 1112/1184/4533 1097/1088/4534
f 1106/1000/4535 1121/1008/4536 1120/1056/4537 1105/1012/4538
f 1099/1114/4539 1114/1210/4540 1113/1200/4541 1098/1104/4542
f 1092/1003/4543 1107/1019/4544 1046/996/4545
f 1272/934/4546 1121/1008/4547 1106/1000/4548
f 1100/1100/4549 1115/1196/4550 1114/1210/4551 1099/1114/4552
f 1093/1015/4553 1108/1059/4554 1107/1019/4555 1092/1003/4556
f 1101/1084/4557 1116/1180/4558 1115/1196/4559 1100/1100/4560
f 1094/1029/4561 1109/1127/4562 1108/1059/4563 1093/1015/4564
f 1102/1068/4565 1117/1164/4566 1116/1180/4567 1101/1084/4568
f 1095/1047/4569 1110/1143/4570 1109/1127/4571 1094/1029/4572
f 1103/1044/4573 1118/1140/4574 1117/1164/4575 1102/1068/4576
f 1096/1071/4577 1111/1167/4578 1110/1143/4579 1095/1047/4580
f 1104/1036/4581 1119/1124/4582 1118/1140/4583 1103/1044/4584
f 1097/1088/4585 1112/1184/4586 1111/1167/4587 1096/1071/4588
f 1109/1127/4589 1124/1155/4590 1123/1131/4591 1108/1059/4592
f 1117/1164/4593 1132/1236/4594 1131/1260/4595 1116/1180/4596
f 1110/1143/4597 1125/1223/4598 1124/1155/4599 1109/1127/4600
f 1118/1140/4601 1133/1220/4602 1132/1236/4603 1117/1164/4604
f 1111/1167/4605 1126/1239/4606 1125/1223/4607 1110/1143/4608
f 1119/1124/4609 1134/1152/4610 1133/1220/4611 1118/1140/4612
f 1112/1184/4613 1127/1264/4614 1126/1239/4615 1111/1167/4616
f 1120/1056/4617 1135/1122/4618 1134/1152/4619 1119/1124/4620
f 1113/1200/4621 1128/1280/4622 1127/1264/4623 1112/1184/4624
f 1121/1008/4625 1136/1024/4626 1135/1122/4627 1120/1056/4628
f 1114/1210/4629 1129/1290/4630 1128/1280/4631 1113/1200/4632
f 1107/1019/4633 1122/1033/4634 1046/996/4635
f 1272/934/4636 1136/1024/4637 1121/1008/4638
f 1115/1196/4639 1130/1276/4640 1129/1290/4641 1114/1210/4642
f 1108/1059/4643 1123/1131/4644 1122/1033/4645 1107/1019/4646
f 1116/1180/4647 1131/1260/4648 1130/1276/4649 1115/1196/4650
f 1128/1280/4651 1143/1344/4652 1142/1319/4653 1127/1264/4654
f 1136/1024/4655 1151/1040/4656 1150/1134/4657 1135/1122/4658
f 1129/1290/4659 1144/1354/4660 1143/1344/4661 1128/1280/4662
f 1122/1033/4663 1137/1051/4664 1046/996/4665
f 1272/934/4666 1151/1040/4667 1136/1024/4668
f 1130/1276/4669 1145/1340/4670 1144/1354/4671 1129/1290/4672
f 1123/1131/4673 1138/1147/4674 1137/1051/4675 1122/1033/4676
f 1131/1260/4677 1146/1316/4678 1145/1340/4679 1130/1276/4680
f 1124/1155/4681 1139/1227/4682 1138/1147/4683 1123/1131/4684
f 1132/1236/4685 1147/1300/4686 1146/1316/4687 1131/1260/4688
f 1125/1223/4689 1140/1251/4690 1139/1227/4691 1124/1155/4692
f 1133/1220/4693 1148/1248/4694 1147/1300/4695 1132/1236/4696
f 1126/1239/4697 1141/1304/4698 1140/1251/4699 1125/1223/4700
f 1134/1152/4701 1149/1216/4702 1148/1248/4703 1133/1220/4704
f 1127/1264/4705 1142/1319/4706 1141/1304/4707 1126/1239/4708
f 1135/1122/4709 1150/1134/4710 1149/1216/4711 1134/1152/4712
f 1147/1300/4713 1162/1328/4714 1161/1364/4715 1146/1316/4716
f 1140/1251/4717 1155/1307/4718 1154/1243/4719 1139/1227/4720
f 1148/1248/4721 1163/1296/4722 1162/1328/4723 1147/1300/4724
f 1141/1304/4725 1156/1331/4726 1155/1307/4727 1140/1251/4728
f 1149/1216/4729 1164/1232/4730 1163/1296/4731 1148/1248/4732
f 1142/1319/4733 1157/1367/4734 1156/1331/4735 1141/1304/4736
f 1150/1134/4737 1165/1160/4738 1164/1232/4739 1149/1216/4740
f 1143/1344/4741 1158/1388/4742 1157/1367/4743 1142/1319/4744
f 1151/1040/4745 1166/1064/4746 1165/1160/4747 1150/1134/4748
f 1144/1354/4749 1159/1394/4750 1158/1388/4751 1143/1344/4752
f 1137/1051/4753 1152/1075/4754 1046/996/4755
f 1272/934/4756 1166/1064/4757 1151/1040/4758
f 1145/1340/4759 1160/1380/4760 1159/1394/4761 1144/1354/4762
f 1138/1147/4763 1153/1171/4764 1152/1075/4765 1137/1051/4766
f 1146/1316/4767 1161/1364/4768 1160/1380/4769 1145/1340/4770
f 1139/1227/4771 1154/1243/4772 1153/1171/4773 1138/1147/4774
f 1166/1064/4775 1181/1080/4776 1180/1176/4777 1165/1160/4778
f 1159/1394/4779 1174/1426/4780 1173/1414/4781 1158/1388/4782
f 1152/1075/4783 1167/1091/4784 1046/996/4785
f 1272/934/4786 1181/1080/4787 1166/1064/4788
f 1160/1380/4789 1175/1420/4790 1174/1426/4791 1159/1394/4792
f 1153/1171/4793 1168/1187/4794 1167/1091/4795 1152/1075/4796
f 1161/1364/4797 1176/1400/4798 1175/1420/4799 1160/1380/4800
f 1154/1243/4801 1169/1267/4802 1168/1187/4803 1153/1171/4804
f 1162/1328/4805 1177/1360/4806 1176/1400/4807 1161/1364/4808
f 1155/1307/4809 1170/1323/4810 1169/1267/4811 1154/1243/4812
f 1163/1296/4813 1178/1312/4814 1177/1360/4815 1162/1328/4816
f 1156/1331/4817 1171/1371/4818 1170/1323/4819 1155/1307/4820
f 1164/1232/4821 1179/1256/4822 1178/1312/4823 1163/1296/4824
f 1157/1367/4825 1172/1403/4826 1171/1371/4827 1156/1331/4828
f 1165/1160/4829 1180/1176/4830 1179/1256/4831 1164/1232/4832
f 1158/1388/4833 1173/1414/4834 1172/1403/4835 1157/1367/4836
f 1178/1312/4837 1193/1336/4838 1192/1376/4839 1177/1360/4840
f 1171/1371/4841 1186/1385/4842 1185/1347/4843 1170/1323/4844
f 1179/1256/4845 1194/1274/4846 1193/1336/4847 1178/1312/4848
f 1172/1403/4849 1187/1417/4850 1186/1385/4851 1171/1371/4852
f 1180/1176/4853 1195/1192/4854 1194/1274/4855 1179/1256/4856
f 1173/1414/4857 1188/1434/4858 1187/1417/4859 1172/1403/4860
f 1181/1080/4861 1196/1098/4862 1195/1192/4863 1180/1176/4864
f 1174/1426/4865 1189/1442/4866 1188/1434/4867 1173/1414/4868
f 1167/1091/4869 1182/1107/4870 1046/996/4871
f 1272/934/4872 1196/1098/4873 1181/1080/4874
f 1175/1420/4875 1190/1436/4876 1189/1442/4877 1174/1426/4878
f 1168/1187/4879 1183/1203/4880 1182/1107/4881 1167/1091/4882
f 1176/1400/4883 1191/1408/4884 1190/1436/4885 1175/1420/4886
f 1169/1267/4887 1184/1283/4888 1183/1203/4889 1168/1187/4890
f 1177/1360/4891 1192/1376/4892 1191/1408/4893 1176/1400/4894
f 1170/1323/4895 1185/1347/4896 1184/1283/4897 1169/1267/4898
f 1182/1107/4899 1197/1116/4900 1046/996/4901
f 1272/934/4902 1211/1112/4903 1196/1098/4904
f 1190/1436/4905 1205/1438/4906 1204/1446/4907 1189/1442/4908
f 1183/1203/4909 1198/1212/4910 1197/1116/4911 1182/1107/4912
f 1191/1408/4913 1206/1422/4914 1205/1438/4915 1190/1436/4916
f 1184/1283/4917 1199/1292/4918 1198/1212/4919 1183/1203/4920
f 1192/1376/4921 1207/1390/4922 1206/1422/4923 1191/1408/4924
f 1185/1347/4925 1200/1356/4926 1199/1292/4927 1184/1283/4928
f 1193/1336/4929 1208/1350/4930 1207/1390/4931 1192/1376/4932
f 1186/1385/4933 1201/1396/4934 1200/1356/4935 1185/1347/4936
f 1194/1274/4937 1209/1286/4938 1208/1350/4939 1193/1336/4940
f 1187/1417/4941 1202/1428/4942 1201/1396/4943 1186/1385/4944
f 1195/1192/4945 1210/1206/4946 1209/1286/4947 1194/1274/4948
f 1188/1434/4949 1203/1444/4950 1202/1428/4951 1187/1417/4952
f 1196/1098/4953 1211/1112/4954 1210/1206/4955 1195/1192/4956
f 1189/1442/4957 1204/1446/4958 1203/1444/4959 1188/1434/4960
f 1201/1396/4961 1216/1386/4962 1215/1348/4963 1200/1356/4964
f 1209/1286/4965 1224/1270/4966 1223/1334/4967 1208/1350/4968
f 1202/1428/4969 1217/1418/4970 1216/1386/4971 1201/1396/4972
f 1210/1206/4973 1225/1190/4974 1224/1270/4975 1209/1286/4976
f 1203/1444/4977 1218/1432/4978 1217/1418/4979 1202/1428/4980
f 1211/1112/4981 1226/1096/4982 1225/1190/4983 1210/1206/4984
f 1204/1446/4985 1219/1440/4986 1218/1432/4987 1203/1444/4988
f 1197/1116/4989 1212/1108/4990 1046/996/4991
f 1272/934/4992 1226/1096/4993 1211/1112/4994
f 1205/1438/4995 1220/1430/4996 1219/1440/4997 1204/1446/4998
f 1198/1212/4999 1213/1204/5000 1212/1108/5001 1197/1116/5002
f 1206/1422/5003 1221/1406/5004 1220/1430/5005 1205/1438/5006
f 1199/1292/5007 1214/1284/5008 1213/1204/5009 1198/1212/5010
f 1207/1390/5011 1222/1374/5012 1221/1406/5013 1206/1422/5014
f 1200/1356/5015 1215/1348/5016 1214/1284/5017 1199/1292/5018
f 1208/1350/5019 1223/1334/5020 1222/1374/5021 1207/1390/5022
f 1220/1430/5023 1235/1410/5024 1234/1424/5025 1219/1440/5026
f 1213/1204/5027 1228/1188/5028 1227/1092/5029 1212/1108/5030
f 1221/1406/5031 1236/1398/5032 1235/1410/5033 1220/1430/5034
f 1214/1284/5035 1229/1268/5036 1228/1188/5037 1213/1204/5038
f 1222/1374/5039 1237/1358/5040 1236/1398/5041 1221/1406/5042
f 1215/1348/5043 1230/1324/5044 1229/1268/5045 1214/1284/5046
f 1223/1334/5047 1238/1310/5048 1237/1358/5049 1222/1374/5050
f 1216/1386/5051 1231/1372/5052 1230/1324/5053 1215/1348/5054
f 1224/1270/5055 1239/1254/5056 1238/1310/5057 1223/1334/5058
f 1217/1418/5059 1232/1404/5060 1231/1372/5061 1216/1386/5062
f 1225/1190/5063 1240/1174/5064 1239/1254/5065 1224/1270/5066
f 1218/1432/5067 1233/1412/5068 1232/1404/5069 1217/1418/5070
f 1226/1096/5071 1241/1078/5072 1240/1174/5073 1225/1190/5074
f 1219/1440/5075 1234/1424/5076 1233/1412/5077 1218/1432/5078
f 1212/1108/5079 1227/1092/5080 1046/996/5081
f 1272/934/5082 1241/1078/5083 1226/1096/5084
f 1239/1254/5085 1254/1230/5086 1253/1294/5087 1238/1310/5088
f 1232/1404/5089 1247/1368/5090 1246/1332/5091 1231/1372/5092
f 1240/1174/5093 1255/1158/5094 1254/1230/5095 1239/1254/5096
f 1233/1412/5097 1248/1382/5098 1247/1368/5099 1232/1404/5100
f 1241/1078/5101 1256/1062/5102 1255/1158/5103 1240/1174/5104
f 1234/1424/5105 1249/1392/5106 1248/1382/5107 1233/1412/5108
f 1227/1092/5109 1242/1076/5110 1046/996/5111
f 1272/934/5112 1256/1062/5113 1241/1078/5114
f 1235/1410/5115 1250/1378/5116 1249/1392/5117 1234/1424/5118
f 1228/1188/5119 1243/1172/5120 1242/1076/5121 1227/1092/5122
f 1236/1398/5123 1251/1362/5124 1250/1378/5125 1235/1410/5126
f 1229/1268/5127 1244/1244/5128 1243/1172/5129 1228/1188/5130
f 1237/1358/5131 1252/1326/5132 1251/1362/5133 1236/1398/5134
f 1230/1324/5135 1245/1308/5136 1244/1244/5137 1229/1268/5138
f 1238/1310/5139 1253/1294/5140 1252/1326/5141 1237/1358/5142
f 1231/1372/5143 1246/1332/5144 1245/1308/5145 1230/1324/5146
f 1243/1172/5147 1258/1148/5148 1257/1052/5149 1242/1076/5150
f 1251/1362/5151 1266/1314/5152 1265/1338/5153 1250/1378/5154
f 1244/1244/5155 1259/1228/5156 1258/1148/5157 1243/1172/5158
f 1252/1326/5159 1267/1298/5160 1266/1314/5161 1251/1362/5162
f 1245/1308/5163 1260/1252/5164 1259/1228/5165 1244/1244/5166
f 1253/1294/5167 1268/1246/5168 1267/1298/5169 1252/1326/5170
f 1246/1332/5171 1261/1302/5172 1260/1252/5173 1245/1308/5174
f 1254/1230/5175 1269/1214/5176 1268/1246/5177 1253/1294/5178
f 1247/1368/5179 1262/1320/5180 1261/1302/5181 1246/1332/5182
f 1255/1158/5183 1270/1136/5184 1269/1214/5185 1254/1230/5186
f 1248/1382/5187 1263/1342/5188 1262/1320/5189 1247/1368/5190
f 1256/1062/5191 1271/1038/5192 1270/1136/5193 1255/1158/5194
f 1249/1392/5195 1264/1352/5196 1263/1342/5197 1248/1382/5198
f 1242/1076/5199 1257/1052/5200 1046/996/5201
f 1272/934/5202 1271/1038/5203 1256/1062/5204
f 1250/1378/5205 1265/1338/5206 1264/1352/5207 1249/1392/5208
f 1262/1320/5209 1278/1262/5210 1277/1240/5211 1261/1302/5212
f 1270/1136/5213 1286/1120/5214 1285/1150/5215 1269/1214/5216
f 1263/1342/5217 1279/1278/5218 1278/1262/5219 1262/1320/5220
f 1271/1038/5221 1287/1022/5222 1286/1120/5223 1270/1136/5224
f 1264/1352/5225 1280/1288/5226 1279/1278/5227 1263/1342/5228
f 1257/1052/5229 1273/1034/5230 1046/996/5231
f 1272/934/5232 1287/1022/5233 1271/1038/5234
f 1265/1338/5235 1281/1272/5236 1280/1288/5237 1264/1352/5238
f 1258/1148/5239 1274/1132/5240 1273/1034/5241 1257/1052/5242
f 1266/1314/5243 1282/1258/5244 1281/1272/5245 1265/1338/5246
f 1259/1228/5247 1275/1156/5248 1274/1132/5249 1258/1148/5250
f 1267/1298/5251 1283/1234/5252 1282/1258/5253 1266/1314/5254
f 1260/1252/5255 1276/1224/5256 1275/1156/5257 1259/1228/5258
f 1268/1246/5259 1284/1218/5260 1283/1234/5261 1267/1298/5262
f 1261/1302/5263 1277/1240/5264 1276/1224/5265 1260/1252/5266
f 1269/1214/5267 1285/1150/5268 1284/1218/5269 1268/1246/5270
f 1282/1258/5271 1297/1178/5272 1296/1194/5273 1281/1272/5274
f 1275/1156/5275 1290/1128/5276 1289/1060/5277 1274/1132/5278
f 1283/1234/5279 1298/1162/5280 1297/1178/5281 1282/1258/5282
f 1276/1224/5283 1291/1144/5284 1290/1128/5285 1275/1156/5286
f 1284/1218/5287 1299/1138/5288 1298/1162/5289 1283/1234/5290
f 1277/1240/5291 1292/1168/5292 1291/1144/5293 1276/1224/5294
f 1285/1150/5295 1300/1118/5296 1299/1138/5297 1284/1218/5298
f 1278/1262/5299 1293/1182/5300 1292/1168/5301 1277/1240/5302
f 1286/1120/5303 1301/1054/5304 1300/1118/5305 1285/1150/5306
f 1279/1278/5307 1294/1198/5308 1293/1182/5309 1278/1262/5310
f 1287/1022/5311 1302/1006/5312 1301/1054/5313 1286/1120/5314
f 1280/1288/5315 1295/1208/5316 1294/1198/5317 1279/1278/5318
f 1273/1034/5319 1288/1020/5320 1046/996/5321
f 1272/934/5322 1302/1006/5323 1287/1022/5324
f 1281/1272/5325 1296/1194/5326 1295/1208/5327 1280/1288/5328
f 1274/1132/5329 1289/1060/5330 1288/1020/5331 1273/1034/5332
f 1301/1054/5333 1316/1010/5334 1315/1026/5335 1300/1118/5336
f 1294/1198/5337 1309/1102/5338 1308/1086/5339 1293/1182/5340
f 1302/1006/5341 1317/998/5342 1316/1010/5343 1301/1054/5344
f 1295/1208/5345 1310/1110/5346 1309/1102/5347 1294/1198/5348
f 1288/1020/5349 1303/1004/5350 1046/996/5351
f 1272/934/5352 1317/998/5353 1302/1006/5354
f 1296/1194/5355 1311/1094/5356 1310/1110/5357 1295/1208/5358
f 1289/1060/5359 1304/1016/5360 1303/1004/5361 1288/1020/5362
f 1297/1178/5363 1312/1082/5364 1311/1094/5365 1296/1194/5366
f 1290/1128/5367 1305/1030/5368 1304/1016/5369 1289/1060/5370
f 1298/1162/5371 1313/1066/5372 1312/1082/5373 1297/1178/5374
f 1291/1144/5375 1306/1048/5376 1305/1030/5377 1290/1128/5378
f 1299/1138/5379 1314/1042/5380 1313/1066/5381 1298/1162/5382
f 1292/1168/5383 1307/1072/5384 1306/1048/5385 1291/1144/5386
f 1300/1118/5387 1315/1026/5388 1314/1042/5389 1299/1138/5390
f 1293/1182/5391 1308/1086/5392 1307/1072/5393 1292/1168/5394
f 1313/1066/5395 1328/952/5396 1327/956/5397 1312/1082/5398
f 1306/1048/5399 1321/982/5400 1320/986/5401 1305/1030/5402
f 1314/1042/5403 1329/948/5404 1328/952/5405 1313/1066/5406
f 1307/1072/5407 1322/978/5408 1321/982/5409 1306/1048/5410
f 1315/1026/5411 1330/944/5412 1329/948/5413 1314/1042/5414
f 1308/1086/5415 1323/972/5416 1322/978/5417 1307/1072/5418
f 1316/1010/5419 1331/940/5420 1330/944/5421 1315/1026/5422
f 1309/1102/5423 1324/968/5424 1323/972/5425 1308/1086/5426
f 1317/998/5427 1332/936/5428 1331/940/5429 1316/1010/5430
f 1310/1110/5431 1325/964/5432 1324/968/5433 1309/1102/5434
f 1303/1004/5435 1318/994/5436 1046/996/5437
f 1272/934/5438 1332/936/5439 1317/998/5440
f 1311/1094/5441 1326/960/5442 1325/964/5443 1310/1110/5444
f 1304/1016/5445 1319/990/5446 1318/994/5447 1303/1004/5448
f 1312/1082/5449 1327/956/5450 1326/960/5451 1311/1094/5452
f 1305/1030/5453 1320/986/5454 1319/990/5455 1304/1016/5456
f 1332/936/5457 1347/926/5458 1346/914/5459 1331/940/5460
f 1325/964/5461 1340/816/5462 1339/830/5463 1324/968/5464
f 1318/994/5465 1333/932/5466 1046/996/5467
f 1272/934/5468 1347/926/5469 1332/936/5470
f 1326/960/5471 1341/826/5472 1340/816/5473 1325/964/5474
f 1319/990/5475 1334/920/5476 1333/932/5477 1318/994/5478
f 1327/956/5479 1342/842/5480 1341/826/5481 1326/960/5482
f 1320/986/5483 1335/904/5484 1334/920/5485 1319/990/5486
f 1328/952/5487 1343/858/5488 1342/842/5489 1327/956/5490
f 1321/982/5491 1336/888/5492 1335/904/5493 1320/986/5494
f 1329/948/5495 1344/882/5496 1343/858/5497 1328/952/5498
f 1322/978/5499 1337/862/5500 1336/888/5501 1321/982/5502
f 1330/944/5503 1345/898/5504 1344/882/5505 1329/948/5506
f 1323/972/5507 1338/846/5508 1337/862/5509 1322/978/5510
f 1331/940/5511 1346/914/5512 1345/898/5513 1330/944/5514
f 1324/968/5515 1339/830/5516 1338/846/5517 1323/972/5518
f 1336/888/5519 1351/792/5520 1350/808/5521 1335/904/5522
f 1344/882/5523 1359/786/5524 1358/762/5525 1343/858/5526
f 1337/862/5527 1352/766/5528 1351/792/5529 1336/888/5530
f 1345/898/5531 1360/802/5532 1359/786/5533 1344/882/5534
f 1338/846/5535 1353/750/5536 1352/766/5537 1337/862/5538
f 1346/914/5539 1361/870/5540 1360/802/5541 1345/898/5542
f 1339/830/5543 1354/734/5544 1353/750/5545 1338/846/5546
f 1347/926/5547 1362/910/5548 1361/870/5549 1346/914/5550
f 1340/816/5551 1355/718/5552 1354/734/5553 1339/830/5554
f 1333/932/5555 1348/924/5556 1046/996/5557
f 1272/934/5558 1362/910/5559 1347/926/5560
f 1341/826/5561 1356/730/5562 1355/718/5563 1340/816/5564
f 1334/920/5565 1349/876/5566 1348/924/5567 1333/932/5568
f 1342/842/5569 1357/746/5570 1356/730/5571 1341/826/5572
f 1335/904/5573 1350/808/5574 1349/876/5575 1334/920/5576
f 1343/858/5577 1358/762/5578 1357/746/5579 1342/842/5580
f 1355/718/5581 1370/638/5582 1369/650/5583 1354/734/5584
f 1348/924/5585 1363/908/5586 1046/996/5587
f 1272/934/5588 1377/894/5589 1362/910/5590
f 1356/730/5591 1371/648/5592 1370/638/5593 1355/718/5594
f 1349/876/5595 1364/812/5596 1363/908/5597 1348/924/5598
f 1357/746/5599 1372/668/5600 1371/648/5601 1356/730/5602
f 1350/808/5603 1365/780/5604 1364/812/5605 1349/876/5606
f 1358/762/5607 1373/690/5608 1372/668/5609 1357/746/5610
f 1351/792/5611 1366/712/5612 1365/780/5613 1350/808/5614
f 1359/786/5615 1374/706/5616 1373/690/5617 1358/762/5618
f 1352/766/5619 1367/694/5620 1366/712/5621 1351/792/5622
f 1360/802/5623 1375/774/5624 1374/706/5625 1359/786/5626
f 1353/750/5627 1368/672/5628 1367/694/5629 1352/766/5630
f 1361/870/5631 1376/798/5632 1375/774/5633 1360/802/5634
f 1354/734/5635 1369/650/5636 1368/672/5637 1353/750/5638
f 1362/910/5639 1377/894/5640 1376/798/5641 1361/870/5642
f 1374/706/5643 1389/678/5644 1388/628/5645 1373/690/5646
f 1367/694/5647 1382/632/5648 1381/684/5649 1366/712/5650
f 1375/774/5651 1390/702/5652 1389/678/5653 1374/706/5654
f 1368/672/5655 1383/614/5656 1382/632/5657 1367/694/5658
f 1376/798/5659 1391/782/5660 1390/702/5661 1375/774/5662
f 1369/650/5663 1384/590/5664 1383/614/5665 1368/672/5666
f 1377/894/5667 1392/878/5668 1391/782/5669 1376/798/5670
f 1370/638/5671 1385/576/5672 1384/590/5673 1369/650/5674
f 1363/908/5675 1378/892/5676 1046/996/5677
f 1272/934/5678 1392/878/5679 1377/894/5680
f 1371/648/5681 1386/586/5682 1385/576/5683 1370/638/5684
f 1364/812/5685 1379/796/5686 1378/892/5687 1363/908/5688
f 1372/668/5689 1387/610/5690 1386/586/5691 1371/648/5692
f 1365/780/5693 1380/716/5694 1379/796/5695 1364/812/5696
f 1373/690/5697 1388/628/5698 1387/610/5699 1372/668/5700
f 1366/712/5701 1381/684/5702 1380/716/5703 1365/780/5704
f 1378/892/5705 1393/868/5706 1046/996/5707
f 1272/934/5708 1407/854/5709 1392/878/5710
f 1386/586/5711 1401/550/5712 1400/540/5713 1385/576/5714
f 1379/796/5715 1394/772/5716 1393/868/5717 1378/892/5718
f 1387/610/5719 1402/570/5720 1401/550/5721 1386/586/5722
f 1380/716/5723 1395/700/5724 1394/772/5725 1379/796/5726
f 1388/628/5727 1403/598/5728 1402/570/5729 1387/610/5730
f 1381/684/5731 1396/636/5732 1395/700/5733 1380/716/5734
f 1389/678/5735 1404/626/5736 1403/598/5737 1388/628/5738
f 1382/632/5739 1397/602/5740 1396/636/5741 1381/684/5742
f 1390/702/5743 1405/686/5744 1404/626/5745 1389/678/5746
f 1383/614/5747 1398/558/5748 1397/602/5749 1382/632/5750
f 1391/782/5751 1406/758/5752 1405/686/5753 1390/702/5754
f 1384/590/5755 1399/554/5756 1398/558/5757 1383/614/5758
f 1392/878/5759 1407/854/5760 1406/758/5761 1391/782/5762
f 1385/576/5763 1400/540/5764 1399/554/5765 1384/590/5766
f 1397/602/5767 1412/562/5768 1411/620/5769 1396/636/5770
f 1405/686/5771 1420/664/5772 1419/606/5773 1404/626/5774
f 1398/558/5775 1413/532/5776 1412/562/5777 1397/602/5778
f 1406/758/5779 1421/742/5780 1420/664/5781 1405/686/5782
f 1399/554/5783 1414/522/5784 1413/532/5785 1398/558/5786
f 1407/854/5787 1422/838/5788 1421/742/5789 1406/758/5790
f 1400/540/5791 1415/508/5792 1414/522/5793 1399/554/5794
f 1393/868/5795 1408/852/5796 1046/996/5797
f 1272/934/5798 1422/838/5799 1407/854/5800
f 1401/550/5801 1416/520/5802 1415/508/5803 1400/540/5804
f 1394/772/5805 1409/756/5806 1408/852/5807 1393/868/5808
f 1402/570/5809 1417/530/5810 1416/520/5811 1401/550/5812
f 1395/700/5813 1410/676/5814 1409/756/5815 1394/772/5816
f 1403/598/5817 1418/566/5818 1417/530/5819 1402/570/5820
f 1396/636/5821 1411/620/5822 1410/676/5823 1395/700/5824
f 1404/626/5825 1419/606/5826 1418/566/5827 1403/598/5828
f 1416/520/5829 1431/498/5830 1430/492/5831 1415/508/5832
f 1409/756/5833 1424/740/5834 1423/836/5835 1408/852/5836
f 1417/530/5837 1432/518/5838 1431/498/5839 1416/520/5840
f 1410/676/5841 1425/660/5842 1424/740/5843 1409/756/5844
f 1418/566/5845 1433/548/5846 1432/518/5847 1417/530/5848
f 1411/620/5849 1426/596/5850 1425/660/5851 1410/676/5852
f 1419/606/5853 1434/582/5854 1433/548/5855 1418/566/5856
f 1412/562/5857 1427/556/5858 1426/596/5859 1411/620/5860
f 1420/664/5861 1435/656/5862 1434/582/5863 1419/606/5864
f 1413/532/5865 1428/524/5866 1427/556/5867 1412/562/5868
f 1421/742/5869 1436/726/5870 1435/656/5871 1420/664/5872
f 1414/522/5873 1429/500/5874 1428/524/5875 1413/532/5876
f 1422/838/5877 1437/824/5878 1436/726/5879 1421/742/5880
f 1415/508/5881 1430/492/5882 1429/500/5883 1414/522/5884
f 1408/852/5885 1423/836/5886 1046/996/5887
f 1272/934/5888 1437/824/5889 1422/838/5890
f 1435/656/5891 1444/644/5892 1443/574/5893 1434/582/5894
f 1428/524/5895 1441/506/5896 966/536/5897 1427/556/5898
f 1436/726/5899 1445/720/5900 1444/644/5901 1435/656/5902
f 1429/500/5903 967/490/5904 1441/506/5905 1428/524/5906
f 1437/824/5907 1446/814/5908 1445/720/5909 1436/726/5910
f 1430/492/5911 968/484/5912 967/490/5913 1429/500/5914
f 1423/836/5915 1438/820/5916 1046/996/5917
f 1272/934/5918 1446/814/5919 1437/824/5920
f 1431/498/5921 969/486/5922 968/484/5923 1430/492/5924
f 1424/740/5925 1439/724/5926 1438/820/5927 1423/836/5928
f 1432/518/5929 1442/502/5930 969/486/5931 1431/498/5932
f 1425/660/5933 965/642/5934 1439/724/5935 1424/740/5936
f 1433/548/5937 970/534/5938 1442/502/5939 1432/518/5940
f 1426/596/5941 1440/580/5942 965/642/5943 1425/660/5944
f 1434/582/5945 1443/574/5946 970/534/5947 1433/548/5948
f 1427/556/5949 966/536/5950 1440/580/5951 1426/596/5952
#1024 polygons

