#
#
#

mtllib VikingRoom.mtl


#
# Maillage Maillage Maillage Maillage Maillage
#
g Maillage Maillage Maillage Maillage Maillage


#
# Maillage Maillage Maillage Maillage Maillage_Maillage Maillage Maillage Maillage_Maillage Maillage Maillage_Maillage Maillage_Maillage _Texture1
#
usemtl Maillage Maillage Maillage Maillage Maillage_Maillage Maillage Maillage Maillage_Maillage Maillage Maillage_Maillage Maillage_Maillage _Texture1

v 0.402256 0.587195 -0.192414
v 0.507433 -0.127244 -0.295508
v 0.519215 0.463890 -0.110993
v 0.276815 0.541002 -0.331867
v 0.284624 -0.065457 -0.501187
v -1.033656 -0.216661 0.034440
v -0.381935 -0.230693 0.073092
v -0.740296 -0.131316 -0.257716
v 0.017950 -0.508283 1.005196
v 0.311310 -0.422938 0.713042
v -0.085514 -0.312894 0.346726
v 0.932184 -0.242313 0.094720
v 0.215547 -0.225309 0.046902
v 0.612369 -0.335353 0.413218
v 0.441387 0.475729 0.048993
v 0.439820 0.548231 0.068598
v 0.411174 0.506702 0.027703
v 0.134505 0.560885 -0.234280
v 0.163577 0.575889 -0.200704
v 0.135678 0.627391 -0.213674
v 0.311271 0.373854 -0.267226
v 0.287633 0.366659 -0.242692
v 0.344519 0.376162 -0.277314
v 0.406642 0.344575 -0.183928
v 0.349756 0.335073 -0.149307
v 0.383005 0.337380 -0.159394
v -0.119417 0.858436 -0.371125
v -0.085133 0.870755 -0.413188
v -0.161954 0.848405 -0.336682
v 0.668265 0.640003 0.355999
v 0.633981 0.627684 0.398062
v 0.710803 0.650033 0.321555
v -0.781985 0.665680 0.288721
v -0.747702 0.678000 0.246658
v -0.824525 0.655650 0.323164
v -0.181631 0.496326 -0.396744
v -0.158050 0.494006 -0.389227
v -0.098013 0.511153 -0.447940
v -0.047948 0.536994 -0.535882
v -0.037410 0.529171 -0.509604
v -0.098534 0.379771 -0.486845
v -0.048469 0.405612 -0.574784
v -0.037932 0.397789 -0.548506
v -0.182152 0.364943 -0.435648
v -0.158572 0.362623 -0.428130
v -0.866135 0.310296 0.240678
v -0.842555 0.307977 0.248195
v -0.782517 0.325125 0.189481
v -0.732451 0.350965 0.101541
v -0.721916 0.343142 0.127818
v -0.783040 0.193742 0.150578
v -0.732972 0.219583 0.062637
v -0.722437 0.211760 0.088915
v -0.866656 0.178914 0.201775
v -0.843076 0.176595 0.209291
v 0.590759 0.282018 0.316653
v 0.640945 0.306117 0.234596
v 0.582029 0.288658 0.294345
v 0.730698 0.320952 0.183291
v 0.702913 0.323757 0.174192
v 0.640424 0.174734 0.195693
v 0.702391 0.192375 0.135289
v 0.730177 0.189570 0.144388
v 0.590238 0.150636 0.277749
v 0.581507 0.157276 0.255442
v 0.000687 0.364138 -0.486609
v -0.017083 0.339541 -0.474750
v 0.000610 0.344688 -0.492370
v -0.017663 0.369226 -0.503548
v -0.017739 0.349777 -0.509308
v -0.035432 0.344630 -0.491688
v 0.131180 0.327951 -0.366150
v 0.113410 0.303355 -0.354290
v 0.131103 0.308501 -0.371908
v 0.112831 0.333040 -0.383088
v 0.112754 0.313589 -0.388847
v 0.095061 0.308443 -0.371227
v 0.516295 0.219569 -0.011105
v 0.498539 0.198374 0.001762
v 0.516232 0.203521 -0.015857
v 0.496599 0.225032 -0.029289
v 0.496535 0.208984 -0.034041
v 0.478843 0.203837 -0.016421
v 0.649414 0.182654 0.111779
v 0.631657 0.161460 0.124646
v 0.649350 0.166606 0.107027
v 0.629722 0.188115 0.093601
v 0.629658 0.172067 0.088850
v 0.611967 0.166920 0.106468
v 0.295043 0.024163 -0.031914
v 0.294876 0.022620 -0.019312
v 0.302343 0.023978 -0.008554
v 0.334680 0.036262 -0.016371
v 0.334847 0.037804 -0.028973
v 0.327380 0.036446 -0.039730
v 0.087908 0.080012 -0.203490
v 0.096538 0.084600 -0.211677
v 0.097771 0.092339 -0.222326
v 0.066441 0.105686 -0.232737
v 0.057811 0.101098 -0.224549
v 0.056578 0.093359 -0.213903
v -0.082633 0.038421 -0.361766
v -0.093143 0.047658 -0.376329
v -0.101712 0.044100 -0.357679
v 0.309576 0.066328 -0.014744
v 0.309736 0.082214 -0.010011
v 0.322464 0.071402 -0.009528
v 0.081044 0.114517 -0.208992
v 0.081018 0.125955 -0.205625
v 0.071782 0.119659 -0.210034
v 0.081265 0.114753 -0.209792
v 0.072002 0.119895 -0.210834
v 0.081240 0.126190 -0.206423
v 0.431407 0.438345 -0.023547
v 0.314448 0.561649 -0.104967
v 0.402256 0.587195 -0.192414
v 0.519215 0.463890 -0.110993
v 0.419625 -0.152789 -0.208060
v 0.431407 0.438345 -0.023547
v 0.519215 0.463890 -0.110993
v 0.507433 -0.127244 -0.295508
v 0.189006 0.515456 -0.244420
v 0.196817 -0.091002 -0.413739
v 0.284624 -0.065457 -0.501187
v 0.276815 0.541002 -0.331867
v -0.121368 0.001600 -0.706186
v 0.196817 -0.091002 -0.413739
v 0.189006 0.515456 -0.244420
v -0.109491 0.616132 -0.514741
v 0.431407 0.438345 -0.023547
v 0.419625 -0.152789 -0.208060
v 0.737585 -0.246344 0.083881
v 0.733704 0.376122 0.261823
v 0.645800 0.552631 0.225118
v 0.568332 0.628941 0.169620
v 0.314448 0.561649 -0.104967
v 0.315658 0.706042 -0.061573
v 0.056423 0.772931 -0.302339
v -0.850581 -0.185634 -0.070007
v -0.243867 -0.010905 -0.674760
v -0.240347 0.768502 -0.444433
v -0.847062 0.593771 0.160320
v -0.754548 0.627497 0.173379
v -0.754866 0.547500 0.149692
v -0.629761 0.564487 0.019271
v -0.629443 0.644485 0.042960
v -0.466378 0.631428 -0.137611
v -0.466061 0.711425 -0.113923
v -0.316991 0.660331 -0.290756
v -0.316673 0.740328 -0.267069
v -0.217532 0.703822 -0.385433
v -0.217215 0.783819 -0.361746
v 0.178352 0.260691 -0.185024
v 0.173823 0.236909 -0.191374
v 0.165735 0.234555 -0.183318
v 0.165329 0.256903 -0.172055
v 0.188034 0.235777 -0.155428
v 0.179307 0.219880 -0.173976
v 0.187397 0.222232 -0.182031
v 0.201055 0.239566 -0.168397
v 0.196215 0.252022 -0.183194
v 0.165329 0.256903 -0.172055
v 0.170171 0.244445 -0.157256
v 0.188034 0.235777 -0.155428
v 0.201055 0.239566 -0.168397
v 0.164271 0.149833 -0.194236
v 0.188090 0.121548 -0.192846
v 0.173934 0.131438 -0.195022
v 0.186450 0.156285 -0.216323
v 0.191207 0.136463 -0.212224
v 0.196585 0.124019 -0.201307
v 0.156447 0.213669 -0.216439
v 0.146208 0.187886 -0.247501
v 0.124029 0.181434 -0.225412
v 0.146975 0.210914 -0.207006
v 0.146208 0.187886 -0.247501
v 0.141201 0.195079 -0.245312
v 0.123930 0.190054 -0.228109
v 0.124029 0.181434 -0.225412
v 0.359810 0.071044 -0.073397
v 0.363029 0.096948 -0.062597
v 0.365671 0.087996 -0.054028
v 0.344203 0.054020 -0.064858
v 0.359810 0.071044 -0.073397
v 0.363393 0.069665 -0.061670
v 0.331815 0.062900 -0.045518
v 0.344203 0.054020 -0.064858
v 0.352348 0.057618 -0.055627
v 0.343582 0.063902 -0.041941
v 0.335034 0.088804 -0.034717
v 0.331815 0.062900 -0.045518
v 0.343582 0.063902 -0.041941
v 0.345861 0.082233 -0.034299
v 0.350643 0.105829 -0.043257
v 0.335034 0.088804 -0.034717
v 0.345861 0.082233 -0.034299
v 0.356905 0.094279 -0.040342
v 0.363029 0.096948 -0.062597
v 0.350643 0.105829 -0.043257
v 0.356905 0.094279 -0.040342
v 0.365671 0.087996 -0.054028
v 0.343582 0.063902 -0.041941
v 0.352348 0.057618 -0.055627
v 0.356905 0.094279 -0.040342
v 0.345861 0.082233 -0.034299
v 0.365671 0.087996 -0.054028
v 0.363393 0.069665 -0.061670
v 0.182796 0.193431 -0.164264
v 0.185331 0.191863 -0.170735
v 0.194204 0.198049 -0.173403
v 0.197341 0.203571 -0.168638
v 0.142095 0.237043 -0.192393
v 0.145723 0.234442 -0.198068
v 0.144227 0.222573 -0.203038
v 0.139644 0.217583 -0.200538
v 0.180427 0.183228 -0.178183
v 0.149898 0.218507 -0.211914
v 0.148941 0.210916 -0.215092
v 0.174752 0.179271 -0.176476
v 0.181254 0.175253 -0.193063
v 0.184392 0.180777 -0.188300
v 0.148941 0.210916 -0.215092
v 0.157064 0.226309 -0.215822
v 0.160693 0.223706 -0.221500
v 0.181254 0.175253 -0.193063
v 0.195801 0.185395 -0.197439
v 0.193263 0.186962 -0.190967
v 0.184392 0.180777 -0.188300
v 0.158560 0.238176 -0.210853
v 0.163144 0.243166 -0.213354
v 0.203844 0.199554 -0.185225
v 0.198168 0.195598 -0.183518
v 0.152888 0.242243 -0.201977
v 0.153846 0.249835 -0.198799
v 0.197341 0.203571 -0.168638
v 0.194204 0.198049 -0.173403
v 0.153846 0.249835 -0.198799
v 0.152888 0.242243 -0.201977
v 0.326008 0.093864 -0.051863
v 0.331815 0.062900 -0.045518
v 0.335034 0.088804 -0.034717
v 0.323842 0.076443 -0.059126
v 0.332172 0.070471 -0.072132
v 0.344203 0.054020 -0.064858
v 0.331815 0.062900 -0.045518
v 0.332172 0.070471 -0.072132
v 0.342668 0.081920 -0.077875
v 0.359810 0.071044 -0.073397
v 0.344203 0.054020 -0.064858
v 0.342668 0.081920 -0.077875
v 0.344833 0.099341 -0.070611
v 0.363029 0.096948 -0.062597
v 0.359810 0.071044 -0.073397
v 0.344833 0.099341 -0.070611
v 0.350643 0.105829 -0.043257
v 0.363029 0.096948 -0.062597
v 0.336502 0.105312 -0.057605
v 0.326008 0.093864 -0.051863
v 0.335034 0.088804 -0.034717
v 0.138527 0.271889 -0.207738
v 0.147104 0.265929 -0.226266
v 0.139892 0.246921 -0.239059
v 0.124105 0.233874 -0.233324
v 0.101677 0.019750 -0.226449
v 0.135122 0.010076 -0.194228
v 0.135305 0.056148 -0.180586
v 0.184723 0.098647 -0.294318
v 0.222638 0.080099 -0.262641
v 0.222454 0.034027 -0.276282
v 0.184508 0.044283 -0.310415
v 0.250778 -0.022130 -0.087016
v 0.283015 -0.030405 -0.059500
v 0.282997 0.021603 -0.044326
v 0.250961 0.023943 -0.073374
v 0.335563 0.048119 -0.156152
v 0.366949 -0.005114 -0.146039
v 0.335380 0.002046 -0.169794
v 0.186343 0.122448 -0.182261
v 0.211616 0.120044 -0.157586
v 0.215826 0.132313 -0.149776
v 0.187642 0.152522 -0.172172
v 0.215826 0.132313 -0.149776
v 0.233884 0.137566 -0.167758
v 0.205699 0.157775 -0.190155
v 0.204401 0.127701 -0.200243
v 0.229674 0.125297 -0.175569
v 0.211616 0.120044 -0.157586
v 0.186343 0.122448 -0.182261
v 0.204401 0.127701 -0.200243
v 0.186343 0.122448 -0.182261
v 0.187642 0.152522 -0.172172
v 0.205699 0.157775 -0.190155
v 0.257505 0.078400 -0.123674
v 0.289054 0.071762 -0.093932
v 0.288189 0.086663 -0.090448
v 0.258909 0.101113 -0.115629
v 0.258909 0.101113 -0.115629
v 0.288189 0.086663 -0.090448
v 0.306246 0.091915 -0.108431
v 0.276966 0.106367 -0.133611
v 0.275561 0.083652 -0.141656
v 0.307111 0.077017 -0.111915
v 0.289054 0.071762 -0.093932
v 0.257505 0.078400 -0.123674
v 0.289054 0.071762 -0.093932
v 0.307111 0.077017 -0.111915
v 0.306246 0.091915 -0.108431
v 0.288189 0.086663 -0.090448
v 0.275561 0.083652 -0.141656
v 0.258909 0.101113 -0.115629
v 0.276966 0.106367 -0.133611
v 0.376480 0.266920 -0.074004
v 0.422763 0.261146 -0.029217
v 0.458184 0.261515 -0.067478
v 0.411900 0.267290 -0.112265
v 0.417533 0.196255 -0.127332
v 0.454697 0.179242 -0.094983
v 0.418784 0.162171 -0.061208
v 0.381618 0.179184 -0.093555
v 0.156356 0.058957 -0.369640
v 0.187561 0.049920 -0.340947
v 0.184336 0.292510 -0.273319
v 0.160239 0.297345 -0.296104
v 0.189476 0.498891 -0.207870
v 0.159729 0.502883 -0.236573
v 0.420227 -0.011052 -0.127871
v 0.417074 0.220135 -0.063503
v 0.397535 0.227661 -0.080925
v 0.424772 0.430130 0.005572
v 0.395058 0.442626 -0.020613
v 0.199760 0.270514 -0.318290
v 0.432854 0.217065 -0.099848
v 0.433538 0.246420 -0.090585
v 0.197762 0.316727 -0.306795
v 0.197762 0.316727 -0.306795
v 0.433538 0.246420 -0.090585
v 0.516095 0.270438 -0.172804
v 0.280320 0.340745 -0.389014
v 0.282319 0.294533 -0.400509
v 0.515412 0.241083 -0.182066
v 0.432854 0.217065 -0.099848
v 0.199760 0.270514 -0.318290
v 0.186671 0.319444 -0.249254
v 0.222091 0.319814 -0.287514
v 0.175864 0.339693 -0.328124
v 0.140443 0.339324 -0.289863
v 0.215881 0.252063 -0.313511
v 0.179968 0.234991 -0.279735
v 0.142750 0.238604 -0.316052
v 0.178664 0.255677 -0.349828
v -0.080876 -0.143108 -0.226730
v -0.439236 -0.043732 -0.557539
v 0.611953 -0.440412 0.382110
v 0.931767 -0.347371 0.063612
v 0.932184 -0.242313 0.094720
v 0.612369 -0.335353 0.413218
v 0.310893 -0.527997 0.681932
v 0.311310 -0.422938 0.713042
v 0.017532 -0.613343 0.974087
v 0.017950 -0.508283 1.005196
v -0.119839 -0.055750 -0.907147
v -0.439653 -0.148790 -0.588647
v -0.439236 -0.043732 -0.557539
v -0.119423 0.049309 -0.876037
v -0.740713 -0.236376 -0.288824
v -0.740296 -0.131316 -0.257716
v -1.033656 -0.216661 0.034440
v -0.119423 0.049309 -0.876037
v -0.119839 -0.055750 -0.907147
v -0.119423 0.049309 -0.876037
v 0.932184 -0.242313 0.094720
v 0.931767 -0.347371 0.063612
v -1.033656 -0.216661 0.034440
v -1.034073 -0.321721 0.003330
v 0.017532 -0.613343 0.974087
v 0.017950 -0.508283 1.005196
v 0.498336 0.463724 0.050329
v 0.477368 0.457624 0.071211
v 0.472972 0.452594 0.065326
v 0.493940 0.458695 0.044445
v 0.477368 0.457624 0.071211
v 0.470993 0.518373 0.082555
v 0.448411 0.492536 0.052332
v 0.472972 0.452594 0.065326
v 0.493940 0.458695 0.044445
v 0.472972 0.452594 0.065326
v 0.448411 0.492536 0.052332
v 0.469379 0.498636 0.031450
v 0.491961 0.524472 0.061674
v 0.470993 0.518373 0.082555
v 0.477368 0.457624 0.071211
v 0.498336 0.463724 0.050329
v 0.130347 0.557640 -0.291745
v 0.134693 0.550186 -0.289557
v 0.113726 0.544086 -0.268676
v 0.109378 0.551541 -0.270863
v 0.109378 0.551541 -0.270863
v 0.113726 0.544086 -0.268676
v 0.138550 0.570332 -0.236084
v 0.116221 0.608623 -0.247317
v 0.134693 0.550186 -0.289557
v 0.159517 0.576432 -0.256964
v 0.138550 0.570332 -0.236084
v 0.113726 0.544086 -0.268676
v 0.137188 0.614724 -0.268198
v 0.130347 0.557640 -0.291745
v 0.109378 0.551541 -0.270863
v 0.116221 0.608623 -0.247317
v 0.433828 0.419443 0.024961
v 0.409751 0.479698 0.018385
v 0.375849 0.471291 -0.018113
v 0.377106 0.433114 -0.028002
v 0.472240 0.515874 0.091700
v 0.469045 0.536707 0.094579
v 0.421131 0.577028 0.058244
v 0.386195 0.542994 0.013223
v 0.143587 0.494081 -0.244674
v 0.199650 0.486333 -0.190644
v 0.200732 0.528672 -0.177189
v 0.165342 0.546982 -0.207376
v 0.110793 0.626689 -0.238866
v 0.187780 0.587525 -0.173001
v 0.168942 0.644668 -0.175225
v 0.289029 0.593609 -0.069558
v 0.288115 0.529467 -0.089213
v 0.435503 0.487190 -0.007260
v 0.401600 0.478782 -0.043759
v 0.375849 0.471291 -0.018113
v 0.409751 0.479698 0.018385
v 0.436925 0.514195 0.002057
v 0.435503 0.487190 -0.007260
v 0.409751 0.479698 0.018385
v 0.411174 0.506702 0.027703
v 0.497992 0.523365 0.066054
v 0.494797 0.544199 0.068932
v 0.469045 0.536707 0.094579
v 0.472240 0.515874 0.091700
v 0.446882 0.584520 0.032599
v 0.411946 0.550486 -0.012424
v 0.386195 0.542994 0.013223
v 0.421131 0.577028 0.058244
v 0.411946 0.550486 -0.012424
v 0.436925 0.514195 0.002057
v 0.411174 0.506702 0.027703
v 0.386195 0.542994 0.013223
v 0.401600 0.478782 -0.043759
v 0.314782 0.601101 -0.095205
v 0.289029 0.593609 -0.069558
v 0.375849 0.471291 -0.018113
v 0.226484 0.536165 -0.202835
v 0.191095 0.554474 -0.233022
v 0.165342 0.546982 -0.207376
v 0.200732 0.528672 -0.177189
v 0.136546 0.634180 -0.264512
v 0.133860 0.613706 -0.273189
v 0.108108 0.606215 -0.247544
v 0.110793 0.626689 -0.238866
v 0.189328 0.583381 -0.226351
v 0.213533 0.595017 -0.198649
v 0.187780 0.587525 -0.173001
v 0.163577 0.575889 -0.200704
v 0.213533 0.595017 -0.198649
v 0.194694 0.652160 -0.200872
v 0.168942 0.644668 -0.175225
v 0.187780 0.587525 -0.173001
v 0.282090 0.255650 -0.197158
v 0.292492 0.242576 -0.188352
v 0.300131 0.295097 -0.179287
v 0.284135 0.300015 -0.193462
v 0.316128 0.290182 -0.165111
v 0.291322 0.256058 -0.207334
v 0.301724 0.242986 -0.198529
v 0.292492 0.242576 -0.188352
v 0.282090 0.255650 -0.197158
v 0.301724 0.242986 -0.198529
v 0.314878 0.248819 -0.186459
v 0.305645 0.248409 -0.176282
v 0.292492 0.242576 -0.188352
v 0.305645 0.248409 -0.176282
v 0.314878 0.248819 -0.186459
v 0.325360 0.290590 -0.175287
v 0.316128 0.290182 -0.165111
v 0.291322 0.256058 -0.207334
v 0.282090 0.255650 -0.197158
v 0.284135 0.300015 -0.193462
v 0.293367 0.300422 -0.203639
v 0.290253 0.346114 -0.178687
v 0.414335 0.354728 -0.216336
v 0.404023 0.365120 -0.247932
v 0.378469 0.372965 -0.270251
v 0.279941 0.356507 -0.210284
v 0.315807 0.338269 -0.156369
v 0.738012 0.115426 0.174035
v 0.638887 0.086589 0.272752
v 0.602979 0.096547 0.239604
v 0.702103 0.125385 0.140886
v -0.098650 0.347443 -0.598304
v -0.062742 0.337485 -0.565156
v -0.161866 0.308647 -0.466440
v -0.197775 0.318605 -0.499587
v -0.710001 -0.030213 0.084298
v -0.757410 -0.047488 0.143276
v -0.727894 -0.067978 0.212078
v -0.650968 -0.071191 0.221900
v -0.603558 -0.053916 0.162923
v -0.633073 -0.033427 0.094122
v 0.430615 -0.027037 0.058287
v 0.489043 -0.041757 0.107216
v 0.562505 -0.034913 0.083117
v 0.577541 -0.013348 0.010086
v 0.519113 0.001372 -0.038842
v 0.445650 -0.005473 -0.014742
v 0.043778 0.369380 -0.293332
v 0.043317 0.362388 -0.297534
v 0.025375 0.359533 -0.293882
v 0.026004 0.369092 -0.288137
v -0.028814 0.369702 -0.405541
v -0.040086 0.362359 -0.378574
v -0.021364 0.482879 -0.337515
v -0.010092 0.490222 -0.364482
v -0.047339 0.372146 -0.349722
v -0.033632 0.460375 -0.319664
v -0.002838 0.480435 -0.393335
v -0.016544 0.392206 -0.423393
v -0.001548 0.456138 -0.416344
v -0.048629 0.396444 -0.326710
v -0.043612 0.428737 -0.315709
v -0.091073 -0.087085 0.133987
v -0.098512 -0.085600 0.119267
v -0.119117 0.034027 0.131733
v -0.098512 -0.085600 0.119267
v -0.114750 -0.088537 0.117863
v -0.145954 0.029175 0.129412
v -0.119117 0.034027 0.131733
v -0.114750 -0.088537 0.117863
v -0.123546 -0.092958 0.131179
v -0.160494 0.021868 0.151420
v -0.145954 0.029175 0.129412
v -0.116106 -0.094443 0.145899
v -0.099869 -0.091506 0.147303
v -0.121360 0.024267 0.178070
v -0.148196 0.019414 0.175749
v -0.099869 -0.091506 0.147303
v -0.091073 -0.087085 0.133987
v -0.106821 0.031574 0.156063
v -0.121360 0.024267 0.178070
v -0.106821 0.031574 0.156063
v -0.119117 0.034027 0.131733
v -0.145954 0.029175 0.129412
v -0.160494 0.021868 0.151420
v -0.148196 0.019414 0.175749
v -0.121360 0.024267 0.178070
v 0.425119 -0.126108 0.232501
v 0.498283 -0.156956 0.335699
v 0.498382 -0.132205 0.343028
v 0.425217 -0.101358 0.239830
v 0.425217 -0.101358 0.239830
v 0.570516 -0.101329 0.298010
v 0.497352 -0.070482 0.194814
v 0.497352 -0.070482 0.194814
v 0.570516 -0.101329 0.298010
v 0.570353 -0.142474 0.285826
v 0.497189 -0.111627 0.182631
v 0.498283 -0.156956 0.335699
v 0.570353 -0.142474 0.285826
v 0.570516 -0.101329 0.298010
v 0.498382 -0.132205 0.343028
v 0.497189 -0.111627 0.182631
v 0.425119 -0.126108 0.232501
v 0.425217 -0.101358 0.239830
v 0.497352 -0.070482 0.194814
v 0.470543 -0.192494 0.117635
v 0.169604 -0.252963 0.325878
v 0.169897 -0.179022 0.347772
v 0.470835 -0.118554 0.139528
v 0.593968 -0.170470 0.313206
v 0.293031 -0.230939 0.521451
v 0.292737 -0.304880 0.499556
v 0.593675 -0.244410 0.291313
v 0.593675 -0.244410 0.291313
v 0.470543 -0.192494 0.117635
v 0.470835 -0.118554 0.139528
v 0.593968 -0.170470 0.313206
v 0.449746 -0.254087 0.395127
v 0.327120 -0.278727 0.479983
v 0.370857 -0.294974 0.542309
v 0.493483 -0.270335 0.457454
v 0.493483 -0.270335 0.457454
v 0.370857 -0.294974 0.542309
v 0.370768 -0.317199 0.535728
v 0.493394 -0.292560 0.450874
v 0.493394 -0.292560 0.450874
v 0.370768 -0.317199 0.535728
v 0.327048 -0.296663 0.474672
v 0.449674 -0.272023 0.389816
v 0.327048 -0.296663 0.474672
v 0.370768 -0.317199 0.535728
v 0.370857 -0.294974 0.542309
v 0.327120 -0.278727 0.479983
v 0.456285 -0.341351 0.417829
v 0.366936 -0.359305 0.479656
v 0.359193 -0.302248 0.502544
v 0.464493 -0.281091 0.429680
v 0.479283 -0.287326 0.450539
v 0.373982 -0.308484 0.523405
v 0.381725 -0.365541 0.500517
v 0.471076 -0.347587 0.438689
v 0.366936 -0.359305 0.479656
v 0.381725 -0.365541 0.500517
v 0.373982 -0.308484 0.523405
v 0.359193 -0.302248 0.502544
v 0.471076 -0.347587 0.438689
v 0.456285 -0.341351 0.417829
v 0.464493 -0.281091 0.429680
v 0.479283 -0.287326 0.450539
v 0.464153 -0.238258 0.068947
v 0.134333 -0.304529 0.297175
v 0.142323 -0.251571 0.324782
v 0.472142 -0.185300 0.096553
v 0.472142 -0.185300 0.096553
v 0.142323 -0.251571 0.324782
v 0.288247 -0.313096 0.530606
v 0.618066 -0.246825 0.302376
v 0.618066 -0.246825 0.302376
v 0.288247 -0.313096 0.530606
v 0.295790 -0.372604 0.524911
v 0.134333 -0.304529 0.297175
v 0.295790 -0.372604 0.524911
v 0.288247 -0.313096 0.530606
v 0.142323 -0.251571 0.324782
v 0.625609 -0.306332 0.296681
v 0.464153 -0.238258 0.068947
v 0.472142 -0.185300 0.096553
v 0.618066 -0.246825 0.302376
v 0.475294 -0.126500 0.125548
v 0.153471 -0.195974 0.346805
v 0.153608 -0.161269 0.357080
v 0.475413 -0.096608 0.134398
v 0.153608 -0.161269 0.357080
v 0.285279 -0.216785 0.542801
v 0.607083 -0.152125 0.320119
v 0.607083 -0.152125 0.320119
v 0.285279 -0.216785 0.542801
v 0.285142 -0.251489 0.532523
v 0.606965 -0.182017 0.311267
v 0.606965 -0.182017 0.311267
v 0.285142 -0.251489 0.532523
v 0.153471 -0.195974 0.346805
v 0.475294 -0.126500 0.125548
v 0.606965 -0.182017 0.311267
v 0.475294 -0.126500 0.125548
v 0.475413 -0.096608 0.134398
v 0.607083 -0.152125 0.320119
v -0.492396 -0.006985 -0.309608
v -0.505845 -0.015925 -0.279233
v -0.505672 0.027561 -0.266357
v -0.492223 0.036501 -0.296731
v -0.426125 0.002454 -0.172450
v -0.388449 -0.012837 -0.098423
v -0.363983 -0.007956 -0.109833
v -0.401660 0.007335 -0.183861
v -0.374671 0.008365 -0.178954
v -0.351387 -0.001086 -0.133201
v -0.438723 -0.004416 -0.149081
v -0.434640 -0.010649 -0.122680
v -0.415438 -0.013867 -0.103330
v -0.443193 0.030910 -0.176157
v -0.431080 0.033768 -0.185969
v -0.436743 0.034620 -0.188770
v -0.445127 0.032642 -0.181980
v -0.429741 0.038247 -0.201112
v -0.435817 0.037719 -0.199251
v -0.439960 0.041723 -0.212717
v -0.442890 0.040125 -0.207283
v -0.455752 0.042161 -0.213984
v -0.453819 0.040429 -0.208159
v -0.467866 0.039304 -0.204171
v -0.462204 0.038451 -0.201369
v -0.469206 0.034825 -0.189027
v -0.463130 0.035351 -0.190888
v -0.469206 0.034825 -0.189027
v -0.458986 0.031348 -0.177423
v -0.456056 0.032945 -0.182857
v -0.463130 0.035351 -0.190888
v -0.273588 -0.030278 -0.188267
v -0.300370 -0.023302 -0.211469
v -0.300239 0.009814 -0.201663
v -0.273456 0.002837 -0.178461
v -0.390847 -0.180340 -0.119082
v -0.340624 -0.032389 -0.150343
v -0.310339 -0.019868 -0.193034
v -0.366567 -0.170302 -0.153308
v -0.324616 -0.036796 -0.135673
v -0.373971 -0.184987 -0.103616
v -0.349691 -0.174948 -0.137843
v -0.294332 -0.024275 -0.178365
v -0.349691 -0.174948 -0.137843
v -0.366567 -0.170302 -0.153308
v -0.310339 -0.019868 -0.193034
v -0.294332 -0.024275 -0.178365
v -0.324616 -0.036796 -0.135673
v -0.340624 -0.032389 -0.150343
v -0.390847 -0.180340 -0.119082
v -0.373971 -0.184987 -0.103616
v -0.316950 -0.151903 -0.216108
v -0.342095 -0.161812 -0.182309
v -0.398499 -0.056764 -0.067248
v -0.367137 -0.044405 -0.109405
v -0.354550 -0.047586 -0.098832
v -0.385911 -0.059944 -0.056674
v -0.328823 -0.165166 -0.171161
v -0.303680 -0.155257 -0.204962
v -0.328823 -0.165166 -0.171161
v -0.385911 -0.059944 -0.056674
v -0.398499 -0.056764 -0.067248
v -0.342095 -0.161812 -0.182309
v -0.354550 -0.047586 -0.098832
v -0.303680 -0.155257 -0.204962
v -0.316950 -0.151903 -0.216108
v -0.367137 -0.044405 -0.109405
v -0.520944 -0.150835 -0.216983
v -0.470788 -0.002872 -0.248278
v -0.440543 0.009655 -0.290989
v -0.496696 -0.140792 -0.251225
v -0.454911 -0.007260 -0.233674
v -0.504204 -0.155461 -0.201585
v -0.479958 -0.145417 -0.235829
v -0.424668 0.005267 -0.276384
v -0.479958 -0.145417 -0.235829
v -0.496696 -0.140792 -0.251225
v -0.440543 0.009655 -0.290989
v -0.424668 0.005267 -0.276384
v -0.454911 -0.007260 -0.233674
v -0.470788 -0.002872 -0.248278
v -0.520944 -0.150835 -0.216983
v -0.504204 -0.155461 -0.201585
v -0.447384 -0.122347 -0.314177
v -0.472351 -0.132283 -0.280289
v -0.528365 -0.027292 -0.165036
v -0.497224 -0.014900 -0.207303
v -0.485104 -0.018011 -0.196960
v -0.516245 -0.030403 -0.154693
v -0.459572 -0.135562 -0.269385
v -0.434605 -0.125626 -0.303272
v -0.459572 -0.135562 -0.269385
v -0.516245 -0.030403 -0.154693
v -0.528365 -0.027292 -0.165036
v -0.472351 -0.132283 -0.280289
v -0.485104 -0.018011 -0.196960
v -0.434605 -0.125626 -0.303272
v -0.447384 -0.122347 -0.314177
v -0.497224 -0.014900 -0.207303
v -0.516918 -0.110643 -0.036178
v -0.535097 -0.120554 -0.002458
v -0.462292 -0.141743 0.068124
v -0.426930 -0.136833 0.051067
v -0.408753 -0.126920 0.017347
v -0.481555 -0.105732 -0.053234
v -0.442513 -0.107700 -0.047114
v -0.414706 -0.115792 -0.020154
v -0.529144 -0.131683 0.035044
v -0.501335 -0.139776 0.062004
v -0.412618 -0.217898 0.014153
v -0.420910 -0.210468 -0.010827
v -0.437432 -0.144427 0.008878
v -0.432782 -0.148594 0.022887
v -0.420910 -0.210468 -0.010827
v -0.446971 -0.212727 -0.002846
v -0.452049 -0.145694 0.013352
v -0.437432 -0.144427 0.008878
v -0.446971 -0.212727 -0.002846
v -0.438678 -0.220157 0.022133
v -0.447398 -0.149861 0.027362
v -0.452049 -0.145694 0.013352
v -0.438678 -0.220157 0.022133
v -0.432782 -0.148594 0.022887
v -0.447398 -0.149861 0.027362
v -0.438894 -0.189518 -0.081335
v -0.464763 -0.191943 -0.072800
v -0.464436 -0.130887 -0.036488
v -0.449927 -0.129527 -0.041275
v -0.464763 -0.191943 -0.072800
v -0.455890 -0.199321 -0.048005
v -0.459459 -0.135025 -0.022579
v -0.455890 -0.199321 -0.048005
v -0.430021 -0.196896 -0.056539
v -0.444950 -0.133665 -0.027367
v -0.459459 -0.135025 -0.022579
v -0.430021 -0.196896 -0.056539
v -0.438894 -0.189518 -0.081335
v -0.449927 -0.129527 -0.041275
v -0.444950 -0.133665 -0.027367
v -0.509791 -0.226772 0.045425
v -0.483230 -0.225018 0.039147
v -0.482152 -0.153939 0.041598
v -0.497050 -0.154922 0.045119
v -0.483230 -0.225018 0.039147
v -0.489747 -0.217454 0.013687
v -0.485809 -0.149696 0.027318
v -0.489747 -0.217454 0.013687
v -0.516309 -0.219207 0.019965
v -0.500704 -0.150679 0.030840
v -0.485809 -0.149696 0.027318
v -0.516309 -0.219207 0.019965
v -0.509791 -0.226772 0.045425
v -0.497050 -0.154922 0.045119
v -0.500704 -0.150679 0.030840
v -0.535435 -0.198973 -0.048111
v -0.527197 -0.206408 -0.023114
v -0.510034 -0.140355 -0.003902
v -0.514655 -0.136185 -0.017921
v -0.527197 -0.206408 -0.023114
v -0.501120 -0.204164 -0.031042
v -0.495408 -0.139096 -0.008349
v -0.510034 -0.140355 -0.003902
v -0.501120 -0.204164 -0.031042
v -0.500028 -0.134927 -0.022368
v -0.495408 -0.139096 -0.008349
v -0.509358 -0.196729 -0.056039
v -0.535435 -0.198973 -0.048111
v -0.514655 -0.136185 -0.017921
v -0.500028 -0.134927 -0.022368
v -0.601858 -0.180169 -0.106737
v -0.584013 -0.178991 -0.110954
v -0.583289 -0.131239 -0.109308
v -0.593297 -0.131900 -0.106942
v -0.584013 -0.178991 -0.110954
v -0.588393 -0.173909 -0.128061
v -0.585745 -0.128388 -0.118902
v -0.583289 -0.131239 -0.109308
v -0.588393 -0.173909 -0.128061
v -0.606235 -0.175087 -0.123843
v -0.595753 -0.129049 -0.116537
v -0.585745 -0.128388 -0.118902
v -0.606235 -0.175087 -0.123843
v -0.601858 -0.180169 -0.106737
v -0.593297 -0.131900 -0.106942
v -0.606646 -0.102150 -0.161559
v -0.618858 -0.108810 -0.138906
v -0.569947 -0.123045 -0.091488
v -0.546188 -0.119747 -0.102947
v -0.533978 -0.113087 -0.125601
v -0.582888 -0.098852 -0.173020
v -0.556659 -0.100173 -0.168908
v -0.537977 -0.105611 -0.150796
v -0.614860 -0.116287 -0.113712
v -0.596178 -0.121723 -0.095599
v -0.554226 -0.155142 -0.191899
v -0.571608 -0.156770 -0.186163
v -0.571388 -0.115752 -0.161769
v -0.561638 -0.114839 -0.164985
v -0.571608 -0.156770 -0.186163
v -0.565645 -0.161727 -0.169506
v -0.568044 -0.118532 -0.152425
v -0.571388 -0.115752 -0.161769
v -0.565645 -0.161727 -0.169506
v -0.558297 -0.117619 -0.155640
v -0.568044 -0.118532 -0.152425
v -0.548265 -0.160098 -0.175240
v -0.554226 -0.155142 -0.191899
v -0.561638 -0.114839 -0.164985
v -0.558297 -0.117619 -0.155640
v -0.536574 -0.174208 -0.127746
v -0.542145 -0.169216 -0.144529
v -0.553245 -0.124849 -0.131292
v -0.550120 -0.127648 -0.121879
v -0.542145 -0.169216 -0.144529
v -0.563066 -0.125701 -0.128285
v -0.553245 -0.124849 -0.131292
v -0.559654 -0.170734 -0.139167
v -0.554082 -0.175726 -0.122385
v -0.559940 -0.128500 -0.118872
v -0.563066 -0.125701 -0.128285
v -0.554082 -0.175726 -0.122385
v -0.536574 -0.174208 -0.127746
v -0.550120 -0.127648 -0.121879
v -0.559940 -0.128500 -0.118872
v -0.619088 -0.161494 -0.169577
v -0.613553 -0.166488 -0.152785
v -0.602021 -0.122113 -0.139877
v -0.605125 -0.119312 -0.149295
v -0.613553 -0.166488 -0.152785
v -0.596032 -0.164980 -0.158110
v -0.592194 -0.121268 -0.142864
v -0.602021 -0.122113 -0.139877
v -0.596032 -0.164980 -0.158110
v -0.601567 -0.159986 -0.174903
v -0.595298 -0.118467 -0.152283
v -0.592194 -0.121268 -0.142864
v -0.601567 -0.159986 -0.174903
v -0.619088 -0.161494 -0.169577
v -0.605125 -0.119312 -0.149295
v -0.595298 -0.118467 -0.152283
v -0.565069 -0.048723 -0.154344
v -0.537248 -0.056724 -0.127700
v -0.537039 -0.003813 -0.112033
v -0.564858 0.004187 -0.138676
v -0.394966 -0.010364 -0.280360
v -0.424876 -0.001660 -0.309352
v -0.424678 0.048087 -0.294621
v -0.394768 0.039383 -0.265630
v 0.578044 0.215396 0.438535
v 0.609775 0.208783 0.460441
v 0.692415 0.225657 0.402346
v 0.680194 0.236253 0.366728
v 0.648464 0.242865 0.344822
v 0.565822 0.225991 0.402916
v 0.680458 0.215125 0.438074
v 0.648893 0.208680 0.460264
v 0.609346 0.242968 0.344999
v 0.577779 0.236523 0.367188
v 0.583964 0.147841 0.413803
v 0.573227 0.157151 0.382504
v 0.645845 0.171978 0.331454
v 0.673727 0.166168 0.350704
v 0.611847 0.142030 0.433052
v 0.684465 0.156857 0.382003
v 0.646222 0.141939 0.432897
v 0.673961 0.147603 0.413400
v 0.583732 0.166405 0.351108
v 0.611470 0.172069 0.331609
v 0.549191 -0.000421 0.359957
v 0.576929 0.053607 0.384900
v 0.568156 0.061213 0.359335
v 0.555469 -0.010320 0.360799
v 0.553779 -0.008855 0.355873
v 0.603456 0.029911 0.337912
v 0.612228 0.022306 0.363478
v 0.553779 -0.008855 0.355873
v 0.555469 -0.010320 0.360799
v 0.554020 -0.006835 0.365304
v 0.550640 -0.003904 0.355450
v 0.550881 -0.001886 0.364882
v 0.549191 -0.000421 0.359957
v 0.598965 0.034153 0.386974
v 0.612228 0.022306 0.363478
v 0.603456 0.029911 0.337912
v 0.581420 0.049364 0.335838
v 0.568156 0.061213 0.359335
v 0.576929 0.053607 0.384900
v -0.225453 0.445127 -0.326536
v -0.187773 0.447976 -0.336662
v -0.183474 0.477013 -0.434782
v -0.220139 0.481019 -0.447820
v -0.257818 0.478171 -0.437695
v -0.262117 0.449134 -0.339576
v -0.161830 0.467682 -0.403559
v -0.163471 0.456591 -0.366081
v -0.282120 0.469556 -0.408276
v -0.283762 0.458465 -0.370796
v -0.225403 0.378484 -0.354269
v -0.253844 0.407520 -0.451946
v -0.220735 0.410023 -0.460844
v -0.192294 0.380988 -0.363167
v -0.188516 0.406503 -0.449387
v -0.170938 0.388558 -0.389018
v -0.257622 0.382005 -0.365727
v -0.276642 0.390204 -0.393161
v -0.275199 0.399950 -0.426095
v -0.254781 0.221603 -0.379077
v -0.249710 0.221049 -0.377275
v -0.230684 0.282664 -0.377836
v -0.257002 0.285540 -0.387195
v -0.248048 0.213489 -0.384271
v -0.253119 0.214043 -0.386074
v -0.244132 0.260939 -0.430944
v -0.217813 0.258063 -0.421585
v -0.253119 0.214043 -0.386074
v -0.248048 0.213489 -0.384271
v -0.246343 0.216992 -0.379870
v -0.256486 0.218101 -0.383478
v -0.249710 0.221049 -0.377275
v -0.211091 0.268926 -0.395032
v -0.263726 0.274676 -0.413749
v -0.257002 0.285540 -0.387195
v -0.105691 0.133761 -0.672119
v -0.112593 0.123801 -0.638391
v -0.075360 0.118517 -0.621043
v -0.240957 0.110738 -0.592556
v -0.282329 0.126558 -0.645425
v -0.311093 0.123213 -0.633747
v -0.259647 0.102346 -0.563966
v -0.204570 0.104995 -0.573645
v -0.204712 0.093526 -0.534913
v -0.169681 0.107193 -0.581537
v -0.150189 0.096747 -0.546521
v -0.138071 0.114647 -0.607133
v -0.108636 0.106484 -0.579961
v -0.297339 0.869971 -0.407696
v -0.257868 0.853177 -0.351509
v -0.104223 0.897875 -0.504521
v -0.164279 0.908681 -0.540209
v -0.075844 0.884157 -0.458573
v -0.208904 0.845447 -0.326061
v 0.747481 -0.102833 0.115460
v 0.693099 -0.094586 0.088335
v 0.712591 -0.105031 0.123352
v 0.648600 -0.131600 0.213933
v 0.608239 -0.131914 0.215537
v 0.640602 -0.147302 0.267071
v 0.669689 -0.141794 0.248079
v 0.655502 -0.121640 0.180206
v 0.618268 -0.116355 0.162857
v 0.680980 -0.112485 0.148948
v 0.651546 -0.104322 0.121777
v 0.854002 -0.121152 0.175533
v 0.715279 -0.161410 0.313715
v 0.710268 -0.319965 0.272066
v 0.858288 -0.279001 0.124026
v 0.713126 0.589758 0.525083
v 0.846186 0.628468 0.392570
v 0.806715 0.645262 0.336383
v 0.653071 0.600564 0.489396
v 0.757752 0.652992 0.310934
v 0.624692 0.614282 0.443448
v -0.768260 -0.058995 -0.012273
v -0.775163 -0.068955 0.021455
v -0.737929 -0.074240 0.038803
v -0.903526 -0.082017 0.067290
v -0.944898 -0.066199 0.014422
v -0.973662 -0.069542 0.026098
v -0.922217 -0.090409 0.095880
v -0.867139 -0.087761 0.086201
v -0.832250 -0.085562 0.078309
v -0.867281 -0.099230 0.124933
v -0.812758 -0.096009 0.113326
v -0.800640 -0.078110 0.052713
v -0.771205 -0.086271 0.079885
v -0.959908 0.677216 0.252151
v -0.920437 0.660421 0.308337
v -0.766792 0.705120 0.155325
v -0.826847 0.715926 0.119638
v -0.738414 0.691402 0.201272
v -0.871474 0.652692 0.333785
v -0.303546 0.532534 -0.517393
v -0.240796 0.550790 -0.579885
v -0.241317 0.419407 -0.618788
v -0.304068 0.401152 -0.556296
v -0.173977 0.570229 -0.646431
v -0.174499 0.438846 -0.685333
v -0.964983 0.340108 0.141325
v -0.902232 0.358364 0.078833
v -0.902753 0.226981 0.039928
v -0.965504 0.208726 0.102422
v -0.835413 0.377803 0.012286
v -0.835934 0.246421 -0.026617
v 0.721122 0.248267 0.428889
v 0.783873 0.266522 0.366397
v 0.783351 0.135139 0.327493
v 0.720600 0.116885 0.389986
v 0.850693 0.285962 0.299850
v 0.850171 0.154579 0.260948
v -0.066256 0.321126 -0.427013
v -0.041420 0.334107 -0.450018
v -0.039162 0.352546 -0.446926
v -0.065676 0.345655 -0.420272
v -0.012427 0.264943 -0.502203
v 0.000308 0.268648 -0.514885
v -0.084605 0.326215 -0.443950
v -0.084025 0.350744 -0.437211
v -0.057511 0.357634 -0.463864
v -0.059769 0.339195 -0.466956
v -0.018041 0.273736 -0.531824
v -0.030777 0.270031 -0.519142
v -0.084025 0.350744 -0.437211
v -0.084605 0.326215 -0.443950
v -0.066256 0.321126 -0.427013
v -0.065676 0.345655 -0.420272
v -0.035432 0.344630 -0.491688
v -0.030777 0.270031 -0.519142
v -0.012427 0.264943 -0.502203
v -0.017083 0.339541 -0.474750
v -0.030777 0.270031 -0.519142
v -0.018041 0.273736 -0.531824
v 0.000308 0.268648 -0.514885
v -0.012427 0.264943 -0.502203
v -0.131808 0.344956 -0.444805
v -0.033020 0.327479 -0.350717
v -0.032937 0.348701 -0.344433
v -0.131658 0.382440 -0.433705
v -0.045112 0.407618 -0.519897
v 0.053609 0.373879 -0.430624
v 0.053525 0.352657 -0.436908
v -0.045260 0.370135 -0.530997
v 0.067571 0.289689 -0.260748
v 0.154118 0.314867 -0.346939
v 0.154267 0.352305 -0.335854
v 0.067719 0.327126 -0.249663
v -0.045260 0.370135 -0.530997
v -0.131808 0.344956 -0.444805
v -0.131658 0.382440 -0.433705
v -0.045112 0.407618 -0.519897
v 0.154267 0.352305 -0.335854
v 0.154118 0.314867 -0.346939
v 0.067571 0.289689 -0.260748
v 0.067719 0.327126 -0.249663
v 0.064236 0.284939 -0.306553
v 0.089072 0.297920 -0.329557
v 0.091331 0.316359 -0.326466
v 0.064817 0.309467 -0.299813
v 0.118065 0.228756 -0.381743
v 0.130800 0.232460 -0.394425
v 0.045888 0.290027 -0.323491
v 0.046469 0.314556 -0.316751
v 0.072982 0.321447 -0.343404
v 0.070723 0.303009 -0.346495
v 0.112453 0.237548 -0.411363
v 0.099717 0.233844 -0.398680
v 0.046469 0.314556 -0.316751
v 0.045888 0.290027 -0.323491
v 0.064236 0.284939 -0.306553
v 0.064817 0.309467 -0.299813
v 0.095061 0.308443 -0.371227
v 0.099717 0.233844 -0.398680
v 0.118065 0.228756 -0.381743
v 0.113410 0.303355 -0.354290
v 0.099717 0.233844 -0.398680
v 0.112453 0.237548 -0.411363
v 0.130800 0.232460 -0.394425
v 0.118065 0.228756 -0.381743
v 0.449369 0.180679 0.049712
v 0.474201 0.192653 0.026409
v 0.476447 0.207976 0.028579
v 0.449932 0.200941 0.055189
v 0.503247 0.137082 -0.021750
v 0.429672 0.186142 0.031530
v 0.430236 0.206404 0.037005
v 0.456750 0.213439 0.010396
v 0.454503 0.198114 0.008227
v 0.483550 0.142544 -0.039932
v 0.430236 0.206404 0.037005
v 0.429672 0.186142 0.031530
v 0.449369 0.180679 0.049712
v 0.449932 0.200941 0.055189
v 0.478843 0.203837 -0.016421
v 0.483550 0.142544 -0.039932
v 0.503247 0.137082 -0.021750
v 0.498539 0.198374 0.001762
v 0.483550 0.142544 -0.039932
v 0.496286 0.146249 -0.052616
v 0.515983 0.140786 -0.034434
v 0.503247 0.137082 -0.021750
v 0.396617 0.198012 0.042874
v 0.490193 0.180245 0.131647
v 0.490263 0.197754 0.136831
v 0.396739 0.228939 0.052032
v 0.483286 0.254117 -0.034159
v 0.576809 0.222932 0.050641
v 0.576739 0.205424 0.045456
v 0.483163 0.223190 -0.043316
v 0.585491 0.145656 0.217232
v 0.672036 0.170834 0.131042
v 0.672158 0.201720 0.140187
v 0.585613 0.176541 0.226379
v 0.483163 0.223190 -0.043316
v 0.396617 0.198012 0.042874
v 0.396739 0.228939 0.052032
v 0.483286 0.254117 -0.034159
v 0.672158 0.201720 0.140187
v 0.672036 0.170834 0.131042
v 0.585491 0.145656 0.217232
v 0.585613 0.176541 0.226379
v 0.582487 0.143765 0.172596
v 0.607319 0.155737 0.149293
v 0.609565 0.171061 0.151463
v 0.583050 0.164026 0.178073
v 0.636366 0.100167 0.101134
v 0.562797 0.149225 0.154420
v 0.563359 0.169487 0.159895
v 0.589875 0.176522 0.133286
v 0.587627 0.161197 0.131117
v 0.616674 0.105627 0.082957
v 0.611967 0.166920 0.106468
v 0.616674 0.105627 0.082957
v 0.636366 0.100167 0.101134
v 0.631657 0.161460 0.124646
v 0.616674 0.105627 0.082957
v 0.629410 0.109332 0.070273
v 0.649101 0.103871 0.088450
v 0.636366 0.100167 0.101134
v 0.315132 0.032707 -0.044533
v 0.302780 0.028015 -0.041548
v 0.314592 0.027717 -0.003751
v 0.326943 0.032408 -0.006736
v 0.063213 0.085425 -0.204864
v 0.075179 0.080327 -0.200887
v 0.091137 0.100273 -0.231362
v 0.079170 0.105371 -0.235340
v 0.270513 -0.205259 -0.028587
v 0.299639 -0.213336 -0.001699
v 0.315274 -0.043848 0.063511
v 0.280988 -0.038260 0.030718
v 0.280988 -0.038260 0.030718
v 0.315274 -0.043848 0.063511
v 0.481354 0.004468 -0.101886
v 0.447069 0.010057 -0.134680
v 0.436592 -0.156943 -0.193983
v 0.270513 -0.205259 -0.028587
v 0.280988 -0.038260 0.030718
v 0.447069 0.010057 -0.134680
v 0.014935 -0.134385 -0.264514
v 0.005806 0.038051 -0.223307
v -0.028448 0.051469 -0.253783
v 0.005806 0.038051 -0.223307
v 0.171886 0.086368 -0.388705
v 0.137633 0.099785 -0.419181
v -0.028448 0.051469 -0.253783
v -0.014191 -0.126308 -0.291401
v -0.028448 0.051469 -0.253783
v 0.137633 0.099785 -0.419181
v 0.151889 -0.077992 -0.456798
v 0.181015 -0.086070 -0.429910
v 0.171886 0.086368 -0.388705
v 0.005806 0.038051 -0.223307
v 0.014935 -0.134385 -0.264514
v 0.024755 0.027255 -0.247644
v 0.300073 -0.048501 0.006680
v 0.447427 -0.005632 -0.140069
v 0.172110 0.070123 -0.394392
v 0.024755 0.027255 -0.247644
v 0.032967 -0.128298 -0.284839
v 0.291356 -0.199953 -0.046315
v 0.300073 -0.048501 0.006680
v 0.252940 -0.150778 0.032786
v 0.158998 -0.142891 0.007409
v 0.139280 -0.155346 0.049735
v 0.246625 -0.164358 0.078734
v 0.132426 -0.169467 0.097516
v 0.226368 -0.177354 0.122893
v 0.148131 -0.236325 0.056072
v 0.049667 -0.265820 0.156997
v 0.049898 -0.207705 0.174204
v 0.101318 -0.279740 0.203319
v 0.199990 -0.197938 0.117882
v 0.101550 -0.221627 0.220527
v 0.022425 -0.303372 0.284184
v 0.022633 -0.251064 0.299673
v -0.029225 -0.289451 0.237862
v -0.084875 -0.306120 0.294904
v -0.084668 -0.253812 0.310393
v -0.029018 -0.237142 0.253351
v -0.033226 -0.320042 0.341226
v -0.033018 -0.267734 0.356715
v 0.015678 -0.237750 -0.095959
v 0.098104 -0.260989 -0.018580
v 0.098520 -0.156207 0.012448
v 0.016036 -0.147401 -0.069207
v 0.147638 -0.246822 -0.067090
v 0.065568 -0.133233 -0.117715
v 0.148053 -0.142040 -0.036061
v 0.156249 -0.277383 0.036003
v 0.156607 -0.187034 0.062755
v 0.205781 -0.263215 -0.012506
v 0.206140 -0.172866 0.014247
v -0.147558 -0.080735 -0.198391
v -0.092395 -0.103807 -0.121213
v -0.049006 -0.097926 -0.141658
v -0.112036 -0.071563 -0.229845
v -0.011844 -0.088439 -0.174190
v -0.067005 -0.065368 -0.251370
v -0.316783 -0.233804 0.053789
v -0.216814 -0.204721 -0.045771
v -0.216576 -0.144819 -0.028033
v -0.316575 -0.181496 0.069276
v -0.267763 -0.190593 -0.092803
v -0.367523 -0.167367 0.022245
v -0.267524 -0.130690 -0.075065
v -0.136716 -0.181418 -0.125540
v -0.136508 -0.129110 -0.110051
v -0.187665 -0.167290 -0.172572
v -0.187457 -0.114982 -0.157082
v -0.389219 -0.182765 0.149417
v -0.293798 -0.177252 0.129520
v -0.297104 -0.163551 0.083296
v -0.406137 -0.169851 0.106031
v -0.314442 -0.150084 0.038048
v -0.409862 -0.155597 0.057944
v -0.092064 -0.307480 0.299590
v -0.193983 -0.268295 0.205065
v -0.193776 -0.215986 0.220554
v -0.091857 -0.255171 0.315080
v -0.244011 -0.292254 0.250205
v -0.142051 -0.321518 0.347669
v -0.141844 -0.269209 0.363158
v -0.243764 -0.230024 0.268632
v -0.275716 -0.254768 0.124035
v -0.275508 -0.202459 0.139524
v -0.325703 -0.268806 0.172113
v -0.325496 -0.216497 0.187603
v -0.333342 -0.238228 0.068949
v -0.333133 -0.185919 0.084439
v -0.383329 -0.252267 0.117029
v -0.383122 -0.199957 0.132518
v -0.035608 -0.257420 0.396800
v -0.038337 -0.229701 0.303227
v -0.086332 -0.227929 0.297887
v -0.083214 -0.259602 0.404806
v -0.135927 -0.230121 0.305951
v -0.133198 -0.257838 0.399522
v -0.260515 0.004247 -0.449411
v -0.278685 -0.011314 -0.407522
v -0.179800 -0.028331 -0.339469
v -0.140785 -0.024569 -0.343112
v -0.237682 0.017480 -0.483652
v -0.113541 -0.012515 -0.373093
v -0.195446 0.025236 -0.498312
v -0.104866 0.002828 -0.416127
v -0.119160 0.015471 -0.455604
v -0.151195 0.024913 -0.489088
v -0.226592 -0.030142 -0.342963
v -0.069925 -0.008805 -0.499706
v -0.095112 -0.009232 -0.497228
v -0.069127 -0.053503 -0.385187
v -0.043938 -0.053075 -0.387664
v -0.095112 -0.009232 -0.497228
v -0.073628 -0.096099 -0.397776
v -0.069127 -0.053503 -0.385187
v -0.099614 -0.051828 -0.509817
v -0.046466 -0.043638 -0.519113
v -0.020480 -0.087909 -0.407071
v -0.073628 -0.096099 -0.397776
v -0.046466 -0.043638 -0.519113
v -0.069925 -0.008805 -0.499706
v -0.043938 -0.053075 -0.387664
v -0.020480 -0.087909 -0.407071
v -0.161006 -0.079703 -0.294093
v -0.154167 -0.070539 -0.316677
v -0.275854 -0.064524 -0.335232
v -0.154167 -0.070539 -0.316677
v -0.155865 -0.109929 -0.337621
v -0.277551 -0.103914 -0.356176
v -0.275854 -0.064524 -0.335232
v -0.155865 -0.109929 -0.337621
v -0.164314 -0.125113 -0.285888
v -0.286002 -0.119099 -0.304444
v -0.277551 -0.103914 -0.356176
v -0.164314 -0.125113 -0.285888
v -0.282694 -0.073689 -0.312648
v -0.286002 -0.119099 -0.304444
v -0.030063 0.152438 -0.312300
v -0.030083 0.161789 -0.327584
v -0.055468 0.169973 -0.302986
v -0.042795 0.175232 -0.330566
v -0.055489 0.179324 -0.318268
v -0.195153 0.058401 -0.422196
v -0.188267 0.045145 -0.421869
v -0.189662 0.036509 -0.411175
v -0.197945 0.041128 -0.400808
v -0.204830 0.054385 -0.401134
v -0.203433 0.063021 -0.411830
v -0.179288 0.049950 -0.403475
v -0.184755 0.052999 -0.396630
v -0.197945 0.041128 -0.400808
v -0.189662 0.036509 -0.411175
v -0.178367 0.055650 -0.410533
v -0.179288 0.049950 -0.403475
v -0.189662 0.036509 -0.411175
v -0.188267 0.045145 -0.421869
v -0.182911 0.064400 -0.410748
v -0.178367 0.055650 -0.410533
v -0.188267 0.045145 -0.421869
v -0.195153 0.058401 -0.422196
v -0.188378 0.067450 -0.403905
v -0.182911 0.064400 -0.410748
v -0.195153 0.058401 -0.422196
v -0.203433 0.063021 -0.411830
v -0.189300 0.061749 -0.396846
v -0.188378 0.067450 -0.403905
v -0.203433 0.063021 -0.411830
v -0.204830 0.054385 -0.401134
v -0.184755 0.052999 -0.396630
v -0.189300 0.061749 -0.396846
v -0.204830 0.054385 -0.401134
v -0.197945 0.041128 -0.400808
v -0.136997 0.070243 -0.379524
v -0.185601 0.048642 -0.391485
v -0.176070 0.043325 -0.403413
v -0.135225 0.081205 -0.393097
v -0.136997 0.070243 -0.379524
v -0.176070 0.043325 -0.403413
v -0.174464 0.053263 -0.415720
v -0.143965 0.098032 -0.393512
v -0.135225 0.081205 -0.393097
v -0.174464 0.053263 -0.415720
v -0.182388 0.068520 -0.416095
v -0.154477 0.103896 -0.380353
v -0.143965 0.098032 -0.393512
v -0.182388 0.068520 -0.416095
v -0.191918 0.073835 -0.404165
v -0.156248 0.092933 -0.366778
v -0.154477 0.103896 -0.380353
v -0.191918 0.073835 -0.404165
v -0.193523 0.063896 -0.391861
v -0.147510 0.076107 -0.366365
v -0.156248 0.092933 -0.366778
v -0.193523 0.063896 -0.391861
v -0.185601 0.048642 -0.391485
v 0.272103 0.367963 -0.250966
v 0.281278 0.374828 -0.259166
v 0.285404 0.350111 -0.290190
v 0.277206 0.337409 -0.289314
v 0.263903 0.355260 -0.250089
v 0.268031 0.330542 -0.281115
v 0.259809 0.341576 -0.256872
v 0.261386 0.332134 -0.268723
v 0.287923 0.373238 -0.271556
v 0.289498 0.363796 -0.283406
v 0.236711 0.439768 -0.239384
v 0.235517 0.438236 -0.237985
v 0.238637 0.412636 -0.249878
v 0.244833 0.420587 -0.257149
v 0.232222 0.440816 -0.238414
v 0.233415 0.442347 -0.239816
v 0.226800 0.428655 -0.264740
v 0.220605 0.420703 -0.257469
v 0.233415 0.442347 -0.239816
v 0.232222 0.440816 -0.238414
v 0.233273 0.438760 -0.237500
v 0.235660 0.441824 -0.240302
v 0.235517 0.438236 -0.237985
v 0.236711 0.439768 -0.239384
v 0.226523 0.412693 -0.250038
v 0.226800 0.428655 -0.264740
v 0.238916 0.428596 -0.264580
v 0.244833 0.420587 -0.257149
v 0.238637 0.412636 -0.249878
v 0.391672 0.331138 -0.146873
v 0.419403 0.294309 -0.164331
v 0.423591 0.308123 -0.168910
v 0.401157 0.337918 -0.154786
v 0.387484 0.317322 -0.142294
v 0.409918 0.287528 -0.156418
v 0.390192 0.301751 -0.142797
v 0.420884 0.323695 -0.168408
v 0.412314 0.335075 -0.163011
v 0.402536 0.390116 -0.092592
v 0.413724 0.370085 -0.107525
v 0.404707 0.362916 -0.102860
v 0.400798 0.388735 -0.091693
v 0.402075 0.390047 -0.087905
v 0.414953 0.363140 -0.084345
v 0.423971 0.370310 -0.089012
v 0.403810 0.391428 -0.088805
v 0.403810 0.391428 -0.088805
v 0.404042 0.391463 -0.091147
v 0.400567 0.388700 -0.089349
v 0.402075 0.390047 -0.087905
v 0.400798 0.388735 -0.091693
v 0.402536 0.390116 -0.092592
v 0.405321 0.359443 -0.091268
v 0.423971 0.370310 -0.089012
v 0.414953 0.363140 -0.084345
v 0.404707 0.362916 -0.102860
v 0.413724 0.370085 -0.107525
v 0.423356 0.373781 -0.100603
v 0.655352 0.266986 0.414955
v 0.604246 0.290815 0.409073
v 0.628716 0.247030 0.401744
v 0.656706 0.298623 0.425222
v 0.639316 0.329878 0.430475
v 0.617753 0.339238 0.427775
v 0.655089 0.266669 0.415962
v 0.628455 0.246717 0.402744
v 0.603975 0.290489 0.410109
v 0.656437 0.298300 0.426251
v 0.617474 0.338903 0.428842
v 0.639041 0.329547 0.431529
v 0.633830 0.354877 0.438130
v -0.242439 0.492335 -0.371089
v -0.242658 0.518276 -0.363214
v -0.204275 0.513287 -0.386459
v -0.229104 0.544409 -0.363087
v -0.213019 0.552679 -0.369732
v -0.242861 0.492558 -0.371834
v -0.204710 0.513516 -0.387228
v -0.243091 0.518504 -0.363977
v -0.213468 0.552915 -0.370523
v -0.229548 0.544642 -0.363868
v -0.225106 0.565592 -0.360146
v 0.303284 0.039671 -0.024427
v 0.303132 0.055155 -0.019900
v 0.328187 0.046681 -0.015171
v 0.315753 0.027603 -0.024389
v 0.302960 0.039340 -0.023306
v 0.315430 0.027272 -0.023266
v 0.327865 0.046353 -0.014058
v 0.302810 0.054827 -0.018784
v 0.322144 0.071076 -0.008420
v 0.309256 0.066001 -0.013633
v 0.085427 0.094626 -0.213645
v 0.085625 0.105739 -0.210315
v 0.067516 0.102554 -0.216257
v 0.076369 0.087399 -0.218280
v 0.085650 0.094865 -0.214454
v 0.076592 0.087638 -0.219090
v 0.067739 0.102791 -0.217061
v 0.085847 0.105976 -0.211118
v -0.443132 -0.000701 -0.198085
v -0.441931 0.003316 -0.211665
v -0.456092 0.003709 -0.212802
v -0.457294 -0.000307 -0.199222
v 0.164271 0.149833 -0.194236
v 0.175684 0.181137 -0.186877
v 0.150637 0.147107 -0.208723
v 0.124029 0.181434 -0.225412
v 0.128625 0.167087 -0.224989
v 0.146975 0.210914 -0.207006
v 0.186450 0.156285 -0.216323
v 0.172816 0.153560 -0.230810
v 0.185157 0.183893 -0.196310
v 0.146208 0.187886 -0.247501
v 0.156447 0.213669 -0.216439
v 0.150804 0.173539 -0.247076
v 0.195781 0.108081 -0.197914
v 0.196585 0.124019 -0.201307
v 0.188090 0.121548 -0.192846
v 0.122800 0.201842 -0.252663
v 0.108702 0.206256 -0.256674
v 0.114305 0.199371 -0.244203
v 0.254793 0.050426 -0.218351
v 0.300733 0.038981 -0.184123
v 0.279469 0.020226 -0.206674
v 0.186641 0.028122 -0.142113
v 0.206701 -0.000872 -0.134453
v 0.223349 0.019091 -0.115915
v -0.172072 -0.366856 0.552743
v -0.119411 -0.362520 0.618827
v -0.146166 -0.347375 0.489643
v -0.228322 -0.375737 0.584813
v 0.008366 -0.490329 0.927103
v 0.043660 -0.466364 0.849217
v -0.016076 -0.439683 0.841418
v 0.045239 -0.317412 0.381332
v -0.015209 -0.317616 0.386465
v 0.081208 -0.308150 0.441987
v 0.080963 -0.299681 0.322997
v 0.371995 -0.406656 0.637325
v 0.301219 -0.374243 0.592289
v 0.280947 -0.415187 0.670876
v 0.300530 0.350165 -0.191901
v 0.292628 0.346556 -0.186713
v 0.296175 0.369594 -0.181101
v 0.324638 0.341754 -0.167383
v 0.320661 0.361053 -0.156197
v 0.318700 0.337459 -0.160198
v 0.330852 0.392459 -0.164543
v 0.328230 0.404513 -0.158192
v 0.323478 0.383710 -0.155789
v 0.313382 0.398554 -0.182308
v 0.302695 0.390960 -0.176925
v 0.311229 0.410444 -0.175481
v 0.342384 0.421600 -0.172538
v 0.344211 0.434571 -0.169682
v 0.335334 0.422127 -0.162913
v 0.329613 0.426055 -0.185526
v 0.320942 0.427148 -0.177550
v 0.330979 0.439187 -0.183137
v 0.367137 0.429222 -0.196892
v 0.376069 0.434443 -0.203039
v 0.365829 0.441455 -0.190901
v 0.354380 0.433673 -0.209868
v 0.352631 0.446061 -0.204323
v 0.361671 0.439465 -0.217681
v 0.382780 0.408062 -0.215711
v 0.393274 0.404642 -0.224570
v 0.385286 0.421682 -0.214415
v 0.365289 0.414164 -0.233499
v 0.368271 0.427618 -0.231719
v 0.372457 0.411904 -0.245742
v 0.394139 0.362496 -0.235925
v 0.401952 0.362259 -0.242318
v 0.399181 0.384616 -0.233582
v 0.370011 0.370913 -0.260464
v 0.374666 0.393170 -0.258514
v 0.375858 0.371362 -0.268855
v 0.516079 0.330679 0.135868
v 0.512891 0.326689 0.133732
v 0.511861 0.321004 0.134145
v 0.587003 0.295803 0.192875
v 0.592696 0.341493 0.184264
v 0.528123 0.322435 0.128645
v 0.587265 0.379800 0.169625
v 0.562335 0.412844 0.133476
v 0.538462 0.403924 0.118345
v 0.515124 0.410693 0.094463
v 0.479920 0.375256 0.070391
v 0.460970 0.327580 0.064571
v 0.465086 0.289028 0.073635
v 0.469615 0.256700 0.090346
v 0.498278 0.230665 0.110459
v 0.534012 0.229899 0.157247
v 0.566614 0.251725 0.182283
v 0.076652 0.361127 -0.322771
v 0.080463 0.355935 -0.337976
v 0.007329 0.415826 -0.360864
v 0.086391 0.359781 -0.352171
v 0.092847 0.371636 -0.361551
v 0.098099 0.388323 -0.363606
v 0.100743 0.405370 -0.357782
v 0.100743 0.405370 -0.357782
v 0.100066 0.418210 -0.345642
v 0.096255 0.423402 -0.330438
v 0.090326 0.419555 -0.316243
v 0.083871 0.407701 -0.306862
v 0.078618 0.391015 -0.304808
v 0.075976 0.373967 -0.310631
v -0.586520 -0.000078 -0.171161
v -0.560292 -0.014142 -0.152266
v -0.582857 0.008167 -0.199055
v -0.527406 0.000092 -0.200775
v -0.352101 -0.039452 -0.069578
v -0.385548 -0.051933 -0.026979
v -0.346805 -0.044704 -0.033687
v -0.369232 -0.049927 -0.015748
v -0.556621 0.014383 -0.220399
v -0.334996 -0.037493 -0.058197
v -0.502481 0.033666 -0.260273
v -0.529569 0.028423 -0.242202
v -0.483263 0.018661 -0.249008
v -0.525725 0.003825 -0.198334
v -0.544788 0.018851 -0.209671
v -0.317112 -0.018517 -0.125679
v -0.300808 -0.025284 -0.077779
v -0.289664 -0.016719 -0.106855
v -0.353720 -0.035049 -0.069353
v -0.326546 -0.032934 -0.051601
v -0.505672 0.027561 -0.266357
v -0.493199 0.016479 -0.257021
v -0.492223 0.036501 -0.296731
v -0.444872 0.027814 -0.295950
v -0.284776 -0.009332 -0.172649
v -0.311690 -0.024006 -0.122733
v -0.277368 -0.014750 -0.136432
v -0.295327 -0.021946 -0.111890
v -0.467254 0.038424 -0.303558
v -0.271357 -0.007168 -0.162116
v -0.374053 -0.002331 -0.132468
v -0.377138 -0.006598 -0.127532
v -0.380803 -0.005248 -0.133687
v -0.377965 0.000623 -0.137636
v -0.384963 -0.000689 -0.137867
v -0.388046 -0.004956 -0.132931
v -0.384134 -0.007909 -0.127764
v -0.380330 0.014160 -0.114767
v -0.377246 0.018426 -0.119703
v -0.384490 0.018719 -0.118946
v -0.381159 0.021380 -0.124870
v -0.388156 0.020068 -0.125102
v -0.391240 0.015801 -0.120164
v -0.387327 0.012848 -0.114998
v -0.397060 -0.000122 -0.135321
v -0.401167 -0.004705 -0.137089
v -0.398079 -0.001516 -0.141346
v -0.394976 0.004111 -0.139188
v -0.396999 0.003759 -0.144824
v -0.401106 -0.000824 -0.146592
v -0.403189 -0.005058 -0.142724
v -0.414167 0.008785 -0.132045
v -0.410061 0.013369 -0.130277
v -0.413089 0.014061 -0.135522
v -0.407976 0.017601 -0.134144
v -0.409998 0.017250 -0.139780
v -0.414105 0.012666 -0.141548
v -0.416190 0.008433 -0.137680
v -0.435817 0.037719 -0.199251
v -0.442890 0.040125 -0.207283
v -0.441931 0.003316 -0.211665
v -0.453819 0.040429 -0.208159
v -0.462204 0.038451 -0.201369
v -0.456092 0.003709 -0.212802
v -0.463130 0.035351 -0.190888
v -0.456056 0.032945 -0.182857
v -0.457294 -0.000307 -0.199222
v 0.581263 0.278666 0.382160
v 0.570079 0.268814 0.415581
v 0.630640 0.248546 0.404553
v 0.581512 0.258902 0.448900
v 0.611193 0.252717 0.469391
v 0.647787 0.252620 0.469226
v 0.677314 0.258649 0.448469
v 0.688499 0.268501 0.415049
v 0.677066 0.278412 0.381728
v 0.647385 0.284598 0.361238
v 0.610792 0.284694 0.361403
v -0.279656 0.501596 -0.359171
v -0.259407 0.492868 -0.329966
v -0.225417 0.485638 -0.384666
v -0.225112 0.489120 -0.317769
v -0.189865 0.491783 -0.327239
v -0.167132 0.499843 -0.354759
v -0.165596 0.510218 -0.389818
v -0.185844 0.518946 -0.419025
v -0.220140 0.522694 -0.431221
v -0.255388 0.520029 -0.421750
v -0.278120 0.511970 -0.394230
v 0.020221 -0.062521 0.088923
v -0.017028 -0.047019 0.045813
v -0.068197 -0.052774 0.128391
v -0.074065 -0.040438 0.032039
v -0.129103 -0.045287 0.052860
v -0.161120 -0.059717 0.100324
v -0.147068 -0.075237 0.152905
v -0.114312 -0.088867 0.190813
v -0.064159 -0.094656 0.202927
v -0.015761 -0.090391 0.184618
v 0.012392 -0.077701 0.142881
v -0.165976 -0.007058 -0.421840
v -0.169979 -0.026626 -0.416222
v -0.174546 -0.010615 -0.403193
v 0.649126 0.357063 0.441556
v 0.637429 0.381035 0.446067
v 0.634111 0.355215 0.437055
v 0.648845 0.356726 0.442628
v 0.637168 0.380722 0.447067
v -0.235651 0.566465 -0.352788
v -0.226489 0.586487 -0.352045
v -0.224656 0.565355 -0.359351
v -0.236100 0.566702 -0.353581
v -0.226909 0.586708 -0.352785
v 0.309417 0.081888 -0.008904
v 0.314448 0.561649 -0.104967
v 0.189006 0.515456 -0.244420
v 0.276815 0.541002 -0.331867
v 0.402256 0.587195 -0.192414
v 0.419625 -0.152789 -0.208060
v 0.507433 -0.127244 -0.295508
v 0.284624 -0.065457 -0.501187
v 0.196817 -0.091002 -0.413739
v -0.005706 0.751589 -0.370958
v -0.212705 0.213219 -0.567728
v -0.212436 0.280737 -0.547736
v -0.312135 0.249805 -0.449491
v -0.315220 0.202293 -0.464311
v -0.212436 0.280737 -0.547736
v -0.255797 0.294733 -0.594420
v -0.360140 0.265300 -0.501175
v -0.312135 0.249805 -0.449491
v -0.256065 0.227214 -0.614413
v -0.212705 0.213219 -0.567728
v -0.315220 0.202293 -0.464311
v -0.359840 0.216695 -0.512350
v -0.547914 0.197658 -0.324397
v -0.495673 0.180796 -0.268153
v -0.494323 0.133210 -0.285963
v -0.544621 0.149445 -0.340114
v -0.495673 0.180796 -0.268153
v -0.494323 0.133210 -0.285963
v -0.688170 0.138449 -0.067969
v -0.746125 0.157155 -0.130364
v -0.847978 0.133821 -0.022801
v -0.790550 0.114880 0.040395
v -0.680842 0.090762 -0.089811
v -0.790849 0.039297 0.018015
v -0.848278 0.058238 -0.045182
v -0.738796 0.109467 -0.152205
v -0.688170 0.138449 -0.067969
v -0.790550 0.114880 0.040395
v -0.790849 0.039297 0.018015
v -0.680842 0.090762 -0.089811
v -0.754548 0.627497 0.173379
v -0.629443 0.644485 0.042960
v -0.694318 0.662475 -0.016927
v -0.819423 0.645488 0.113493
v -0.754866 0.547500 0.149692
v -0.819740 0.565490 0.089806
v -0.694636 0.582477 -0.040616
v -0.629761 0.564487 0.019271
v -0.466061 0.711425 -0.113923
v -0.530935 0.729415 -0.173809
v -0.531252 0.649418 -0.197498
v -0.466378 0.631428 -0.137611
v -0.316673 0.740328 -0.267069
v -0.381547 0.758318 -0.326956
v -0.381865 0.678321 -0.350642
v -0.316991 0.660331 -0.290756
v -0.217215 0.783819 -0.361746
v -0.282089 0.801809 -0.421632
v -0.282407 0.721812 -0.445320
v -0.217532 0.703822 -0.385433
v 0.201055 0.239566 -0.168397
v 0.187397 0.222232 -0.182031
v 0.184654 0.230747 -0.190731
v 0.196215 0.252022 -0.183194
v 0.196215 0.252022 -0.183194
v 0.184654 0.230747 -0.190731
v 0.173823 0.236909 -0.191374
v 0.178352 0.260691 -0.185024
v 0.165329 0.256903 -0.172055
v 0.165735 0.234555 -0.183318
v 0.168476 0.226041 -0.174620
v 0.170171 0.244445 -0.157256
v 0.170171 0.244445 -0.157256
v 0.168476 0.226041 -0.174620
v 0.179307 0.219880 -0.173976
v 0.188034 0.235777 -0.155428
v 0.178352 0.260691 -0.185024
v 0.174188 0.102333 -0.221275
v 0.171792 0.117528 -0.210385
v 0.152005 0.117373 -0.230298
v 0.151853 0.103786 -0.243278
v 0.121049 0.136389 -0.264686
v 0.124506 0.149157 -0.248627
v 0.116634 0.175870 -0.248729
v 0.110874 0.171794 -0.264560
v 0.136918 0.132784 -0.240947
v 0.134388 0.117725 -0.256743
v 0.139720 0.153972 -0.217678
v 0.161514 0.195618 -0.196876
v 0.195781 0.108081 -0.197914
v 0.188090 0.121548 -0.192846
v 0.114305 0.199371 -0.244203
v 0.108702 0.206256 -0.256674
v 0.123930 0.190054 -0.228109
v 0.174188 0.102333 -0.221275
v 0.151853 0.103786 -0.243278
v 0.160501 0.119845 -0.238758
v 0.180287 0.119999 -0.218846
v 0.121049 0.136389 -0.264686
v 0.110874 0.171794 -0.264560
v 0.125129 0.178341 -0.257188
v 0.133000 0.151628 -0.257087
v 0.134388 0.117725 -0.256743
v 0.145414 0.135255 -0.249406
v 0.161898 0.160424 -0.239767
v 0.170986 0.198373 -0.206309
v 0.196585 0.124019 -0.201307
v 0.195781 0.108081 -0.197914
v 0.108702 0.206256 -0.256674
v 0.122800 0.201842 -0.252663
v 0.141201 0.195079 -0.245312
v 0.186450 0.156285 -0.216323
v 0.185157 0.183893 -0.196310
v 0.175684 0.181137 -0.186877
v 0.164271 0.149833 -0.194236
v 0.191207 0.136463 -0.212224
v 0.173934 0.131438 -0.195022
v 0.141201 0.195079 -0.245312
v 0.123930 0.190054 -0.228109
v 0.363393 0.069665 -0.061670
v 0.352348 0.057618 -0.055627
v 0.144361 0.261784 -0.204832
v 0.130591 0.249468 -0.199180
v 0.145723 0.234442 -0.198068
v 0.152888 0.242243 -0.201977
v 0.130591 0.249468 -0.199180
v 0.125190 0.231275 -0.209919
v 0.144227 0.222573 -0.203038
v 0.145723 0.234442 -0.198068
v 0.125190 0.231275 -0.209919
v 0.133557 0.225399 -0.226310
v 0.149898 0.218507 -0.211914
v 0.144227 0.222573 -0.203038
v 0.133557 0.225399 -0.226310
v 0.147325 0.237714 -0.231963
v 0.157064 0.226309 -0.215822
v 0.149898 0.218507 -0.211914
v 0.147325 0.237714 -0.231963
v 0.152726 0.255908 -0.221224
v 0.158560 0.238176 -0.210853
v 0.157064 0.226309 -0.215822
v 0.152726 0.255908 -0.221224
v 0.144361 0.261784 -0.204832
v 0.152888 0.242243 -0.201977
v 0.158560 0.238176 -0.210853
v 0.177796 0.235576 -0.178916
v 0.158752 0.222329 -0.167560
v 0.182796 0.193431 -0.164264
v 0.197341 0.203571 -0.168638
v 0.158752 0.222329 -0.167560
v 0.147223 0.189974 -0.188589
v 0.174752 0.179271 -0.176476
v 0.182796 0.193431 -0.164264
v 0.147223 0.189974 -0.188589
v 0.161124 0.186310 -0.210047
v 0.181254 0.175253 -0.193063
v 0.174752 0.179271 -0.176476
v 0.161124 0.186310 -0.210047
v 0.180169 0.199559 -0.221401
v 0.195801 0.185395 -0.197439
v 0.181254 0.175253 -0.193063
v 0.180169 0.199559 -0.221401
v 0.191698 0.231913 -0.200372
v 0.203844 0.199554 -0.185225
v 0.195801 0.185395 -0.197439
v 0.191698 0.231913 -0.200372
v 0.177796 0.235576 -0.178916
v 0.197341 0.203571 -0.168638
v 0.203844 0.199554 -0.185225
v 0.252667 0.148210 -0.129256
v 0.243449 0.138154 -0.124212
v 0.266491 0.126227 -0.106843
v 0.274487 0.134950 -0.111219
v 0.243449 0.138154 -0.124212
v 0.241546 0.122853 -0.130591
v 0.264840 0.112955 -0.112379
v 0.266491 0.126227 -0.106843
v 0.241546 0.122853 -0.130591
v 0.248864 0.117608 -0.142015
v 0.271188 0.108404 -0.122286
v 0.264840 0.112955 -0.112379
v 0.248864 0.117608 -0.142015
v 0.258083 0.127664 -0.147059
v 0.279186 0.117128 -0.126663
v 0.271188 0.108404 -0.122286
v 0.258083 0.127664 -0.147059
v 0.259984 0.142965 -0.140681
v 0.280834 0.130401 -0.121129
v 0.279186 0.117128 -0.126663
v 0.259984 0.142965 -0.140681
v 0.252667 0.148210 -0.129256
v 0.274487 0.134950 -0.111219
v 0.280834 0.130401 -0.121129
v 0.293959 0.094588 -0.085825
v 0.317469 0.071820 -0.057613
v 0.320457 0.097568 -0.047146
v 0.295758 0.110317 -0.079463
v 0.293959 0.094588 -0.085825
v 0.301525 0.089167 -0.097445
v 0.329843 0.062952 -0.076667
v 0.317469 0.071820 -0.057613
v 0.301525 0.089167 -0.097445
v 0.310873 0.099509 -0.102671
v 0.345182 0.079883 -0.085211
v 0.329843 0.062952 -0.076667
v 0.310873 0.099509 -0.102671
v 0.312635 0.115227 -0.096271
v 0.348117 0.105614 -0.074692
v 0.345182 0.079883 -0.085211
v 0.312635 0.115227 -0.096271
v 0.305085 0.120598 -0.084688
v 0.335764 0.114414 -0.055690
v 0.348117 0.105614 -0.074692
v 0.305085 0.120598 -0.084688
v 0.295758 0.110317 -0.079463
v 0.320457 0.097568 -0.047146
v 0.335764 0.114414 -0.055690
v 0.185331 0.191863 -0.170735
v 0.180427 0.183228 -0.178183
v 0.200308 0.154224 -0.164414
v 0.204755 0.165943 -0.156526
v 0.180427 0.183228 -0.178183
v 0.184392 0.180777 -0.188300
v 0.205596 0.150549 -0.175837
v 0.200308 0.154224 -0.164414
v 0.184392 0.180777 -0.188300
v 0.193263 0.186962 -0.190967
v 0.215330 0.158595 -0.179374
v 0.205596 0.150549 -0.175837
v 0.193263 0.186962 -0.190967
v 0.198168 0.195598 -0.183518
v 0.219776 0.170313 -0.171487
v 0.215330 0.158595 -0.179374
v 0.198168 0.195598 -0.183518
v 0.194204 0.198049 -0.173403
v 0.214488 0.173988 -0.160063
v 0.219776 0.170313 -0.171487
v 0.185331 0.191863 -0.170735
v 0.204755 0.165943 -0.156526
v 0.214488 0.173988 -0.160063
v 0.194204 0.198049 -0.173403
v 0.149898 0.218507 -0.211914
v 0.142095 0.237043 -0.192393
v 0.139644 0.217583 -0.200538
v 0.139644 0.217583 -0.200538
v 0.148941 0.210916 -0.215092
v 0.148941 0.210916 -0.215092
v 0.160693 0.223706 -0.221500
v 0.160693 0.223706 -0.221500
v 0.163144 0.243166 -0.213354
v 0.163144 0.243166 -0.213354
v 0.153846 0.249835 -0.198799
v 0.142095 0.237043 -0.192393
v 0.153846 0.249835 -0.198799
v 0.115528 0.239834 -0.214796
v 0.122739 0.258841 -0.202002
v 0.124105 0.233874 -0.233324
v 0.115528 0.239834 -0.214796
v 0.139892 0.246921 -0.239059
v 0.124105 0.233874 -0.233324
v 0.147104 0.265929 -0.226266
v 0.139892 0.246921 -0.239059
v 0.147104 0.265929 -0.226266
v 0.138527 0.271889 -0.207738
v 0.122739 0.258841 -0.202002
v 0.138527 0.271889 -0.207738
v 0.323842 0.076443 -0.059126
v 0.336502 0.105312 -0.057605
v 0.350643 0.105829 -0.043257
v 0.265754 0.127057 -0.101231
v 0.266491 0.126227 -0.106843
v 0.264840 0.112955 -0.112379
v 0.263636 0.108199 -0.108810
v 0.320457 0.097568 -0.047146
v 0.317469 0.071820 -0.057613
v 0.323842 0.076443 -0.059126
v 0.326008 0.093864 -0.051863
v 0.271188 0.108404 -0.122286
v 0.272719 0.101690 -0.122710
v 0.329843 0.062952 -0.076667
v 0.332172 0.070471 -0.072132
v 0.272719 0.101690 -0.122710
v 0.271188 0.108404 -0.122286
v 0.279186 0.117128 -0.126663
v 0.283897 0.114094 -0.128987
v 0.329843 0.062952 -0.076667
v 0.345182 0.079883 -0.085211
v 0.342668 0.081920 -0.077875
v 0.332172 0.070471 -0.072132
v 0.280834 0.130401 -0.121129
v 0.285959 0.132935 -0.121351
v 0.348117 0.105614 -0.074692
v 0.344833 0.099341 -0.070611
v 0.274487 0.134950 -0.111219
v 0.276899 0.139372 -0.107505
v 0.335764 0.114414 -0.055690
v 0.336502 0.105312 -0.057605
v 0.227141 0.148148 -0.141576
v 0.224624 0.137155 -0.147315
v 0.224624 0.137155 -0.147315
v 0.229758 0.133519 -0.156550
v 0.229758 0.133519 -0.156550
v 0.237411 0.140875 -0.160049
v 0.237411 0.140875 -0.160049
v 0.239928 0.151867 -0.154310
v 0.239928 0.151867 -0.154310
v 0.234792 0.155504 -0.145075
v 0.234792 0.155504 -0.145075
v 0.227141 0.148148 -0.141576
v 0.265754 0.127057 -0.101231
v 0.263636 0.108199 -0.108810
v 0.263636 0.108199 -0.108810
v 0.272719 0.101690 -0.122710
v 0.272719 0.101690 -0.122710
v 0.283897 0.114094 -0.128987
v 0.283897 0.114094 -0.128987
v 0.285959 0.132935 -0.121351
v 0.285959 0.132935 -0.121351
v 0.276899 0.139372 -0.107505
v 0.276899 0.139372 -0.107505
v 0.265754 0.127057 -0.101231
v 0.115528 0.239834 -0.214796
v 0.122739 0.258841 -0.202002
v 0.136362 0.018905 -0.202027
v 0.136495 0.052040 -0.192216
v 0.136495 0.052040 -0.192216
v 0.186641 0.028122 -0.142113
v 0.254793 0.050426 -0.218351
v 0.209879 0.073390 -0.265299
v 0.209879 0.073390 -0.265299
v 0.209748 0.040255 -0.275111
v 0.223349 0.019091 -0.115915
v 0.300733 0.038981 -0.184123
v 0.333508 0.038636 -0.151313
v 0.333377 0.005501 -0.161125
v 0.259992 -0.015849 -0.088040
v 0.260123 0.017286 -0.078229
v 0.260123 0.017286 -0.078229
v 0.333508 0.038636 -0.151313
v 0.101892 0.074113 -0.210351
v 0.101892 0.074113 -0.210351
v 0.135305 0.056148 -0.180586
v 0.167631 0.067884 -0.220653
v 0.139928 0.083867 -0.243802
v 0.135122 0.010076 -0.194228
v 0.167448 0.021812 -0.234295
v 0.167631 0.067884 -0.220653
v 0.135305 0.056148 -0.180586
v 0.139713 0.029504 -0.259899
v 0.101677 0.019750 -0.226449
v 0.101892 0.074113 -0.210351
v 0.139928 0.083867 -0.243802
v 0.184508 0.044283 -0.310415
v 0.184723 0.098647 -0.294318
v 0.222454 0.034027 -0.276282
v 0.222638 0.080099 -0.262641
v 0.222638 0.080099 -0.262641
v 0.184723 0.098647 -0.294318
v 0.250961 0.023943 -0.073374
v 0.282997 0.021603 -0.044326
v 0.318843 0.034945 -0.089866
v 0.294801 0.034803 -0.110638
v 0.366930 0.046895 -0.130866
v 0.283015 -0.030405 -0.059500
v 0.318862 -0.017062 -0.105040
v 0.318843 0.034945 -0.089866
v 0.282997 0.021603 -0.044326
v 0.294617 -0.011269 -0.124280
v 0.250778 -0.022130 -0.087016
v 0.250961 0.023943 -0.073374
v 0.294801 0.034803 -0.110638
v 0.366930 0.046895 -0.130866
v 0.335563 0.048119 -0.156152
v 0.335380 0.002046 -0.169794
v 0.335563 0.048119 -0.156152
v 0.366949 -0.005114 -0.146039
v 0.366930 0.046895 -0.130866
v 0.187312 0.046173 -0.201987
v 0.209118 0.038000 -0.182479
v 0.205608 0.080242 -0.180105
v 0.194984 0.084081 -0.189651
v 0.209118 0.038000 -0.182479
v 0.230621 0.044256 -0.203894
v 0.220933 0.084700 -0.195367
v 0.205608 0.080242 -0.180105
v 0.208816 0.052429 -0.223401
v 0.187312 0.046173 -0.201987
v 0.194984 0.084081 -0.189651
v 0.210309 0.088540 -0.204914
v 0.209826 0.124322 -0.163024
v 0.192802 0.129043 -0.178739
v 0.192802 0.129043 -0.178739
v 0.208097 0.133493 -0.193972
v 0.225121 0.128772 -0.178256
v 0.209826 0.124322 -0.163024
v 0.187642 0.152522 -0.172172
v 0.211616 0.120044 -0.157586
v 0.229674 0.125297 -0.175569
v 0.233884 0.137566 -0.167758
v 0.215826 0.132313 -0.149776
v 0.257505 0.078400 -0.123674
v 0.259324 0.025101 -0.135833
v 0.279929 0.023187 -0.115703
v 0.282209 0.052452 -0.111304
v 0.270143 0.056337 -0.122286
v 0.279929 0.023187 -0.115703
v 0.301432 0.029443 -0.137118
v 0.297535 0.056912 -0.126567
v 0.282209 0.052452 -0.111304
v 0.285620 0.076089 -0.101008
v 0.262693 0.084704 -0.121512
v 0.300915 0.080538 -0.116240
v 0.285620 0.076089 -0.101008
v 0.270143 0.056337 -0.122286
v 0.262693 0.084704 -0.121512
v 0.277988 0.089153 -0.136744
v 0.285468 0.060796 -0.137547
v 0.280827 0.031358 -0.157249
v 0.259324 0.025101 -0.135833
v 0.381618 0.179184 -0.093555
v 0.418784 0.162171 -0.061208
v 0.421014 0.209292 -0.058504
v 0.390076 0.218651 -0.086838
v 0.418784 0.162171 -0.061208
v 0.454697 0.179242 -0.094983
v 0.450573 0.219877 -0.087345
v 0.421014 0.209292 -0.058504
v 0.417533 0.196255 -0.127332
v 0.381618 0.179184 -0.093555
v 0.390076 0.218651 -0.086838
v 0.419634 0.229237 -0.115678
v 0.422763 0.261146 -0.029217
v 0.376480 0.266920 -0.074004
v 0.376480 0.266920 -0.074004
v 0.411900 0.267290 -0.112265
v 0.458184 0.261515 -0.067478
v 0.422763 0.261146 -0.029217
v 0.187561 0.049920 -0.340947
v 0.207840 0.055821 -0.361143
v 0.204615 0.298411 -0.293514
v 0.184336 0.292510 -0.273319
v 0.176635 0.064857 -0.389835
v 0.156356 0.058957 -0.369640
v 0.160239 0.297345 -0.296104
v 0.180518 0.303244 -0.316298
v 0.159729 0.502883 -0.236573
v 0.180008 0.508783 -0.256768
v 0.209755 0.504790 -0.228066
v 0.189476 0.498891 -0.207870
v 0.388790 -0.002718 -0.157003
v 0.388790 -0.002718 -0.157003
v 0.397535 0.227661 -0.080925
v 0.417812 0.233561 -0.101119
v 0.409069 0.003182 -0.177200
v 0.440506 -0.005153 -0.148068
v 0.437351 0.226034 -0.083697
v 0.417074 0.220135 -0.063503
v 0.420227 -0.011052 -0.127871
v 0.445050 0.436031 -0.014624
v 0.424772 0.430130 0.005572
v 0.395058 0.442626 -0.020613
v 0.415337 0.448527 -0.040809
v 0.179968 0.234991 -0.279735
v 0.184574 0.275526 -0.276570
v 0.153630 0.283327 -0.305365
v 0.142750 0.238604 -0.316052
v 0.142750 0.238604 -0.316052
v 0.153630 0.283327 -0.305365
v 0.183189 0.293914 -0.334204
v 0.178664 0.255677 -0.349828
v 0.215881 0.252063 -0.313511
v 0.214133 0.286112 -0.305412
v 0.184574 0.275526 -0.276570
v 0.179968 0.234991 -0.279735
v 0.186671 0.319444 -0.249254
v 0.140443 0.339324 -0.289863
v 0.222091 0.319814 -0.287514
v 0.186671 0.319444 -0.249254
v 0.140443 0.339324 -0.289863
v 0.175864 0.339693 -0.328124
v -0.156447 -0.395453 0.641389
v -0.241879 -0.386639 0.620055
v -0.116326 -0.421289 0.736633
v -0.076606 -0.394760 0.710745
v -0.066932 -0.441632 0.779765
v -0.020533 -0.410505 0.753581
v -0.031761 -0.492231 0.936058
v -0.051242 -0.469203 0.865182
v 0.184781 -0.449071 0.784431
v 0.165993 -0.408103 0.748913
v 0.113046 -0.384521 0.682813
v 0.064279 -0.358112 0.622973
v -0.008315 -0.325140 0.532640
v -0.087878 -0.327904 0.424169
v 0.120289 -0.326961 0.405747
v 0.122056 -0.299719 0.320065
v 0.080963 -0.299681 0.322997
v 0.221982 -0.350760 0.473019
v 0.187156 -0.340183 0.503075
v 0.256126 -0.368215 0.525210
v 0.213919 -0.361719 0.568106
v 0.384877 -0.393486 0.595012
v 0.337854 -0.381828 0.561894
v 0.165993 -0.408103 0.748913
v 0.184781 -0.449071 0.784431
v 0.064279 -0.358112 0.622973
v 0.113046 -0.384521 0.682813
v -0.008315 -0.325140 0.532640
v -0.087878 -0.327904 0.424169
v -1.034073 -0.321721 0.003330
v 0.108108 0.606215 -0.247544
v 0.402857 0.440607 -0.053648
v 0.459579 0.426934 -0.000687
v 0.433828 0.419443 0.024961
v 0.377106 0.433114 -0.028002
v 0.459579 0.426934 -0.000687
v 0.467139 0.483221 0.023348
v 0.441387 0.475729 0.048993
v 0.433828 0.419443 0.024961
v 0.497992 0.523365 0.066054
v 0.472240 0.515874 0.091700
v 0.494797 0.544199 0.068932
v 0.465572 0.555722 0.042953
v 0.439820 0.548231 0.068598
v 0.469045 0.536707 0.094579
v 0.446882 0.584520 0.032599
v 0.421131 0.577028 0.058244
v 0.313868 0.536958 -0.114859
v 0.288115 0.529467 -0.089213
v 0.169339 0.501572 -0.270320
v 0.225402 0.493825 -0.216289
v 0.199650 0.486333 -0.190644
v 0.143587 0.494081 -0.244674
v 0.160257 0.568376 -0.259926
v 0.169339 0.501572 -0.270320
v 0.143587 0.494081 -0.244674
v 0.134505 0.560885 -0.234280
v 0.191095 0.554474 -0.233022
v 0.189328 0.583381 -0.226351
v 0.163577 0.575889 -0.200704
v 0.165342 0.546982 -0.207376
v 0.161429 0.634883 -0.239321
v 0.136546 0.634180 -0.264512
v 0.110793 0.626689 -0.238866
v 0.135678 0.627391 -0.213674
v 0.133860 0.613706 -0.273189
v 0.108108 0.606215 -0.247544
v 0.194694 0.652160 -0.200872
v 0.168942 0.644668 -0.175225
v 0.313868 0.536958 -0.114859
v 0.288115 0.529467 -0.089213
v 0.314782 0.601101 -0.095205
v 0.226484 0.536165 -0.202835
v 0.200732 0.528672 -0.177189
v 0.289029 0.593609 -0.069558
v 0.305645 0.248409 -0.176282
v 0.350816 0.433194 -0.181095
v 0.346689 0.433107 -0.180617
v 0.344453 0.415857 -0.167350
v 0.356557 0.415774 -0.167717
v 0.343055 0.433601 -0.181940
v 0.333318 0.417781 -0.172670
v 0.340746 0.434561 -0.184765
v 0.325700 0.421105 -0.182458
v 0.340290 0.435769 -0.188441
v 0.323347 0.425067 -0.194472
v 0.341792 0.436948 -0.192128
v 0.326796 0.428760 -0.205959
v 0.344908 0.437827 -0.194982
v 0.335258 0.431339 -0.214292
v 0.348926 0.438206 -0.196347
v 0.346794 0.432211 -0.217554
v 0.352921 0.437997 -0.195912
v 0.358762 0.431177 -0.215005
v 0.355983 0.437248 -0.193776
v 0.368420 0.428475 -0.207224
v 0.355983 0.437248 -0.193776
v 0.357406 0.436131 -0.190429
v 0.373555 0.424722 -0.195998
v 0.368420 0.428475 -0.207224
v 0.356867 0.434902 -0.186637
v 0.372990 0.420780 -0.183896
v 0.354489 0.433843 -0.183269
v 0.366855 0.417551 -0.173688
v 0.342469 0.398970 -0.161056
v 0.359740 0.398852 -0.161581
v 0.326579 0.401716 -0.168646
v 0.315710 0.406459 -0.182614
v 0.312351 0.412114 -0.199757
v 0.317274 0.417383 -0.216148
v 0.329349 0.421063 -0.228035
v 0.345810 0.422307 -0.232694
v 0.362886 0.420832 -0.229054
v 0.376666 0.416975 -0.217953
v 0.383994 0.411620 -0.201933
v 0.376666 0.416975 -0.217953
v 0.383187 0.405995 -0.184663
v 0.374436 0.401387 -0.170100
v 0.340783 0.378849 -0.158069
v 0.362216 0.378702 -0.158720
v 0.321061 0.382256 -0.167487
v 0.307572 0.388142 -0.184822
v 0.303405 0.395159 -0.206098
v 0.309513 0.401700 -0.226442
v 0.324498 0.406265 -0.241193
v 0.344929 0.407810 -0.246974
v 0.366122 0.405980 -0.242459
v 0.383223 0.401194 -0.228683
v 0.392317 0.394549 -0.208800
v 0.383223 0.401194 -0.228683
v 0.391317 0.387567 -0.187366
v 0.380454 0.381847 -0.169293
v 0.339498 0.357151 -0.158404
v 0.363851 0.356984 -0.159144
v 0.317093 0.361022 -0.169106
v 0.301767 0.367710 -0.188799
v 0.297031 0.375683 -0.212971
v 0.303972 0.383113 -0.236086
v 0.320998 0.388299 -0.252846
v 0.344208 0.390055 -0.259412
v 0.368286 0.387975 -0.254283
v 0.387716 0.382537 -0.238630
v 0.398047 0.374988 -0.216042
v 0.387716 0.382537 -0.238630
v 0.396911 0.367056 -0.191689
v 0.384571 0.360559 -0.171157
v 0.338743 0.338988 -0.160813
v 0.364597 0.338811 -0.161598
v 0.314954 0.343099 -0.172176
v 0.298682 0.350199 -0.193083
v 0.293656 0.358663 -0.218748
v 0.301024 0.366551 -0.243286
v 0.319101 0.372059 -0.261082
v 0.343742 0.373923 -0.268054
v 0.369307 0.371715 -0.262608
v 0.389936 0.365942 -0.245990
v 0.400903 0.357927 -0.222005
v 0.389936 0.365942 -0.245990
v 0.399699 0.349504 -0.196153
v 0.386595 0.342606 -0.174351
v 0.296175 0.369594 -0.181101
v 0.292628 0.346556 -0.186713
v 0.318700 0.337459 -0.160198
v 0.320661 0.361053 -0.156197
v 0.323478 0.383710 -0.155789
v 0.302695 0.390960 -0.176925
v 0.328230 0.404513 -0.158192
v 0.311229 0.410444 -0.175481
v 0.335334 0.422127 -0.162913
v 0.320942 0.427148 -0.177550
v 0.344211 0.434571 -0.169682
v 0.330979 0.439187 -0.183137
v 0.354764 0.441486 -0.179228
v 0.341889 0.445977 -0.192322
v 0.365829 0.441455 -0.190901
v 0.352631 0.446061 -0.204323
v 0.376069 0.434443 -0.203039
v 0.361671 0.439465 -0.217681
v 0.385286 0.421682 -0.214415
v 0.368271 0.427618 -0.231719
v 0.393274 0.404642 -0.224570
v 0.372457 0.411904 -0.245742
v 0.399181 0.384616 -0.233582
v 0.374666 0.393170 -0.258514
v 0.401952 0.362259 -0.242318
v 0.375858 0.371362 -0.268855
v 0.354231 0.432115 -0.182852
v 0.354764 0.441486 -0.179228
v 0.342324 0.436269 -0.194959
v 0.341889 0.445977 -0.192322
v 0.420906 0.288354 -0.193066
v 0.430594 0.301139 -0.233874
v 0.414335 0.354728 -0.216336
v 0.406642 0.344575 -0.183928
v 0.417609 0.314224 -0.273661
v 0.404023 0.365120 -0.247932
v 0.385430 0.324103 -0.301767
v 0.378469 0.372965 -0.270251
v 0.342679 0.328129 -0.310659
v 0.344519 0.376162 -0.277314
v 0.342679 0.328129 -0.310659
v 0.300813 0.325222 -0.297956
v 0.311271 0.373854 -0.267226
v 0.344519 0.376162 -0.277314
v 0.271048 0.316162 -0.267062
v 0.287633 0.366659 -0.242692
v 0.261361 0.303377 -0.226253
v 0.279941 0.356507 -0.210284
v 0.274346 0.290292 -0.186467
v 0.290253 0.346114 -0.178687
v 0.306525 0.280414 -0.158361
v 0.315807 0.338269 -0.156369
v 0.349275 0.276387 -0.149469
v 0.349756 0.335073 -0.149307
v 0.391141 0.279294 -0.162171
v 0.383005 0.337380 -0.159394
v 0.541836 0.332295 0.137760
v 0.532289 0.331462 0.144540
v 0.532985 0.318962 0.148364
v 0.542723 0.316350 0.142637
v 0.534012 0.341900 0.127647
v 0.526156 0.338993 0.136613
v 0.522914 0.340672 0.117034
v 0.517457 0.338029 0.128293
v 0.513736 0.329184 0.110885
v 0.510261 0.329024 0.123472
v 0.510770 0.312813 0.112077
v 0.507937 0.316189 0.124406
v 0.515405 0.299218 0.120052
v 0.511570 0.305531 0.130659
v 0.525474 0.294761 0.131079
v 0.519462 0.302038 0.139303
v 0.536260 0.301527 0.139999
v 0.527919 0.307342 0.146296
v 0.532985 0.318962 0.148364
v 0.522649 0.327770 0.143066
v 0.522959 0.322232 0.144760
v 0.519933 0.331106 0.139554
v 0.513470 0.316282 0.136917
v 0.516967 0.314733 0.140746
v 0.527919 0.307342 0.146296
v 0.520715 0.317084 0.143843
v 0.604721 0.287422 0.193982
v 0.611915 0.339121 0.185274
v 0.595972 0.346721 0.207563
v 0.588779 0.295022 0.216270
v 0.604950 0.388250 0.166499
v 0.589007 0.395851 0.188788
v 0.573066 0.434745 0.131509
v 0.551623 0.433242 0.147597
v 0.573066 0.434745 0.131509
v 0.551390 0.426552 0.103372
v 0.530697 0.429331 0.123374
v 0.551623 0.433242 0.147597
v 0.513423 0.440643 0.084346
v 0.505675 0.432765 0.101658
v 0.513423 0.440643 0.084346
v 0.474146 0.383871 0.045290
v 0.457438 0.392014 0.074179
v 0.505675 0.432765 0.101658
v 0.454354 0.322151 0.042186
v 0.438410 0.329751 0.064476
v 0.453744 0.271312 0.059875
v 0.444162 0.285287 0.084412
v 0.465991 0.243811 0.072622
v 0.450047 0.251410 0.094912
v 0.496980 0.206825 0.097642
v 0.481037 0.214425 0.119932
v 0.544086 0.205173 0.155284
v 0.528144 0.212773 0.177574
v 0.579813 0.235309 0.181170
v 0.563871 0.242909 0.203458
v 0.588779 0.295022 0.216270
v 0.595972 0.346721 0.207563
v 0.583912 0.345679 0.196545
v 0.578219 0.299991 0.205157
v 0.589007 0.395851 0.188788
v 0.578481 0.383988 0.181908
v 0.551623 0.433242 0.147597
v 0.550520 0.412015 0.142342
v 0.530697 0.429331 0.123374
v 0.529676 0.408112 0.130627
v 0.505675 0.432765 0.101658
v 0.506340 0.414881 0.106743
v 0.457438 0.392014 0.074179
v 0.475388 0.380023 0.080210
v 0.438410 0.329751 0.064476
v 0.452186 0.331767 0.076854
v 0.444162 0.285287 0.084412
v 0.459806 0.296729 0.087155
v 0.450047 0.251410 0.094912
v 0.460832 0.260888 0.102627
v 0.481037 0.214425 0.119932
v 0.489494 0.234852 0.122740
v 0.528144 0.212773 0.177574
v 0.525229 0.234087 0.169529
v 0.563871 0.242909 0.203458
v 0.557829 0.255913 0.194564
v 0.578219 0.299991 0.205157
v 0.583912 0.345679 0.196545
v 0.592696 0.341493 0.184264
v 0.587003 0.295803 0.192875
v 0.578481 0.383988 0.181908
v 0.587265 0.379800 0.169625
v 0.550520 0.412015 0.142342
v 0.562335 0.412844 0.133476
v 0.550520 0.412015 0.142342
v 0.529676 0.408112 0.130627
v 0.538462 0.403924 0.118345
v 0.562335 0.412844 0.133476
v 0.506340 0.414881 0.106743
v 0.515124 0.410693 0.094463
v 0.506340 0.414881 0.106743
v 0.475388 0.380023 0.080210
v 0.479920 0.375256 0.070391
v 0.515124 0.410693 0.094463
v 0.452186 0.331767 0.076854
v 0.460970 0.327580 0.064571
v 0.459806 0.296729 0.087155
v 0.465086 0.289028 0.073635
v 0.460832 0.260888 0.102627
v 0.469615 0.256700 0.090346
v 0.489494 0.234852 0.122740
v 0.498278 0.230665 0.110459
v 0.525229 0.234087 0.169529
v 0.534012 0.229899 0.157247
v 0.557829 0.255913 0.194564
v 0.566614 0.251725 0.182283
v 0.638887 0.086589 0.272752
v 0.643554 0.213601 0.305852
v 0.611072 0.222623 0.275859
v 0.602979 0.096547 0.239604
v 0.647670 0.323683 0.322845
v 0.619093 0.331608 0.296464
v 0.596641 0.436575 0.368593
v 0.569522 0.415517 0.335212
v 0.520049 0.531526 0.386206
v 0.493653 0.499064 0.352240
v 0.520049 0.531526 0.386206
v 0.395040 0.612195 0.382134
v 0.384789 0.564431 0.357888
v 0.493653 0.499064 0.352240
v 0.702103 0.125385 0.140886
v 0.602979 0.096547 0.239604
v 0.611072 0.222623 0.275859
v 0.706005 0.250242 0.181317
v 0.738493 0.241221 0.211303
v 0.643554 0.213601 0.305852
v 0.638887 0.086589 0.272752
v 0.738012 0.115426 0.174035
v 0.619093 0.331608 0.296464
v 0.704768 0.356532 0.211142
v 0.733345 0.348608 0.237523
v 0.647670 0.323683 0.322845
v 0.569522 0.415517 0.335212
v 0.685898 0.449373 0.219315
v 0.713016 0.470431 0.252695
v 0.596641 0.436575 0.368593
v 0.493653 0.499064 0.352240
v 0.643039 0.542525 0.203469
v 0.668462 0.574703 0.238403
v 0.520049 0.531526 0.386206
v 0.643039 0.542525 0.203469
v 0.493653 0.499064 0.352240
v 0.384789 0.564431 0.357888
v 0.580208 0.621283 0.163271
v 0.590460 0.669047 0.187517
v 0.395040 0.612195 0.382134
v 0.520049 0.531526 0.386206
v 0.668462 0.574703 0.238403
v 0.590460 0.669047 0.187517
v 0.321843 0.766636 -0.053700
v 0.126405 0.705294 0.139588
v 0.395040 0.612195 0.382134
v 0.395040 0.612195 0.382134
v 0.126405 0.705294 0.139588
v 0.126217 0.657862 0.125544
v 0.384789 0.564431 0.357888
v 0.384789 0.564431 0.357888
v 0.126217 0.657862 0.125544
v 0.321583 0.701076 -0.073112
v 0.580208 0.621283 0.163271
v -0.197775 0.318605 -0.499587
v -0.161866 0.308647 -0.466440
v -0.160615 0.436621 -0.436500
v -0.193108 0.445616 -0.466487
v -0.149297 0.544691 -0.412850
v -0.177875 0.552616 -0.439231
v -0.160433 0.617942 -0.338622
v -0.187323 0.653976 -0.355100
v -0.144687 0.681576 -0.229783
v -0.166186 0.728823 -0.245107
v -0.166186 0.728823 -0.245107
v -0.144687 0.681576 -0.229783
v -0.132527 0.707888 -0.119656
v -0.142377 0.761227 -0.113966
v -0.062742 0.337485 -0.565156
v -0.065682 0.464239 -0.531042
v -0.160615 0.436621 -0.436500
v -0.161866 0.308647 -0.466440
v -0.098170 0.473236 -0.561036
v -0.098650 0.347443 -0.598304
v -0.197775 0.318605 -0.499587
v -0.193108 0.445616 -0.466487
v -0.063621 0.569616 -0.498173
v -0.149297 0.544691 -0.412850
v -0.092200 0.577540 -0.524553
v -0.177875 0.552616 -0.439231
v -0.044058 0.651798 -0.454521
v -0.160433 0.617942 -0.338622
v -0.070948 0.687832 -0.470996
v -0.187323 0.653976 -0.355100
v 0.007403 0.725822 -0.381246
v -0.144687 0.681576 -0.229783
v -0.017716 0.772016 -0.392967
v -0.166186 0.728823 -0.245107
v 0.007403 0.725822 -0.381246
v 0.062894 0.764739 -0.314272
v -0.132527 0.707888 -0.119656
v -0.144687 0.681576 -0.229783
v 0.053043 0.818078 -0.308582
v -0.017716 0.772016 -0.392967
v -0.166186 0.728823 -0.245107
v -0.142377 0.761227 -0.113966
v 0.053043 0.818078 -0.308582
v -0.142377 0.761227 -0.113966
v -0.142377 0.761227 -0.113966
v -0.132527 0.707888 -0.119656
v 0.126217 0.657862 0.125544
v -0.132527 0.707888 -0.119656
v 0.062894 0.764739 -0.314272
v -0.604317 -0.245148 0.106298
v -0.633833 -0.224658 0.037497
v -0.612879 -0.115530 0.042030
v -0.570570 -0.144900 0.140653
v -0.633833 -0.224658 0.037497
v -0.710759 -0.221444 0.027674
v -0.723150 -0.110922 0.027949
v -0.612879 -0.115530 0.042030
v -0.710759 -0.221444 0.027674
v -0.758170 -0.238720 0.086651
v -0.791110 -0.135687 0.112491
v -0.723150 -0.110922 0.027949
v -0.758170 -0.238720 0.086651
v -0.728654 -0.259209 0.155452
v -0.748800 -0.165057 0.211113
v -0.791110 -0.135687 0.112491
v -0.728654 -0.259209 0.155452
v -0.651727 -0.262423 0.165276
v -0.638530 -0.169664 0.225192
v -0.748800 -0.165057 0.211113
v -0.651727 -0.262423 0.165276
v -0.604317 -0.245148 0.106298
v -0.570570 -0.144900 0.140653
v -0.638530 -0.169664 0.225192
v -0.727894 -0.067978 0.212078
v -0.757410 -0.047488 0.143276
v -0.757410 -0.047488 0.143276
v -0.710001 -0.030213 0.084298
v -0.710001 -0.030213 0.084298
v -0.633073 -0.033427 0.094122
v -0.633073 -0.033427 0.094122
v -0.603558 -0.053916 0.162923
v -0.603558 -0.053916 0.162923
v -0.650968 -0.071191 0.221900
v -0.650968 -0.071191 0.221900
v -0.727894 -0.067978 0.212078
v 0.518355 -0.189859 -0.095467
v 0.444892 -0.196704 -0.071367
v 0.431188 -0.091509 -0.053084
v 0.522388 -0.083011 -0.083005
v 0.444892 -0.196704 -0.071367
v 0.429856 -0.218269 0.001663
v 0.412522 -0.118282 0.037579
v 0.431188 -0.091509 -0.053084
v 0.429856 -0.218269 0.001663
v 0.488283 -0.232989 0.050592
v 0.485057 -0.136556 0.098322
v 0.412522 -0.118282 0.037579
v 0.488283 -0.232989 0.050592
v 0.561747 -0.226144 0.026491
v 0.576258 -0.128059 0.068402
v 0.485057 -0.136556 0.098322
v 0.561747 -0.226144 0.026491
v 0.576782 -0.204579 -0.046539
v 0.594923 -0.101286 -0.022262
v 0.576258 -0.128059 0.068402
v 0.576782 -0.204579 -0.046539
v 0.518355 -0.189859 -0.095467
v 0.522388 -0.083011 -0.083005
v 0.594923 -0.101286 -0.022262
v 0.562505 -0.034913 0.083117
v 0.489043 -0.041757 0.107216
v 0.489043 -0.041757 0.107216
v 0.430615 -0.027037 0.058287
v 0.430615 -0.027037 0.058287
v 0.445650 -0.005473 -0.014742
v 0.445650 -0.005473 -0.014742
v 0.519113 0.001372 -0.038842
v 0.519113 0.001372 -0.038842
v 0.577541 -0.013348 0.010086
v 0.577541 -0.013348 0.010086
v 0.562505 -0.034913 0.083117
v 0.043778 0.369380 -0.293332
v 0.026004 0.369092 -0.288137
v 0.027626 0.369405 -0.279271
v 0.047901 0.369921 -0.287485
v 0.060146 0.380572 -0.302155
v 0.052728 0.378472 -0.307146
v -0.023460 0.389759 -0.311767
v -0.024988 0.396264 -0.320333
v -0.034000 0.405097 -0.319936
v -0.029219 0.392460 -0.305984
v -0.018149 0.382706 -0.303008
v -0.023817 0.385614 -0.298006
v 0.008603 0.374232 -0.290414
v -0.007386 0.378915 -0.295132
v -0.013873 0.381476 -0.285595
v 0.005773 0.375385 -0.279105
v 0.025722 0.374483 -0.290155
v 0.027505 0.375134 -0.275807
v 0.047901 0.369921 -0.287485
v 0.027626 0.369405 -0.279271
v 0.028609 0.360162 -0.276005
v 0.051486 0.363484 -0.285882
v 0.066985 0.373868 -0.302455
v 0.060146 0.380572 -0.302155
v -0.029219 0.392460 -0.305984
v -0.034000 0.405097 -0.319936
v -0.043777 0.402330 -0.326514
v -0.035558 0.386358 -0.305491
v -0.030032 0.380196 -0.298010
v -0.023817 0.385614 -0.298006
v 0.005773 0.375385 -0.279105
v -0.013873 0.381476 -0.285595
v -0.018447 0.370738 -0.282266
v 0.001847 0.364100 -0.275492
v 0.027505 0.375134 -0.275807
v 0.028198 0.360413 -0.270669
v 0.051486 0.363484 -0.285882
v 0.028609 0.360162 -0.276005
v 0.028296 0.352636 -0.279755
v 0.051392 0.358023 -0.288889
v 0.066985 0.373868 -0.302455
v 0.067798 0.369112 -0.304739
v -0.035558 0.386358 -0.305491
v -0.043777 0.402330 -0.326514
v -0.045076 0.393864 -0.331984
v -0.036459 0.379623 -0.309216
v -0.030032 0.380196 -0.298010
v -0.030902 0.373855 -0.301570
v -0.018447 0.370738 -0.282266
v -0.019272 0.361190 -0.287187
v 0.001169 0.354558 -0.280406
v 0.027543 0.348569 -0.276730
v 0.058986 0.362966 -0.312738
v 0.067798 0.369112 -0.304739
v 0.051392 0.358023 -0.288889
v 0.046920 0.355948 -0.295980
v 0.028296 0.352636 -0.279755
v 0.026390 0.350282 -0.290645
v -0.035528 0.381895 -0.333883
v -0.030377 0.374852 -0.316565
v -0.024912 0.368962 -0.308015
v -0.030902 0.373855 -0.301570
v 0.001169 0.354558 -0.280406
v -0.019272 0.361190 -0.287187
v -0.014058 0.356501 -0.299682
v 0.006007 0.350152 -0.294000
v 0.027543 0.348569 -0.276730
v 0.025503 0.344710 -0.294093
v 0.046920 0.355948 -0.295980
v 0.026390 0.350282 -0.290645
v 0.025375 0.359533 -0.293882
v 0.043317 0.362388 -0.297534
v 0.052148 0.369668 -0.312438
v 0.058986 0.362966 -0.312738
v -0.030377 0.374852 -0.316565
v -0.035528 0.381895 -0.333883
v -0.025751 0.384662 -0.327306
v -0.024039 0.380955 -0.317058
v -0.018699 0.374380 -0.308011
v -0.024912 0.368962 -0.308015
v 0.006007 0.350152 -0.294000
v -0.014058 0.356501 -0.299682
v -0.008099 0.366688 -0.302421
v 0.007839 0.361912 -0.297818
v 0.025503 0.344710 -0.294093
v 0.024733 0.359446 -0.299193
v 0.052728 0.378472 -0.307146
v 0.052148 0.369668 -0.312438
v 0.043317 0.362388 -0.297534
v 0.043778 0.369380 -0.293332
v -0.023460 0.389759 -0.311767
v -0.024039 0.380955 -0.317058
v -0.025751 0.384662 -0.327306
v -0.024988 0.396264 -0.320333
v -0.018149 0.382706 -0.303008
v -0.018699 0.374380 -0.308011
v 0.008603 0.374232 -0.290414
v 0.007839 0.361912 -0.297818
v -0.008099 0.366688 -0.302421
v -0.007386 0.378915 -0.295132
v 0.025722 0.374483 -0.290155
v 0.024733 0.359446 -0.299193
v -0.014324 0.386187 -0.303349
v -0.023138 0.390615 -0.294619
v -0.015200 0.372875 -0.311350
v -0.014324 0.386187 -0.303349
v -0.024921 0.363539 -0.310892
v -0.015200 0.372875 -0.311350
v -0.034223 0.371072 -0.299786
v -0.024921 0.363539 -0.310892
v -0.032868 0.381279 -0.294105
v -0.034223 0.371072 -0.299786
v -0.023138 0.390615 -0.294619
v -0.032868 0.381279 -0.294105
v 0.025722 0.374483 -0.290155
v 0.026004 0.369092 -0.288137
v 0.025375 0.359533 -0.293882
v 0.024733 0.359446 -0.299193
v 0.025722 0.374483 -0.290155
v 0.027505 0.375134 -0.275807
v 0.027626 0.369405 -0.279271
v 0.026004 0.369092 -0.288137
v 0.028198 0.360413 -0.270669
v 0.028609 0.360162 -0.276005
v 0.028296 0.352636 -0.279755
v 0.027543 0.348569 -0.276730
v 0.025503 0.344710 -0.294093
v 0.026390 0.350282 -0.290645
v -0.014324 0.386187 -0.303349
v -0.018149 0.382706 -0.303008
v -0.023817 0.385614 -0.298006
v -0.023138 0.390615 -0.294619
v -0.014324 0.386187 -0.303349
v -0.015200 0.372875 -0.311350
v -0.018699 0.374380 -0.308011
v -0.018149 0.382706 -0.303008
v -0.024921 0.363539 -0.310892
v -0.024912 0.368962 -0.308015
v -0.034223 0.371072 -0.299786
v -0.030902 0.373855 -0.301570
v -0.030032 0.380196 -0.298010
v -0.032868 0.381279 -0.294105
v -0.047339 0.372146 -0.349722
v -0.040086 0.362359 -0.378574
v -0.015346 0.357419 -0.370344
v -0.022278 0.366773 -0.342768
v -0.040086 0.362359 -0.378574
v -0.028814 0.369702 -0.405541
v -0.004575 0.364436 -0.396115
v -0.015346 0.357419 -0.370344
v -0.016544 0.392206 -0.423393
v 0.007153 0.385944 -0.413177
v -0.006564 0.423844 -0.427347
v 0.016690 0.416182 -0.416956
v -0.001548 0.456138 -0.416344
v 0.021485 0.447045 -0.406441
v -0.002838 0.480435 -0.393335
v 0.020252 0.470266 -0.384449
v -0.010092 0.490222 -0.364482
v 0.013319 0.479619 -0.356872
v -0.021364 0.482879 -0.337515
v 0.002548 0.472602 -0.331101
v -0.033632 0.460375 -0.319664
v -0.009180 0.451094 -0.314039
v -0.043612 0.428737 -0.315709
v -0.018717 0.420856 -0.310259
v -0.048629 0.396444 -0.326710
v -0.023512 0.389993 -0.320775
v 0.068105 0.441061 -0.315422
v 0.058618 0.423640 -0.301636
v 0.083118 0.414452 -0.295800
v 0.092106 0.430958 -0.308862
v 0.076816 0.446715 -0.336282
v 0.100360 0.436315 -0.328626
v 0.082419 0.439084 -0.358627
v 0.105669 0.429085 -0.349797
v 0.083411 0.420215 -0.376467
v 0.106608 0.411207 -0.366702
v 0.079527 0.395163 -0.385026
v 0.102928 0.387470 -0.374811
v 0.071808 0.370640 -0.382006
v 0.095614 0.364235 -0.371952
v 0.062322 0.353220 -0.368220
v 0.086627 0.347728 -0.358889
v 0.053610 0.347566 -0.347361
v 0.078372 0.342373 -0.339123
v 0.048007 0.355197 -0.325016
v 0.053610 0.347566 -0.347361
v 0.078372 0.342373 -0.339123
v 0.073063 0.349602 -0.317953
v 0.047015 0.374067 -0.307174
v 0.072123 0.367480 -0.301048
v 0.050899 0.399118 -0.298617
v 0.075803 0.391218 -0.292939
v 0.001353 0.464615 -0.336245
v -0.008557 0.446414 -0.321842
v 0.059283 0.419849 -0.307633
v 0.067377 0.434714 -0.319396
v 0.010454 0.470521 -0.358037
v 0.074811 0.439537 -0.337195
v 0.016307 0.462548 -0.381379
v 0.079591 0.433025 -0.356258
v 0.017343 0.442836 -0.400018
v 0.080437 0.416926 -0.371482
v 0.013286 0.416664 -0.408958
v 0.077124 0.395550 -0.378784
v 0.005222 0.391046 -0.405806
v 0.070537 0.374627 -0.376208
v -0.004688 0.372846 -0.391402
v 0.062443 0.359763 -0.364445
v -0.013791 0.366940 -0.369610
v 0.055010 0.354940 -0.346647
v -0.019643 0.374912 -0.346267
v -0.013791 0.366940 -0.369610
v 0.055010 0.354940 -0.346647
v 0.050230 0.361450 -0.327583
v -0.020680 0.394624 -0.327628
v 0.049383 0.377551 -0.312359
v -0.016622 0.420796 -0.318688
v 0.052697 0.398926 -0.305056
v -0.013791 0.366940 -0.369610
v -0.019643 0.374912 -0.346267
v -0.022278 0.366773 -0.342768
v -0.015346 0.357419 -0.370344
v -0.004688 0.372846 -0.391402
v -0.013791 0.366940 -0.369610
v -0.015346 0.357419 -0.370344
v -0.004575 0.364436 -0.396115
v 0.005222 0.391046 -0.405806
v 0.007153 0.385944 -0.413177
v 0.013286 0.416664 -0.408958
v 0.016690 0.416182 -0.416956
v 0.017343 0.442836 -0.400018
v 0.021485 0.447045 -0.406441
v 0.016307 0.462548 -0.381379
v 0.020252 0.470266 -0.384449
v 0.010454 0.470521 -0.358037
v 0.013319 0.479619 -0.356872
v 0.001353 0.464615 -0.336245
v 0.002548 0.472602 -0.331101
v -0.008557 0.446414 -0.321842
v -0.009180 0.451094 -0.314039
v -0.016622 0.420796 -0.318688
v -0.018717 0.420856 -0.310259
v -0.020680 0.394624 -0.327628
v -0.023512 0.389993 -0.320775
v 0.067377 0.434714 -0.319396
v 0.059283 0.419849 -0.307633
v 0.058618 0.423640 -0.301636
v 0.068105 0.441061 -0.315422
v 0.074811 0.439537 -0.337195
v 0.076816 0.446715 -0.336282
v 0.079591 0.433025 -0.356258
v 0.082419 0.439084 -0.358627
v 0.080437 0.416926 -0.371482
v 0.083411 0.420215 -0.376467
v 0.077124 0.395550 -0.378784
v 0.079527 0.395163 -0.385026
v 0.070537 0.374627 -0.376208
v 0.071808 0.370640 -0.382006
v 0.062443 0.359763 -0.364445
v 0.062322 0.353220 -0.368220
v 0.055010 0.354940 -0.346647
v 0.053610 0.347566 -0.347361
v 0.050230 0.361450 -0.327583
v 0.055010 0.354940 -0.346647
v 0.053610 0.347566 -0.347361
v 0.048007 0.355197 -0.325016
v 0.049383 0.377551 -0.312359
v 0.047015 0.374067 -0.307174
v 0.052697 0.398926 -0.305056
v 0.050899 0.399118 -0.298617
v 0.073063 0.349602 -0.317953
v 0.078372 0.342373 -0.339123
v 0.080463 0.355935 -0.337976
v 0.076652 0.361127 -0.322771
v 0.078372 0.342373 -0.339123
v 0.086627 0.347728 -0.358889
v 0.086391 0.359781 -0.352171
v 0.080463 0.355935 -0.337976
v 0.095614 0.364235 -0.371952
v 0.092847 0.371636 -0.361551
v 0.102928 0.387470 -0.374811
v 0.098099 0.388323 -0.363606
v 0.106608 0.411207 -0.366702
v 0.100743 0.405370 -0.357782
v 0.105669 0.429085 -0.349797
v 0.100066 0.418210 -0.345642
v 0.100360 0.436315 -0.328626
v 0.096255 0.423402 -0.330438
v 0.092106 0.430958 -0.308862
v 0.090326 0.419555 -0.316243
v 0.083118 0.414452 -0.295800
v 0.083871 0.407701 -0.306862
v 0.075803 0.391218 -0.292939
v 0.078618 0.391015 -0.304808
v 0.072123 0.367480 -0.301048
v 0.075976 0.373967 -0.310631
v -0.006564 0.423844 -0.427347
v -0.106821 0.031574 0.156063
v -0.123546 -0.092958 0.131179
v -0.116106 -0.094443 0.145899
v -0.148196 0.019414 0.175749
v -0.160494 0.021868 0.151420
v 0.498382 -0.132205 0.343028
v 0.169604 -0.252963 0.325878
v 0.292737 -0.304880 0.499556
v 0.293031 -0.230939 0.521451
v 0.169897 -0.179022 0.347772
v 0.493394 -0.292560 0.450874
v 0.449674 -0.272023 0.389816
v 0.449746 -0.254087 0.395127
v 0.493483 -0.270335 0.457454
v 0.625609 -0.306332 0.296681
v 0.475413 -0.096608 0.134398
v 0.153471 -0.195974 0.346805
v 0.285142 -0.251489 0.532523
v 0.285279 -0.216785 0.542801
v 0.153608 -0.161269 0.357080
v -0.582988 -0.024906 -0.208849
v -0.586652 -0.033152 -0.180953
v -0.586520 -0.000078 -0.171161
v -0.582857 0.008167 -0.199055
v -0.346805 -0.044704 -0.033687
v -0.369232 -0.049927 -0.015748
v -0.369344 -0.078073 -0.024082
v -0.346917 -0.072850 -0.042021
v -0.586652 -0.033152 -0.180953
v -0.560369 -0.033327 -0.157946
v -0.560292 -0.014142 -0.152266
v -0.586520 -0.000078 -0.171161
v -0.527482 -0.019093 -0.206457
v -0.556752 -0.018690 -0.230192
v -0.556621 0.014383 -0.220399
v -0.527406 0.000092 -0.200775
v -0.335108 -0.065640 -0.066531
v -0.352177 -0.058637 -0.075259
v -0.352101 -0.039452 -0.069578
v -0.334996 -0.037493 -0.058197
v -0.385548 -0.051933 -0.026979
v -0.385624 -0.071119 -0.032660
v -0.369344 -0.078073 -0.024082
v -0.369232 -0.049927 -0.015748
v -0.556752 -0.018690 -0.230192
v -0.556621 0.014383 -0.220399
v -0.334996 -0.037493 -0.058197
v -0.335108 -0.065640 -0.066531
v -0.478734 -0.043848 -0.091307
v -0.444609 -0.029234 -0.141118
v -0.444686 -0.048420 -0.146799
v -0.444609 -0.029234 -0.141118
v -0.478810 -0.063033 -0.096987
v -0.478734 -0.043848 -0.091307
v -0.502679 -0.016164 -0.275029
v -0.529766 -0.021407 -0.256956
v -0.529569 0.028423 -0.242202
v -0.502481 0.033666 -0.260273
v -0.289664 -0.016719 -0.106855
v -0.300808 -0.025284 -0.077779
v -0.300976 -0.067691 -0.090337
v -0.289832 -0.059126 -0.119412
v -0.544986 -0.030979 -0.224425
v -0.525840 -0.025081 -0.206894
v -0.525725 0.003825 -0.198334
v -0.544788 0.018851 -0.209671
v -0.483378 -0.010245 -0.257566
v -0.502679 -0.016164 -0.275029
v -0.502481 0.033666 -0.260273
v -0.483263 0.018661 -0.249008
v -0.326546 -0.032934 -0.051601
v -0.326715 -0.075341 -0.064157
v -0.544986 -0.030979 -0.224425
v -0.544788 0.018851 -0.209671
v -0.449410 -0.023718 -0.144613
v -0.406878 -0.008620 -0.196171
v -0.406992 -0.037525 -0.204730
v -0.406878 -0.008620 -0.196171
v -0.449525 -0.052623 -0.153172
v -0.449410 -0.023718 -0.144613
v -0.289832 -0.059126 -0.119412
v -0.317227 -0.047423 -0.134237
v -0.317112 -0.018517 -0.125679
v -0.289664 -0.016719 -0.106855
v -0.353720 -0.035049 -0.069353
v -0.353835 -0.063956 -0.077913
v -0.326715 -0.075341 -0.064157
v -0.326546 -0.032934 -0.051601
v -0.277368 -0.014750 -0.136432
v -0.295327 -0.021946 -0.111890
v -0.295474 -0.058955 -0.122848
v -0.277514 -0.051759 -0.147390
v -0.505845 -0.015925 -0.279233
v -0.493299 -0.008747 -0.264491
v -0.493199 0.016479 -0.257021
v -0.505672 0.027561 -0.266357
v -0.444973 0.002588 -0.303419
v -0.467427 -0.005062 -0.316435
v -0.467254 0.038424 -0.303558
v -0.444872 0.027814 -0.295950
v -0.271504 -0.044177 -0.173074
v -0.284877 -0.034557 -0.180119
v -0.284776 -0.009332 -0.172649
v -0.271357 -0.007168 -0.162116
v -0.311690 -0.024006 -0.122733
v -0.311790 -0.049230 -0.130202
v -0.295474 -0.058955 -0.122848
v -0.295327 -0.021946 -0.111890
v -0.467427 -0.005062 -0.316435
v -0.492396 -0.006985 -0.309608
v -0.492223 0.036501 -0.296731
v -0.271357 -0.007168 -0.162116
v -0.271504 -0.044177 -0.173074
v -0.361384 -0.027854 -0.240001
v -0.361285 -0.002629 -0.232531
v -0.406351 -0.038403 -0.203774
v -0.406250 -0.013178 -0.196305
v -0.406250 -0.013178 -0.196305
v -0.361285 -0.002629 -0.232531
v -0.369607 0.003015 -0.129602
v -0.374949 -0.004373 -0.121052
v -0.376383 0.008132 -0.138551
v -0.388501 0.005859 -0.138951
v -0.393843 -0.001530 -0.130402
v -0.387067 -0.006646 -0.121453
v -0.387067 -0.006646 -0.121453
v -0.368653 0.009359 -0.125855
v -0.374823 0.000827 -0.115982
v -0.376478 0.015267 -0.136189
v -0.368653 0.009359 -0.125855
v -0.390470 0.012643 -0.136651
v -0.376478 0.015267 -0.136189
v -0.396640 0.004110 -0.126779
v -0.390470 0.012643 -0.136651
v -0.388816 -0.001796 -0.116445
v -0.396640 0.004110 -0.126779
v -0.374823 0.000827 -0.115982
v -0.388816 -0.001796 -0.116445
v -0.371450 0.015000 -0.122232
v -0.376793 0.007611 -0.113682
v -0.378226 0.020116 -0.131181
v -0.390345 0.017843 -0.131581
v -0.378226 0.020116 -0.131181
v -0.395686 0.010454 -0.123032
v -0.388911 0.005339 -0.114081
v -0.398328 0.002986 -0.130128
v -0.405441 -0.004953 -0.133191
v -0.394718 0.010317 -0.136827
v -0.398220 0.009708 -0.146588
v -0.405333 0.001769 -0.149651
v -0.408943 -0.005561 -0.142953
v -0.408943 -0.005561 -0.142953
v -0.401539 0.006974 -0.127162
v -0.409752 -0.002193 -0.130700
v -0.397370 0.015440 -0.134898
v -0.401539 0.006974 -0.127162
v -0.401415 0.014737 -0.146169
v -0.397370 0.015440 -0.134898
v -0.409627 0.005569 -0.149705
v -0.401415 0.014737 -0.146169
v -0.413795 -0.002895 -0.141971
v -0.409627 0.005569 -0.149705
v -0.409752 -0.002193 -0.130700
v -0.413795 -0.002895 -0.141971
v -0.405832 0.010775 -0.127217
v -0.412946 0.002835 -0.130280
v -0.402223 0.018106 -0.133915
v -0.405727 0.017498 -0.143676
v -0.402223 0.018106 -0.133915
v -0.412839 0.009558 -0.146739
v -0.416448 0.002227 -0.140041
v -0.388225 -0.027851 -0.107698
v -0.366652 -0.023546 -0.117758
v -0.363983 -0.007956 -0.109833
v -0.388449 -0.012837 -0.098423
v -0.355545 -0.017489 -0.138362
v -0.351387 -0.001086 -0.133201
v -0.359144 -0.011993 -0.161643
v -0.355468 0.005148 -0.159603
v -0.376076 -0.009156 -0.178705
v -0.374671 0.008365 -0.178954
v -0.399872 -0.010063 -0.183031
v -0.401660 0.007335 -0.183861
v -0.421446 -0.014368 -0.172969
v -0.426125 0.002454 -0.172450
v -0.432552 -0.020425 -0.152365
v -0.438723 -0.004416 -0.149081
v -0.428953 -0.025922 -0.129086
v -0.434640 -0.010649 -0.122680
v -0.412021 -0.028758 -0.112024
v -0.415438 -0.013867 -0.103330
v -0.355468 0.005148 -0.159603
v -0.444826 -0.011310 -0.193439
v -0.435526 -0.009116 -0.200971
v -0.431918 0.012189 -0.192763
v -0.443536 0.009448 -0.183351
v -0.434497 -0.005678 -0.212598
v -0.430632 0.016485 -0.207289
v -0.442343 -0.003008 -0.221505
v -0.440434 0.019819 -0.218420
v -0.454467 -0.002673 -0.222479
v -0.455583 0.020240 -0.219635
v -0.463767 -0.004866 -0.214946
v -0.467201 0.017499 -0.210222
v -0.464794 -0.008305 -0.203319
v -0.468485 0.013203 -0.195698
v -0.464794 -0.008305 -0.203319
v -0.456949 -0.010973 -0.194412
v -0.458683 0.009868 -0.184567
v -0.468485 0.013203 -0.195698
v -0.445127 0.032642 -0.181980
v -0.436743 0.034620 -0.188770
v -0.443132 -0.000701 -0.198085
v -0.463130 0.035351 -0.190888
v -0.457294 -0.000307 -0.199222
v -0.469206 0.034825 -0.189027
v -0.467866 0.039304 -0.204171
v -0.455752 0.042161 -0.213984
v -0.439960 0.041723 -0.212717
v -0.429741 0.038247 -0.201112
v -0.431080 0.033768 -0.185969
v -0.443193 0.030910 -0.176157
v -0.458986 0.031348 -0.177423
v -0.469206 0.034825 -0.189027
v -0.300370 -0.023302 -0.211469
v -0.337556 -0.045201 -0.169386
v -0.337413 -0.009414 -0.158789
v -0.300239 0.009814 -0.201663
v -0.300239 0.009814 -0.201663
v -0.337413 -0.009414 -0.158789
v -0.311313 -0.013381 -0.145743
v -0.273456 0.002837 -0.178461
v -0.273456 0.002837 -0.178461
v -0.311313 -0.013381 -0.145743
v -0.311466 -0.052087 -0.157204
v -0.273588 -0.030278 -0.188267
v -0.428799 -0.075180 -0.044989
v -0.391351 -0.080563 -0.027308
v -0.391196 -0.041763 -0.015819
v -0.428644 -0.036379 -0.033500
v -0.366020 -0.029310 -0.068333
v -0.391196 -0.041763 -0.015819
v -0.391351 -0.080563 -0.027308
v -0.366186 -0.071326 -0.080773
v -0.394020 -0.024517 -0.084147
v -0.394186 -0.066533 -0.096587
v -0.428799 -0.075180 -0.044989
v -0.428644 -0.036379 -0.033500
v -0.366020 -0.029310 -0.068333
v -0.394020 -0.024517 -0.084147
v -0.428644 -0.036379 -0.033500
v -0.391196 -0.041763 -0.015819
v -0.339590 -0.020220 -0.107447
v -0.339754 -0.061645 -0.119713
v -0.365890 -0.056101 -0.132193
v -0.365732 -0.016279 -0.120402
v -0.365732 -0.016279 -0.120402
v -0.339590 -0.020220 -0.107447
v -0.461144 -0.167294 0.069061
v -0.421226 -0.161750 0.049807
v -0.426930 -0.136833 0.051067
v -0.462292 -0.141743 0.068124
v -0.400707 -0.150562 0.011744
v -0.408753 -0.126920 0.017347
v -0.407427 -0.138000 -0.030587
v -0.414706 -0.115792 -0.020154
v -0.438817 -0.128865 -0.061020
v -0.442513 -0.107700 -0.047114
v -0.482889 -0.126644 -0.067929
v -0.481555 -0.105732 -0.053234
v -0.522806 -0.132187 -0.048674
v -0.516918 -0.110643 -0.036178
v -0.543326 -0.143375 -0.010612
v -0.535097 -0.120554 -0.002458
v -0.536605 -0.155937 0.031720
v -0.529144 -0.131683 0.035044
v -0.505215 -0.165073 0.062153
v -0.501335 -0.139776 0.062004
v -0.412618 -0.217898 0.014153
v -0.464436 -0.130887 -0.036488
v -0.482152 -0.153939 0.041598
v -0.509358 -0.196729 -0.056039
v -0.595753 -0.129049 -0.116537
v -0.569176 -0.140210 -0.090859
v -0.542358 -0.136486 -0.103793
v -0.546188 -0.119747 -0.102947
v -0.569947 -0.123045 -0.091488
v -0.528572 -0.128970 -0.129365
v -0.533978 -0.113087 -0.125601
v -0.533087 -0.120530 -0.157805
v -0.537977 -0.105611 -0.150796
v -0.554176 -0.114392 -0.178251
v -0.556659 -0.100173 -0.168908
v -0.583783 -0.112901 -0.182891
v -0.582888 -0.098852 -0.173020
v -0.610602 -0.116625 -0.169956
v -0.606646 -0.102150 -0.161559
v -0.624387 -0.124142 -0.144384
v -0.618858 -0.108810 -0.138906
v -0.619873 -0.132581 -0.115944
v -0.614860 -0.116287 -0.113712
v -0.598784 -0.138718 -0.095500
v -0.596178 -0.121723 -0.095599
v -0.548265 -0.160098 -0.175240
v -0.559654 -0.170734 -0.139167
v -0.424876 -0.001660 -0.309352
v -0.470176 -0.014450 -0.272320
v -0.470026 0.023235 -0.261162
v -0.424678 0.048087 -0.294621
v -0.424678 0.048087 -0.294621
v -0.470026 0.023235 -0.261162
v -0.447212 0.017446 -0.241917
v -0.394768 0.039383 -0.265630
v -0.394768 0.039383 -0.265630
v -0.447212 0.017446 -0.241917
v -0.447374 -0.023313 -0.253986
v -0.394966 -0.010364 -0.280360
v -0.507659 0.003181 -0.168841
v -0.537039 -0.003813 -0.112033
v -0.537248 -0.056724 -0.127700
v -0.507834 -0.041062 -0.181941
v -0.533831 0.009323 -0.189232
v -0.534007 -0.034920 -0.202333
v -0.565069 -0.048723 -0.154344
v -0.564858 0.004187 -0.138676
v -0.507659 0.003181 -0.168841
v -0.533831 0.009323 -0.189232
v -0.564858 0.004187 -0.138676
v -0.537039 -0.003813 -0.112033
v -0.479902 0.012664 -0.209724
v -0.480075 -0.030959 -0.222642
v -0.504611 -0.023556 -0.241104
v -0.504445 0.018377 -0.228687
v -0.504445 0.018377 -0.228687
v -0.479902 0.012664 -0.209724
v 0.583732 0.166405 0.351108
v 0.573227 0.157151 0.382504
v 0.565822 0.225991 0.402916
v 0.577779 0.236523 0.367188
v 0.583964 0.147841 0.413803
v 0.578044 0.215396 0.438535
v 0.611847 0.142030 0.433052
v 0.609775 0.208783 0.460441
v 0.646222 0.141939 0.432897
v 0.648893 0.208680 0.460264
v 0.673961 0.147603 0.413400
v 0.680458 0.215125 0.438074
v 0.684465 0.156857 0.382003
v 0.692415 0.225657 0.402346
v 0.673727 0.166168 0.350704
v 0.680194 0.236253 0.366728
v 0.645845 0.171978 0.331454
v 0.648464 0.242865 0.344822
v 0.611470 0.172069 0.331609
v 0.609346 0.242968 0.344999
v 0.611470 0.172069 0.331609
v 0.609346 0.242968 0.344999
v 0.587525 0.233346 0.373581
v 0.577841 0.224815 0.402523
v 0.570079 0.268814 0.415581
v 0.581263 0.278666 0.382160
v 0.587741 0.216231 0.431377
v 0.581512 0.258902 0.448900
v 0.613444 0.210875 0.449121
v 0.611193 0.252717 0.469391
v 0.645132 0.210792 0.448978
v 0.647787 0.252620 0.469226
v 0.670703 0.216013 0.431003
v 0.677314 0.258649 0.448469
v 0.680388 0.224545 0.402063
v 0.688499 0.268501 0.415049
v 0.670488 0.233128 0.373209
v 0.677066 0.278412 0.381728
v 0.644786 0.238484 0.355464
v 0.647385 0.284598 0.361238
v 0.613096 0.238568 0.355606
v 0.610792 0.284694 0.361403
v 0.587525 0.233346 0.373581
v 0.581263 0.278666 0.382160
v 0.597095 0.145648 0.355785
v 0.590033 0.141634 0.378018
v 0.584399 0.159556 0.383175
v 0.592798 0.166954 0.358081
v 0.597418 0.135232 0.399540
v 0.592983 0.152115 0.408192
v 0.616428 0.128886 0.412135
v 0.615269 0.147472 0.423576
v 0.639802 0.125022 0.410987
v 0.642744 0.147399 0.423454
v 0.658613 0.125115 0.396537
v 0.664914 0.151925 0.407867
v 0.665674 0.129128 0.374306
v 0.673312 0.159323 0.382774
v 0.658290 0.135530 0.352782
v 0.664729 0.166764 0.357758
v 0.639279 0.141876 0.340189
v 0.642442 0.171408 0.342372
v 0.615905 0.145741 0.341337
v 0.614967 0.171480 0.342495
v 0.590627 0.098221 0.353109
v 0.586994 0.099920 0.370170
v 0.592377 0.095253 0.385858
v 0.604720 0.086003 0.394181
v 0.619308 0.075702 0.391959
v 0.630570 0.068286 0.380041
v 0.634203 0.066587 0.362979
v 0.628821 0.071254 0.347292
v 0.616478 0.080504 0.338969
v 0.601890 0.090805 0.341191
v 0.572829 0.045447 0.352730
v 0.571016 0.047269 0.363509
v 0.574397 0.044338 0.373362
v 0.581680 0.037773 0.378526
v 0.590082 0.030082 0.377028
v 0.596396 0.024201 0.369440
v 0.598208 0.022379 0.358661
v 0.594828 0.025310 0.348808
v 0.587543 0.031875 0.343644
v 0.579143 0.039567 0.345143
v 0.550881 -0.001886 0.364882
v 0.550881 -0.001886 0.364882
v 0.554020 -0.006835 0.365304
v 0.598965 0.034153 0.386974
v 0.576929 0.053607 0.384900
v 0.554020 -0.006835 0.365304
v 0.555469 -0.010320 0.360799
v 0.612228 0.022306 0.363478
v 0.598965 0.034153 0.386974
v 0.553779 -0.008855 0.355873
v 0.550640 -0.003904 0.355450
v 0.581420 0.049364 0.335838
v 0.603456 0.029911 0.337912
v 0.550640 -0.003904 0.355450
v 0.549191 -0.000421 0.359957
v 0.568156 0.061213 0.359335
v 0.581420 0.049364 0.335838
v -0.276642 0.390204 -0.393161
v -0.257622 0.382005 -0.365727
v -0.262117 0.449134 -0.339576
v -0.283762 0.458465 -0.370796
v -0.225403 0.378484 -0.354269
v -0.225453 0.445127 -0.326536
v -0.192294 0.380988 -0.363167
v -0.187773 0.447976 -0.336662
v -0.170938 0.388558 -0.389018
v -0.163471 0.456591 -0.366081
v -0.169495 0.398303 -0.421951
v -0.161830 0.467682 -0.403559
v -0.188516 0.406503 -0.449387
v -0.183474 0.477013 -0.434782
v -0.220735 0.410023 -0.460844
v -0.220139 0.481019 -0.447820
v -0.253844 0.407520 -0.451946
v -0.257818 0.478171 -0.437695
v -0.275199 0.399950 -0.426095
v -0.282120 0.469556 -0.408276
v -0.275199 0.399950 -0.426095
v -0.282120 0.469556 -0.408276
v -0.169495 0.398303 -0.421951
v -0.272187 0.458195 -0.374248
v -0.254653 0.450637 -0.348956
v -0.259407 0.492868 -0.329966
v -0.279656 0.501596 -0.359171
v -0.224952 0.447392 -0.338394
v -0.225112 0.489120 -0.317769
v -0.194430 0.449700 -0.346596
v -0.189865 0.491783 -0.327239
v -0.174745 0.456678 -0.370427
v -0.167132 0.499843 -0.354759
v -0.173414 0.465663 -0.400786
v -0.165596 0.510218 -0.389818
v -0.190948 0.473221 -0.426078
v -0.185844 0.518946 -0.419025
v -0.220648 0.476467 -0.436641
v -0.220140 0.522694 -0.431221
v -0.251171 0.474159 -0.428438
v -0.255388 0.520029 -0.421750
v -0.270857 0.467181 -0.404607
v -0.278120 0.511970 -0.394230
v -0.272187 0.458195 -0.374248
v -0.279656 0.501596 -0.359171
v -0.260221 0.373524 -0.402294
v -0.247077 0.370264 -0.382882
v -0.250678 0.386898 -0.373401
v -0.265879 0.393452 -0.395329
v -0.224921 0.367843 -0.375004
v -0.224925 0.384085 -0.364243
v -0.202219 0.367185 -0.381667
v -0.198461 0.386085 -0.371355
v -0.187640 0.368542 -0.400329
v -0.181392 0.392136 -0.392018
v -0.186754 0.371395 -0.423861
v -0.180240 0.399926 -0.418340
v -0.199899 0.374654 -0.443271
v -0.195442 0.406479 -0.440269
v -0.222053 0.377075 -0.451150
v -0.221194 0.409293 -0.449426
v -0.244756 0.377733 -0.444485
v -0.247657 0.407292 -0.442316
v -0.259334 0.376376 -0.425826
v -0.264726 0.401242 -0.421653
v -0.255805 0.325825 -0.404199
v -0.245656 0.328356 -0.390135
v -0.229509 0.326591 -0.384393
v -0.213527 0.321205 -0.389164
v -0.203819 0.314252 -0.402626
v -0.204091 0.308390 -0.419640
v -0.214238 0.305858 -0.433703
v -0.230387 0.307623 -0.439446
v -0.246369 0.313010 -0.434674
v -0.256077 0.319962 -0.421211
v -0.255560 0.270639 -0.396676
v -0.249012 0.273073 -0.388074
v -0.238870 0.271965 -0.384467
v -0.229007 0.267738 -0.387234
v -0.223191 0.262007 -0.395316
v -0.223644 0.256959 -0.405629
v -0.230191 0.254525 -0.414231
v -0.240332 0.255634 -0.417837
v -0.250197 0.259861 -0.415071
v -0.256012 0.265593 -0.406989
v -0.249710 0.221049 -0.377275
v -0.246343 0.216992 -0.379870
v -0.211091 0.268926 -0.395032
v -0.230684 0.282664 -0.377836
v -0.246343 0.216992 -0.379870
v -0.248048 0.213489 -0.384271
v -0.217813 0.258063 -0.421585
v -0.211091 0.268926 -0.395032
v -0.253119 0.214043 -0.386074
v -0.256486 0.218101 -0.383478
v -0.263726 0.274676 -0.413749
v -0.244132 0.260939 -0.430944
v -0.256486 0.218101 -0.383478
v -0.254781 0.221603 -0.379077
v -0.257002 0.285540 -0.387195
v -0.263726 0.274676 -0.413749
v -0.254781 0.221603 -0.379077
v -0.217813 0.258063 -0.421585
v -0.244132 0.260939 -0.430944
v -0.230684 0.282664 -0.377836
v -0.069037 -0.039112 -0.665973
v -0.058335 -0.022510 -0.722185
v -0.065329 0.134075 -0.673722
v -0.075360 0.118517 -0.621043
v -0.316633 -0.035194 -0.675885
v -0.265687 -0.056366 -0.605068
v -0.259647 0.102346 -0.563966
v -0.311093 0.123213 -0.633747
v -0.207065 -0.065779 -0.574067
v -0.204712 0.093526 -0.534913
v -0.148885 -0.062342 -0.586453
v -0.150189 0.096747 -0.546521
v -0.104546 -0.051951 -0.622137
v -0.108636 0.106484 -0.579961
v -0.169681 0.107193 -0.581537
v -0.138071 0.114647 -0.607133
v -0.143681 0.305877 -0.556904
v -0.170858 0.299469 -0.534899
v -0.204570 0.104995 -0.573645
v -0.200852 0.297579 -0.528113
v -0.240957 0.110738 -0.592556
v -0.232133 0.302518 -0.544371
v -0.282329 0.126558 -0.645425
v -0.274280 0.317942 -0.595896
v -0.112593 0.123801 -0.638391
v -0.105691 0.133761 -0.672119
v -0.115843 0.322310 -0.612772
v -0.121777 0.313747 -0.583776
v -0.065329 0.134075 -0.673722
v -0.119417 0.858436 -0.371125
v -0.161954 0.848405 -0.336682
v -0.208904 0.845447 -0.326061
v -0.257868 0.853177 -0.351509
v -0.297339 0.869971 -0.407696
v -0.133973 0.331074 -0.642126
v -0.189272 0.342673 -0.680555
v -0.164279 0.908681 -0.540209
v -0.104223 0.897875 -0.504521
v -0.075844 0.884157 -0.458573
v -0.085133 0.870755 -0.413188
v 0.690548 -0.249754 0.035215
v 0.693099 -0.094586 0.088335
v 0.747621 -0.091365 0.076728
v 0.748727 -0.246317 0.022828
v 0.710268 -0.319965 0.272066
v 0.715279 -0.161410 0.313715
v 0.640602 -0.147302 0.267071
v 0.634530 -0.306006 0.225939
v 0.608239 -0.131914 0.215537
v 0.599998 -0.289586 0.170947
v 0.618268 -0.116355 0.162857
v 0.610699 -0.272982 0.114733
v 0.651546 -0.104322 0.121777
v 0.646208 -0.260144 0.070899
v 0.655502 -0.121640 0.180206
v 0.666191 0.067347 0.237797
v 0.688094 0.075217 0.210923
v 0.680980 -0.112485 0.148948
v 0.648600 -0.131600 0.213933
v 0.660256 0.058785 0.266792
v 0.669689 -0.141794 0.248079
v 0.678387 0.050021 0.296146
v 0.726358 -0.153162 0.285713
v 0.733686 0.038422 0.334575
v 0.783866 -0.108578 0.134370
v 0.776545 0.078577 0.198391
v 0.818693 0.063153 0.249916
v 0.825238 -0.124495 0.187211
v 0.747481 -0.102833 0.115460
v 0.745264 0.083516 0.182133
v 0.712591 -0.105031 0.123352
v 0.715270 0.081625 0.188917
v 0.747621 -0.091365 0.076728
v 0.783866 -0.108578 0.134370
v 0.802557 -0.100284 0.105751
v 0.825238 -0.124495 0.187211
v 0.854002 -0.121152 0.175533
v 0.715279 -0.161410 0.313715
v 0.726358 -0.153162 0.285713
v 0.633981 0.627684 0.398062
v 0.668265 0.640003 0.355999
v 0.624692 0.614282 0.443448
v 0.653071 0.600564 0.489396
v 0.713126 0.589758 0.525083
v 0.806715 0.645262 0.336383
v 0.846186 0.628468 0.392570
v 0.757752 0.652992 0.310934
v 0.710803 0.650033 0.321555
v 0.846186 0.628468 0.392570
v 0.713126 0.589758 0.525083
v 0.733686 0.038422 0.334575
v 0.818693 0.063153 0.249916
v 0.818693 0.063153 0.249916
v 0.726358 -0.153162 0.285713
v 0.825238 -0.124495 0.187211
v 0.854002 -0.121152 0.175533
v 0.825238 -0.124495 0.187211
v 0.726358 -0.153162 0.285713
v 0.715279 -0.161410 0.313715
v -0.731606 -0.231868 -0.006127
v -0.720905 -0.215265 -0.062339
v -0.727899 -0.058680 -0.013875
v -0.737929 -0.074240 0.038803
v -0.755438 -0.198845 -0.117332
v -0.760261 -0.043391 -0.065439
v -0.831176 -0.184886 -0.163458
v -0.834939 -0.029283 -0.112085
v -0.979203 -0.227950 -0.016040
v -0.928257 -0.249122 0.054777
v -0.922217 -0.090409 0.095880
v -0.973662 -0.069542 0.026098
v -0.869634 -0.258534 0.085778
v -0.867281 -0.099230 0.124933
v -0.811455 -0.255097 0.073394
v -0.812758 -0.096009 0.113326
v -0.767114 -0.244707 0.037709
v -0.771205 -0.086271 0.079885
v -0.832250 -0.085562 0.078309
v -0.800640 -0.078110 0.052713
v -0.806250 0.113122 0.102942
v -0.833427 0.106714 0.124947
v -0.867139 -0.087761 0.086201
v -0.863420 0.104824 0.131733
v -0.903526 -0.082017 0.067290
v -0.894702 0.109762 0.115476
v -0.944898 -0.066199 0.014422
v -0.936850 0.125186 0.063949
v -0.789350 -0.048801 -0.046418
v -0.846018 -0.037530 -0.084083
v -0.851842 0.149917 -0.020710
v -0.796543 0.138319 0.017719
v -0.768260 -0.058995 -0.012273
v -0.778412 0.129555 0.047075
v -0.775163 -0.068955 0.021455
v -0.784347 0.120992 0.076069
v -0.727899 -0.058680 -0.013875
v -0.789350 -0.048801 -0.046418
v -0.760261 -0.043391 -0.065439
v -0.846018 -0.037530 -0.084083
v -0.834939 -0.029283 -0.112085
v -0.781985 0.665680 0.288721
v -0.824525 0.655650 0.323164
v -0.871474 0.652692 0.333785
v -0.920437 0.660421 0.308337
v -0.959908 0.677216 0.252151
v -0.826847 0.715926 0.119638
v -0.766792 0.705120 0.155325
v -0.738414 0.691402 0.201272
v -0.747702 0.678000 0.246658
v -0.311023 0.421492 -0.543530
v -0.184042 0.383632 -0.417371
v -0.183696 0.470714 -0.391587
v -0.310677 0.508574 -0.517744
v -0.158029 0.381073 -0.409080
v -0.091797 0.399990 -0.473851
v -0.091452 0.487072 -0.448065
v -0.157683 0.468156 -0.383295
v -0.024943 0.419867 -0.541875
v -0.024597 0.506948 -0.516089
v -0.158029 0.381073 -0.409080
v -0.157683 0.468156 -0.383295
v -0.181631 0.496326 -0.396744
v -0.303546 0.532534 -0.517393
v -0.158050 0.494006 -0.389227
v -0.098013 0.511153 -0.447940
v -0.158050 0.494006 -0.389227
v -0.037410 0.529171 -0.509604
v -0.304068 0.401152 -0.556296
v -0.182152 0.364943 -0.435648
v -0.098534 0.379771 -0.486845
v -0.037932 0.397789 -0.548506
v -0.158572 0.362623 -0.428130
v -0.158572 0.362623 -0.428130
v -0.972458 0.229066 0.115186
v -0.868546 0.197603 0.220051
v -0.868201 0.284685 0.245837
v -0.972113 0.316148 0.140973
v -0.829175 0.357732 -0.001377
v -0.720727 0.329550 0.092346
v -0.721072 0.242467 0.066559
v -0.829520 0.270649 -0.027163
v -0.842534 0.195044 0.228344
v -0.776303 0.213961 0.163572
v -0.775957 0.301043 0.189357
v -0.842190 0.282126 0.254129
v -0.709447 0.233837 0.095548
v -0.709103 0.320919 0.121333
v -0.709103 0.320919 0.121333
v -0.709447 0.233837 0.095548
v -0.842534 0.195044 0.228344
v -0.842190 0.282126 0.254129
v -0.866135 0.310296 0.240678
v -0.964983 0.340108 0.141325
v -0.835413 0.377803 0.012286
v -0.732451 0.350965 0.101541
v -0.842555 0.307977 0.248195
v -0.782517 0.325125 0.189481
v -0.842555 0.307977 0.248195
v -0.721916 0.343142 0.127818
v -0.721916 0.343142 0.127818
v -0.965504 0.208726 0.102422
v -0.866656 0.178914 0.201775
v -0.732972 0.219583 0.062637
v -0.835934 0.246421 -0.026617
v -0.722437 0.211760 0.088915
v -0.783040 0.193742 0.150578
v -0.722437 0.211760 0.088915
v -0.843076 0.176595 0.209291
v -0.843076 0.176595 0.209291
v -0.902232 0.358364 0.078833
v -0.835413 0.377803 0.012286
v -0.835934 0.246421 -0.026617
v -0.902753 0.226981 0.039928
v -0.964983 0.340108 0.141325
v -0.965504 0.208726 0.102422
v -0.829175 0.357732 -0.001377
v -0.829520 0.270649 -0.027163
v -0.972458 0.229066 0.115186
v -0.972113 0.316148 0.140973
v 0.714487 0.136992 0.403527
v 0.714832 0.224073 0.429312
v 0.578534 0.259223 0.312433
v 0.578189 0.172142 0.286647
v 0.568560 0.179466 0.262039
v 0.568906 0.266548 0.287825
v 0.633898 0.285807 0.221910
v 0.633552 0.198726 0.196126
v 0.702258 0.305268 0.155275
v 0.701913 0.218186 0.129490
v 0.568906 0.266548 0.287825
v 0.568560 0.179466 0.262039
v 0.721122 0.248267 0.428889
v 0.590759 0.282018 0.316653
v 0.582029 0.288658 0.294345
v 0.582029 0.288658 0.294345
v 0.640945 0.306117 0.234596
v 0.702913 0.323757 0.174192
v 0.590238 0.150636 0.277749
v 0.720600 0.116885 0.389986
v 0.702391 0.192375 0.135289
v 0.640424 0.174734 0.195693
v 0.581507 0.157276 0.255442
v 0.581507 0.157276 0.255442
v 0.783873 0.266522 0.366397
v 0.783351 0.135139 0.327493
v 0.850171 0.154579 0.260948
v 0.850693 0.285962 0.299850
v 0.721122 0.248267 0.428889
v 0.720600 0.116885 0.389986
v 0.857770 0.265657 0.286962
v 0.857424 0.178576 0.261176
v 0.714832 0.224073 0.429312
v 0.714487 0.136992 0.403527
v -0.084605 0.326215 -0.443950
v -0.059769 0.339195 -0.466956
v -0.041420 0.334107 -0.450018
v -0.066256 0.321126 -0.427013
v -0.035432 0.344630 -0.491688
v -0.017083 0.339541 -0.474750
v -0.043137 0.335584 -0.450889
v -0.058103 0.327661 -0.437057
v -0.057552 0.298612 -0.448184
v -0.043546 0.305433 -0.461306
v -0.042804 0.278051 -0.473414
v -0.034059 0.291134 -0.478142
v -0.015242 0.273920 -0.507445
v -0.013498 0.286607 -0.501675
v -0.058446 0.339830 -0.465023
v -0.057131 0.309200 -0.473848
v -0.071138 0.302379 -0.460724
v -0.073413 0.331907 -0.451190
v -0.045641 0.294346 -0.488835
v -0.053607 0.281047 -0.483385
v -0.024539 0.289669 -0.511866
v -0.023075 0.276092 -0.514676
v -0.073413 0.331907 -0.451190
v -0.071138 0.302379 -0.460724
v -0.057552 0.298612 -0.448184
v -0.058103 0.327661 -0.437057
v -0.057131 0.309200 -0.473848
v -0.058446 0.339830 -0.465023
v -0.043137 0.335584 -0.450889
v -0.043546 0.305433 -0.461306
v -0.053607 0.281047 -0.483385
v -0.042804 0.278051 -0.473414
v -0.045641 0.294346 -0.488835
v -0.034059 0.291134 -0.478142
v -0.023075 0.276092 -0.514676
v -0.015242 0.273920 -0.507445
v -0.024539 0.289669 -0.511866
v -0.013498 0.286607 -0.501675
v -0.131658 0.382440 -0.433705
v -0.032937 0.348701 -0.344433
v 0.053609 0.373879 -0.430624
v -0.045112 0.407618 -0.519897
v -0.045260 0.370135 -0.530997
v 0.053525 0.352657 -0.436908
v -0.033020 0.327479 -0.350717
v -0.131808 0.344956 -0.444805
v 0.067719 0.327126 -0.249663
v 0.154267 0.352305 -0.335854
v 0.154118 0.314867 -0.346939
v 0.067571 0.289689 -0.260748
v 0.045888 0.290027 -0.323491
v 0.070723 0.303009 -0.346495
v 0.089072 0.297920 -0.329557
v 0.064236 0.284939 -0.306553
v 0.095061 0.308443 -0.371227
v 0.113410 0.303355 -0.354290
v 0.087357 0.299397 -0.330429
v 0.072390 0.291473 -0.316596
v 0.072940 0.262425 -0.327723
v 0.086947 0.269245 -0.340847
v 0.087688 0.241864 -0.352954
v 0.096435 0.254947 -0.357683
v 0.115251 0.237734 -0.386986
v 0.116995 0.250420 -0.381213
v 0.072045 0.303644 -0.344563
v 0.073362 0.273013 -0.353386
v 0.059356 0.266192 -0.340263
v 0.057078 0.295719 -0.330730
v 0.084851 0.258159 -0.368375
v 0.076886 0.244859 -0.362926
v 0.105954 0.253483 -0.391407
v 0.107419 0.239905 -0.394214
v 0.057078 0.295719 -0.330730
v 0.059356 0.266192 -0.340263
v 0.072940 0.262425 -0.327723
v 0.072390 0.291473 -0.316596
v 0.073362 0.273013 -0.353386
v 0.072045 0.303644 -0.344563
v 0.087357 0.299397 -0.330429
v 0.086947 0.269245 -0.340847
v 0.076886 0.244859 -0.362926
v 0.087688 0.241864 -0.352954
v 0.084851 0.258159 -0.368375
v 0.096435 0.254947 -0.357683
v 0.107419 0.239905 -0.394214
v 0.115251 0.237734 -0.386986
v 0.105954 0.253483 -0.391407
v 0.116995 0.250420 -0.381213
v 0.515983 0.140786 -0.034434
v 0.496286 0.146249 -0.052616
v 0.429672 0.186142 0.031530
v 0.454503 0.198114 0.008227
v 0.474201 0.192653 0.026409
v 0.449369 0.180679 0.049712
v 0.478843 0.203837 -0.016421
v 0.498539 0.198374 0.001762
v 0.472373 0.193965 0.025377
v 0.457408 0.186667 0.039395
v 0.457917 0.162838 0.029750
v 0.471920 0.169177 0.016484
v 0.472573 0.146809 0.005752
v 0.481341 0.157998 0.000491
v 0.500041 0.144974 -0.027703
v 0.501913 0.155307 -0.022493
v 0.455936 0.198523 0.010205
v 0.457337 0.173221 0.003021
v 0.443332 0.166883 0.016287
v 0.440972 0.191225 0.024221
v 0.468907 0.161446 -0.010986
v 0.460977 0.150024 -0.004951
v 0.490059 0.158593 -0.033435
v 0.491634 0.147305 -0.035464
v 0.440972 0.191225 0.024221
v 0.443332 0.166883 0.016287
v 0.457917 0.162838 0.029750
v 0.457408 0.186667 0.039395
v 0.457337 0.173221 0.003021
v 0.455936 0.198523 0.010205
v 0.472373 0.193965 0.025377
v 0.471920 0.169177 0.016484
v 0.460977 0.150024 -0.004951
v 0.472573 0.146809 0.005752
v 0.468907 0.161446 -0.010986
v 0.481341 0.157998 0.000491
v 0.491634 0.147305 -0.035464
v 0.500041 0.144974 -0.027703
v 0.490059 0.158593 -0.033435
v 0.501913 0.155307 -0.022493
v 0.396739 0.228939 0.052032
v 0.490263 0.197754 0.136831
v 0.576809 0.222932 0.050641
v 0.483286 0.254117 -0.034159
v 0.483163 0.223190 -0.043316
v 0.576739 0.205424 0.045456
v 0.490193 0.180245 0.131647
v 0.396617 0.198012 0.042874
v 0.585613 0.176541 0.226379
v 0.672158 0.201720 0.140187
v 0.672036 0.170834 0.131042
v 0.585491 0.145656 0.217232
v 0.649101 0.103871 0.088450
v 0.629410 0.109332 0.070273
v 0.562797 0.149225 0.154420
v 0.587627 0.161197 0.131117
v 0.607319 0.155737 0.149293
v 0.582487 0.143765 0.172596
v 0.563359 0.169487 0.159895
v 0.562797 0.149225 0.154420
v 0.582487 0.143765 0.172596
v 0.583050 0.164026 0.178073
v 0.611967 0.166920 0.106468
v 0.631657 0.161460 0.124646
v 0.605491 0.157050 0.148261
v 0.590527 0.149751 0.162279
v 0.591036 0.125922 0.152635
v 0.605040 0.132262 0.139369
v 0.605693 0.109893 0.128637
v 0.614460 0.121082 0.123376
v 0.633162 0.108058 0.095183
v 0.635032 0.118391 0.100392
v 0.589061 0.161606 0.133094
v 0.590461 0.136305 0.125910
v 0.576457 0.129966 0.139177
v 0.574097 0.154308 0.147111
v 0.602031 0.124530 0.111902
v 0.594101 0.113108 0.117936
v 0.623182 0.121678 0.089454
v 0.624756 0.110389 0.087424
v 0.574097 0.154308 0.147111
v 0.576457 0.129966 0.139177
v 0.591036 0.125922 0.152635
v 0.590527 0.149751 0.162279
v 0.590461 0.136305 0.125910
v 0.589061 0.161606 0.133094
v 0.605491 0.157050 0.148261
v 0.605040 0.132262 0.139369
v 0.594101 0.113108 0.117936
v 0.605693 0.109893 0.128637
v 0.602031 0.124530 0.111902
v 0.614460 0.121082 0.123376
v 0.624756 0.110389 0.087424
v 0.633162 0.108058 0.095183
v 0.623182 0.121678 0.089454
v 0.635032 0.118391 0.100392
v 0.336190 -0.041106 -0.039471
v 0.335651 -0.037392 -0.052003
v 0.329582 0.014012 -0.034100
v 0.329955 0.011444 -0.025428
v 0.326947 -0.034425 -0.061909
v 0.323558 0.016065 -0.040952
v 0.313402 -0.033337 -0.065401
v 0.314188 0.016818 -0.043369
v 0.300189 -0.034543 -0.061150
v 0.305048 0.015984 -0.040428
v 0.292358 -0.037584 -0.050776
v 0.299629 0.013880 -0.033251
v 0.292358 -0.037584 -0.050776
v 0.292898 -0.041297 -0.038243
v 0.300002 0.011311 -0.024578
v 0.299629 0.013880 -0.033251
v 0.301602 -0.044264 -0.028340
v 0.306024 0.009258 -0.017727
v 0.315147 -0.045353 -0.024844
v 0.315396 0.008504 -0.015310
v 0.328359 -0.044146 -0.029097
v 0.324537 0.009340 -0.018251
v 0.314592 0.027717 -0.003751
v 0.302343 0.023978 -0.008554
v 0.294876 0.022620 -0.019312
v 0.295043 0.024163 -0.031914
v 0.295043 0.024163 -0.031914
v 0.302780 0.028015 -0.041548
v 0.315132 0.032707 -0.044533
v 0.327380 0.036446 -0.039730
v 0.334847 0.037804 -0.028973
v 0.334680 0.036262 -0.016371
v 0.326943 0.032408 -0.006736
v 0.064662 0.028270 -0.256803
v 0.056198 0.025448 -0.247163
v 0.062797 0.077085 -0.229421
v 0.068654 0.079036 -0.236090
v 0.055632 0.021601 -0.234161
v 0.062405 0.074422 -0.220424
v 0.063181 0.018195 -0.222762
v 0.067630 0.072067 -0.212540
v 0.075961 0.016534 -0.217322
v 0.076472 0.070917 -0.208775
v 0.089092 0.017251 -0.219920
v 0.085556 0.071413 -0.210574
v 0.089092 0.017251 -0.219920
v 0.097556 0.020072 -0.229562
v 0.091413 0.073366 -0.217242
v 0.085556 0.071413 -0.210574
v 0.098123 0.023920 -0.242564
v 0.091804 0.076028 -0.226240
v 0.090574 0.027324 -0.253962
v 0.086581 0.078384 -0.234126
v 0.077793 0.028986 -0.259401
v 0.077738 0.079533 -0.237887
v 0.091137 0.100273 -0.231362
v 0.097771 0.092339 -0.222326
v 0.096538 0.084600 -0.211677
v 0.087908 0.080012 -0.203490
v 0.087908 0.080012 -0.203490
v 0.075179 0.080327 -0.200887
v 0.063213 0.085425 -0.204864
v 0.056578 0.093359 -0.213903
v 0.057811 0.101098 -0.224549
v 0.066441 0.105686 -0.232737
v 0.079170 0.105371 -0.235340
v 0.299639 -0.213336 -0.001699
v 0.465719 -0.165021 -0.167096
v 0.481354 0.004468 -0.101886
v 0.315274 -0.043848 0.063511
v -0.014191 -0.126308 -0.291401
v 0.009279 -0.205656 0.034911
v -0.028137 -0.186713 -0.007458
v -0.007181 -0.121746 -0.009929
v 0.041843 -0.146565 0.045586
v -0.085551 -0.177172 -0.020348
v -0.082412 -0.109242 -0.026820
v -0.141040 -0.180674 0.001164
v -0.155116 -0.113832 0.001367
v -0.173403 -0.195882 0.048863
v -0.197522 -0.133760 0.063866
v -0.170282 -0.216990 0.104527
v -0.193433 -0.161415 0.136802
v -0.132867 -0.235932 0.146898
v -0.144408 -0.186234 0.192318
v -0.075451 -0.245473 0.159788
v -0.069175 -0.198738 0.209209
v -0.019964 -0.241971 0.138275
v 0.003527 -0.194150 0.181021
v 0.012400 -0.226762 0.090577
v 0.045933 -0.174221 0.118523
v 0.009279 -0.205656 0.034911
v 0.041843 -0.146565 0.045586
v 0.047366 -0.030723 0.090625
v 0.000012 -0.006748 0.036999
v -0.014368 -0.013153 0.058376
v 0.022689 -0.031913 0.100341
v -0.072656 0.005328 0.020685
v -0.071235 -0.003702 0.045611
v -0.142882 0.000895 0.047913
v -0.126192 -0.007171 0.066917
v -0.183843 -0.018353 0.108281
v -0.158246 -0.022234 0.114159
v -0.179891 -0.045066 0.178734
v -0.155154 -0.043139 0.169292
v -0.132538 -0.069041 0.232358
v -0.118096 -0.061900 0.211258
v -0.059871 -0.081118 0.248674
v -0.061229 -0.071351 0.224025
v 0.010356 -0.076684 0.221447
v -0.006274 -0.067882 0.202718
v 0.051316 -0.057436 0.161078
v 0.025781 -0.052818 0.155474
v 0.047366 -0.030723 0.090625
v 0.022689 -0.031913 0.100341
v 0.022689 -0.031913 0.100341
v -0.014368 -0.013153 0.058376
v -0.017028 -0.047019 0.045813
v 0.020221 -0.062521 0.088923
v -0.071235 -0.003702 0.045611
v -0.074065 -0.040438 0.032039
v -0.126192 -0.007171 0.066917
v -0.129103 -0.045287 0.052860
v -0.158246 -0.022234 0.114159
v -0.161120 -0.059717 0.100324
v -0.158246 -0.022234 0.114159
v -0.155154 -0.043139 0.169292
v -0.147068 -0.075237 0.152905
v -0.161120 -0.059717 0.100324
v -0.118096 -0.061900 0.211258
v -0.114312 -0.088867 0.190813
v -0.061229 -0.071351 0.224025
v -0.064159 -0.094656 0.202927
v -0.006274 -0.067882 0.202718
v -0.015761 -0.090391 0.184618
v 0.025781 -0.052818 0.155474
v 0.012392 -0.077701 0.142881
v 0.022689 -0.031913 0.100341
v 0.020221 -0.062521 0.088923
v -0.063985 -0.142420 0.237731
v 0.012725 -0.137578 0.207990
v 0.010356 -0.076684 0.221447
v -0.059871 -0.081118 0.248674
v -0.143363 -0.129228 0.219909
v -0.132538 -0.069041 0.232358
v -0.195089 -0.103041 0.161334
v -0.179891 -0.045066 0.178734
v -0.199403 -0.073862 0.084378
v -0.183843 -0.018353 0.108281
v -0.154661 -0.052836 0.018434
v -0.142882 0.000895 0.047913
v -0.077952 -0.047994 -0.011305
v -0.072656 0.005328 0.020685
v 0.001426 -0.061185 0.006516
v 0.000012 -0.006748 0.036999
v 0.053152 -0.087373 0.065091
v 0.047366 -0.030723 0.090625
v 0.057467 -0.116552 0.142048
v 0.053152 -0.087373 0.065091
v 0.047366 -0.030723 0.090625
v 0.051316 -0.057436 0.161078
v 0.259298 -0.219870 0.008459
v 0.155009 -0.211114 -0.019713
v 0.155258 -0.148415 -0.001147
v 0.259547 -0.157171 0.027025
v 0.230047 -0.186673 0.127055
v 0.125759 -0.177917 0.098883
v 0.125510 -0.240616 0.080316
v 0.229799 -0.249373 0.108489
v 0.155009 -0.211114 -0.019713
v 0.133122 -0.224940 0.027273
v 0.133370 -0.162241 0.045840
v 0.155258 -0.148415 -0.001147
v 0.252287 -0.234946 0.059465
v 0.259298 -0.219870 0.008459
v 0.259547 -0.157171 0.027025
v 0.252536 -0.172246 0.078031
v 0.158998 -0.142891 0.007409
v 0.252940 -0.150778 0.032786
v 0.139280 -0.155346 0.049735
v 0.158998 -0.142891 0.007409
v 0.226368 -0.177354 0.122893
v 0.132426 -0.169467 0.097516
v 0.252940 -0.150778 0.032786
v 0.246625 -0.164358 0.078734
v 0.230047 -0.186673 0.127055
v 0.226368 -0.177354 0.122893
v 0.229799 -0.249373 0.108489
v 0.125510 -0.240616 0.080316
v 0.125759 -0.177917 0.098883
v 0.132426 -0.169467 0.097516
v 0.199990 -0.197938 0.117882
v 0.148339 -0.184017 0.071561
v 0.049898 -0.207705 0.174204
v 0.101550 -0.221627 0.220527
v 0.148339 -0.184017 0.071561
v 0.199782 -0.250247 0.102393
v -0.029018 -0.237142 0.253351
v 0.022633 -0.251064 0.299673
v -0.084668 -0.253812 0.310393
v -0.033018 -0.267734 0.356715
v -0.037308 -0.104229 -0.214289
v -0.086840 -0.118396 -0.165779
v 0.016036 -0.147401 -0.069207
v 0.065568 -0.133233 -0.117715
v -0.087198 -0.208745 -0.192532
v -0.086840 -0.118396 -0.165779
v 0.065210 -0.223582 -0.144468
v -0.037667 -0.194578 -0.241042
v -0.037308 -0.104229 -0.214289
v 0.098520 -0.156207 0.012448
v 0.148053 -0.142040 -0.036061
v 0.156607 -0.187034 0.062755
v 0.206140 -0.172866 0.014247
v -0.155308 -0.150432 -0.220487
v -0.094072 -0.176044 -0.134810
v -0.093824 -0.113345 -0.116244
v -0.155059 -0.087733 -0.201920
v -0.065636 -0.070673 -0.260734
v -0.004401 -0.096285 -0.175057
v -0.004649 -0.158984 -0.193623
v -0.065885 -0.133373 -0.279299
v -0.094072 -0.176044 -0.134810
v -0.045903 -0.169515 -0.157507
v -0.045655 -0.106816 -0.138942
v -0.093824 -0.113345 -0.116244
v -0.115874 -0.140249 -0.255406
v -0.155308 -0.150432 -0.220487
v -0.155059 -0.087733 -0.201920
v -0.115626 -0.077549 -0.236840
v -0.092395 -0.103807 -0.121213
v -0.147558 -0.080735 -0.198391
v -0.049006 -0.097926 -0.141658
v -0.092395 -0.103807 -0.121213
v -0.067005 -0.065368 -0.251370
v -0.011844 -0.088439 -0.174190
v -0.147558 -0.080735 -0.198391
v -0.112036 -0.071563 -0.229845
v -0.065636 -0.070673 -0.260734
v -0.067005 -0.065368 -0.251370
v -0.065885 -0.133373 -0.279299
v -0.004649 -0.158984 -0.193623
v -0.004401 -0.096285 -0.175057
v -0.011844 -0.088439 -0.174190
v -0.367523 -0.167367 0.022245
v -0.316575 -0.181496 0.069276
v -0.216576 -0.144819 -0.028033
v -0.267524 -0.130690 -0.075065
v -0.367732 -0.219676 0.006755
v -0.136508 -0.129110 -0.110051
v -0.187457 -0.114982 -0.157082
v -0.080215 -0.164981 -0.181807
v -0.080007 -0.112673 -0.166318
v -0.080007 -0.112673 -0.166318
v -0.130956 -0.098545 -0.213350
v -0.131164 -0.150853 -0.228839
v -0.130956 -0.098545 -0.213350
v -0.393615 -0.254685 0.134786
v -0.287686 -0.248565 0.112697
v -0.287437 -0.185866 0.131264
v -0.393366 -0.191986 0.153351
v -0.416283 -0.161827 0.051805
v -0.310352 -0.155707 0.029718
v -0.310602 -0.218406 0.011152
v -0.416532 -0.224526 0.033239
v -0.287686 -0.248565 0.112697
v -0.291356 -0.233355 0.061381
v -0.291107 -0.170657 0.079948
v -0.287437 -0.185866 0.131264
v -0.412396 -0.240349 0.086622
v -0.393615 -0.254685 0.134786
v -0.393366 -0.191986 0.153351
v -0.412147 -0.177650 0.105187
v -0.293798 -0.177252 0.129520
v -0.389219 -0.182765 0.149417
v -0.297104 -0.163551 0.083296
v -0.293798 -0.177252 0.129520
v -0.409862 -0.155597 0.057944
v -0.314442 -0.150084 0.038048
v -0.389219 -0.182765 0.149417
v -0.406137 -0.169851 0.106031
v -0.416283 -0.161827 0.051805
v -0.409862 -0.155597 0.057944
v -0.416532 -0.224526 0.033239
v -0.310602 -0.218406 0.011152
v -0.310352 -0.155707 0.029718
v -0.314442 -0.150084 0.038048
v -0.141844 -0.269209 0.363158
v -0.091857 -0.255171 0.315080
v -0.193776 -0.215986 0.220554
v -0.243764 -0.230024 0.268632
v -0.275508 -0.202459 0.139524
v -0.325496 -0.216497 0.187603
v -0.333133 -0.185919 0.084439
v -0.383122 -0.199957 0.132518
v -0.030362 -0.329044 0.381039
v -0.033392 -0.298273 0.277162
v -0.033142 -0.235574 0.295727
v -0.030112 -0.266346 0.399604
v -0.138451 -0.266810 0.402626
v -0.141479 -0.236039 0.298749
v -0.141728 -0.298738 0.280183
v -0.138700 -0.329509 0.384060
v -0.033392 -0.298273 0.277162
v -0.086672 -0.296306 0.271233
v -0.086424 -0.233608 0.289798
v -0.033142 -0.235574 0.295727
v -0.083212 -0.331466 0.389928
v -0.030362 -0.329044 0.381039
v -0.030112 -0.266346 0.399604
v -0.082963 -0.268768 0.408494
v -0.038337 -0.229701 0.303227
v -0.035608 -0.257420 0.396800
v -0.086332 -0.227929 0.297887
v -0.038337 -0.229701 0.303227
v -0.133198 -0.257838 0.399522
v -0.135927 -0.230121 0.305951
v -0.035608 -0.257420 0.396800
v -0.083214 -0.259602 0.404806
v -0.138451 -0.266810 0.402626
v -0.133198 -0.257838 0.399522
v -0.138700 -0.329509 0.384060
v -0.141728 -0.298738 0.280183
v -0.141479 -0.236039 0.298749
v -0.135927 -0.230121 0.305951
v -0.342727 -0.236928 0.067263
v -0.212212 -0.255403 0.192919
v -0.086370 -0.190516 0.076090
v -0.216884 -0.172042 -0.049568
v -0.081838 -0.309275 0.308095
v 0.044005 -0.244389 0.191264
v 0.039247 -0.182247 -0.057507
v -0.091267 -0.163773 -0.183164
v 0.169622 -0.236120 0.057669
v -0.100128 -0.110718 -0.374561
v -0.080037 -0.094802 -0.428582
v -0.094824 -0.049582 -0.415099
v -0.112928 -0.063382 -0.368508
v -0.090018 -0.079005 -0.481795
v -0.102805 -0.036061 -0.461421
v -0.090018 -0.079005 -0.481795
v -0.123900 -0.064539 -0.530197
v -0.131573 -0.023823 -0.503912
v -0.102805 -0.036061 -0.461421
v -0.178457 -0.058651 -0.549350
v -0.178639 -0.019081 -0.521316
v -0.235446 -0.061963 -0.537398
v -0.228208 -0.022261 -0.511764
v -0.271769 -0.073773 -0.497029
v -0.260216 -0.032627 -0.477255
v -0.303737 -0.088744 -0.446040
v -0.288582 -0.045685 -0.433466
v -0.293810 -0.105039 -0.391142
v -0.280668 -0.059634 -0.385681
v -0.250759 -0.116118 -0.354305
v -0.243802 -0.068907 -0.353093
v -0.191755 -0.119960 -0.342120
v -0.192793 -0.071865 -0.341672
v -0.141185 -0.120669 -0.340404
v -0.148962 -0.072177 -0.339456
v -0.226592 -0.030142 -0.342963
v -0.264219 -0.024389 -0.366757
v -0.264219 -0.024389 -0.366757
v -0.278685 -0.011314 -0.407522
v -0.278685 -0.011314 -0.407522
v -0.260515 0.004247 -0.449411
v -0.237682 0.017480 -0.483652
v -0.237682 0.017480 -0.483652
v -0.195446 0.025236 -0.498312
v -0.151195 0.024913 -0.489088
v -0.151195 0.024913 -0.489088
v -0.119160 0.015471 -0.455604
v -0.119160 0.015471 -0.455604
v -0.104866 0.002828 -0.416127
v -0.113541 -0.012515 -0.373093
v -0.140785 -0.024569 -0.343112
v -0.140785 -0.024569 -0.343112
v -0.179800 -0.028331 -0.339469
v -0.264219 -0.024389 -0.366757
v -0.099614 -0.051828 -0.509817
v -0.046466 -0.043638 -0.519113
v -0.099614 -0.051828 -0.509817
v -0.095112 -0.009232 -0.497228
v -0.069925 -0.008805 -0.499706
v -0.069127 -0.053503 -0.385187
v -0.073628 -0.096099 -0.397776
v -0.020480 -0.087909 -0.407071
v -0.043938 -0.053075 -0.387664
v -0.282694 -0.073689 -0.312648
v -0.161006 -0.079703 -0.294093
v -0.164314 -0.125113 -0.285888
v -0.155865 -0.109929 -0.337621
v -0.154167 -0.070539 -0.316677
v -0.161006 -0.079703 -0.294093
v -0.275854 -0.064524 -0.335232
v -0.277551 -0.103914 -0.356176
v -0.286002 -0.119099 -0.304444
v -0.282694 -0.073689 -0.312648
v -0.042795 0.175232 -0.330566
v -0.030083 0.161789 -0.327584
v -0.041700 0.154449 -0.330747
v -0.051423 0.165149 -0.332938
v -0.030083 0.161789 -0.327584
v -0.030063 0.152438 -0.312300
v -0.041783 0.147045 -0.318889
v -0.041700 0.154449 -0.330747
v -0.030063 0.152438 -0.312300
v -0.042755 0.156529 -0.300003
v -0.051589 0.150343 -0.309223
v -0.041783 0.147045 -0.318889
v -0.042755 0.156529 -0.300003
v -0.055468 0.169973 -0.302986
v -0.061313 0.161045 -0.311414
v -0.051589 0.150343 -0.309223
v -0.055468 0.169973 -0.302986
v -0.055489 0.179324 -0.318268
v -0.061230 0.168447 -0.323272
v -0.061313 0.161045 -0.311414
v -0.055489 0.179324 -0.318268
v -0.042795 0.175232 -0.330566
v -0.051423 0.165149 -0.332938
v -0.061230 0.168447 -0.323272
v -0.042755 0.156529 -0.300003
v -0.147510 0.076107 -0.366365
v -0.140216 0.076867 -0.379584
v -0.146664 0.080464 -0.371512
v -0.147510 0.076107 -0.366365
v -0.136997 0.070243 -0.379524
v -0.184755 0.052999 -0.396630
v -0.179288 0.049950 -0.403475
v -0.176070 0.043325 -0.403413
v -0.185601 0.048642 -0.391485
v -0.139129 0.083592 -0.387909
v -0.140216 0.076867 -0.379584
v -0.136997 0.070243 -0.379524
v -0.135225 0.081205 -0.393097
v -0.179288 0.049950 -0.403475
v -0.178367 0.055650 -0.410533
v -0.174464 0.053263 -0.415720
v -0.176070 0.043325 -0.403413
v -0.144490 0.093914 -0.388165
v -0.143965 0.098032 -0.393512
v -0.182911 0.064400 -0.410748
v -0.182388 0.068520 -0.416095
v -0.150938 0.097511 -0.380093
v -0.154477 0.103896 -0.380353
v -0.188378 0.067450 -0.403905
v -0.191918 0.073835 -0.404165
v -0.152025 0.090786 -0.371766
v -0.156248 0.092933 -0.366778
v -0.189300 0.061749 -0.396846
v -0.193523 0.063896 -0.391861
v -0.082020 0.122538 -0.330402
v -0.090253 0.133110 -0.331931
v -0.124626 0.106463 -0.354826
v -0.118075 0.096038 -0.354044
v -0.073361 0.119139 -0.339525
v -0.082020 0.122538 -0.330402
v -0.118075 0.096038 -0.354044
v -0.110710 0.092522 -0.362551
v -0.072935 0.126310 -0.350175
v -0.073361 0.119139 -0.339525
v -0.110710 0.092522 -0.362551
v -0.109896 0.099432 -0.371842
v -0.081167 0.136880 -0.351705
v -0.072935 0.126310 -0.350175
v -0.109896 0.099432 -0.371842
v -0.116449 0.109857 -0.372624
v -0.089827 0.140281 -0.342584
v -0.081167 0.136880 -0.351705
v -0.116449 0.109857 -0.372624
v -0.123813 0.113372 -0.364118
v -0.090253 0.133110 -0.331931
v -0.089827 0.140281 -0.342584
v -0.123813 0.113372 -0.364118
v -0.124626 0.106463 -0.354826
v -0.152025 0.090786 -0.371766
v -0.146664 0.080464 -0.371512
v -0.146664 0.080464 -0.371512
v -0.140216 0.076867 -0.379584
v -0.140216 0.076867 -0.379584
v -0.139129 0.083592 -0.387909
v -0.139129 0.083592 -0.387909
v -0.144490 0.093914 -0.388165
v -0.144490 0.093914 -0.388165
v -0.150938 0.097511 -0.380093
v -0.150938 0.097511 -0.380093
v -0.152025 0.090786 -0.371766
v -0.161534 0.028083 -0.388821
v -0.173346 0.059257 -0.391089
v -0.182529 0.052441 -0.396808
v -0.174984 0.016859 -0.397467
v -0.138339 -0.016765 -0.399453
v -0.150055 -0.000218 -0.389613
v -0.174546 -0.010615 -0.403193
v -0.169979 -0.026626 -0.416222
v -0.112364 -0.003063 -0.384476
v -0.127124 0.013435 -0.376055
v -0.143302 0.041663 -0.377452
v -0.161661 0.068012 -0.383791
v -0.082633 0.038421 -0.361766
v -0.101712 0.044100 -0.357679
v -0.124558 0.055619 -0.365768
v -0.146067 0.079618 -0.374069
v -0.152965 0.031640 -0.407471
v -0.166414 0.020415 -0.416117
v -0.176543 0.054925 -0.409833
v -0.167361 0.061741 -0.404113
v -0.138339 -0.016765 -0.399453
v -0.169979 -0.026626 -0.416222
v -0.165976 -0.007058 -0.421840
v -0.141487 0.003339 -0.408264
v -0.112364 -0.003063 -0.384476
v -0.118555 0.016993 -0.394705
v -0.134731 0.045218 -0.396103
v -0.155675 0.070497 -0.396817
v -0.082633 0.038421 -0.361766
v -0.093143 0.047658 -0.376329
v -0.115988 0.059175 -0.384417
v -0.140081 0.082102 -0.387096
v -0.176543 0.054925 -0.409833
v -0.166414 0.020415 -0.416117
v -0.174984 0.016859 -0.397467
v -0.182529 0.052441 -0.396808
v -0.115988 0.059175 -0.384417
v -0.140081 0.082102 -0.387096
v -0.146067 0.079618 -0.374069
v -0.124558 0.055619 -0.365768
v 0.287923 0.373238 -0.271556
v 0.281278 0.374828 -0.259166
v 0.297566 0.364687 -0.249311
v 0.304638 0.362993 -0.262501
v 0.272103 0.367963 -0.250966
v 0.287799 0.357377 -0.240582
v 0.263903 0.355260 -0.250089
v 0.279069 0.343856 -0.239649
v 0.259809 0.341576 -0.256872
v 0.274711 0.329287 -0.246870
v 0.261386 0.332134 -0.268723
v 0.276389 0.319236 -0.259486
v 0.268031 0.330542 -0.281115
v 0.283463 0.317542 -0.272675
v 0.277206 0.337409 -0.289314
v 0.293228 0.324852 -0.281405
v 0.285404 0.350111 -0.290190
v 0.301958 0.338374 -0.282337
v 0.289498 0.363796 -0.283406
v 0.306317 0.352943 -0.275117
v 0.289498 0.363796 -0.283406
v 0.306317 0.352943 -0.275117
v 0.268880 0.385070 -0.273632
v 0.266263 0.383931 -0.263804
v 0.282203 0.370918 -0.260215
v 0.287858 0.369565 -0.270763
v 0.259947 0.378443 -0.257709
v 0.274394 0.365075 -0.253237
v 0.252346 0.370704 -0.257675
v 0.267415 0.354264 -0.252490
v 0.246360 0.363669 -0.263715
v 0.263932 0.342617 -0.258264
v 0.244278 0.360024 -0.273521
v 0.265273 0.334581 -0.268350
v 0.246895 0.361163 -0.283349
v 0.270928 0.333227 -0.278895
v 0.253210 0.366650 -0.289444
v 0.278736 0.339071 -0.285875
v 0.260812 0.374391 -0.289479
v 0.285715 0.349881 -0.286621
v 0.266798 0.381426 -0.283439
v 0.289200 0.361529 -0.280848
v 0.266798 0.381426 -0.283439
v 0.289200 0.361529 -0.280848
v 0.247977 0.407622 -0.270035
v 0.248089 0.403697 -0.263649
v 0.243984 0.399252 -0.259083
v 0.237227 0.395986 -0.258081
v 0.230404 0.395146 -0.261026
v 0.226116 0.397055 -0.266794
v 0.226003 0.400979 -0.273179
v 0.230109 0.405423 -0.277745
v 0.236864 0.408691 -0.278747
v 0.243689 0.409531 -0.275803
v 0.243689 0.409531 -0.275803
v 0.239931 0.425830 -0.256767
v 0.240357 0.422255 -0.253543
v 0.237968 0.419191 -0.250741
v 0.233678 0.417807 -0.249432
v 0.229125 0.418634 -0.250116
v 0.226047 0.421353 -0.252529
v 0.225621 0.424929 -0.255754
v 0.228010 0.427993 -0.258555
v 0.232298 0.429376 -0.259865
v 0.236852 0.428550 -0.259183
v 0.236852 0.428550 -0.259183
v 0.235517 0.438236 -0.237985
v 0.233273 0.438760 -0.237500
v 0.226523 0.412693 -0.250038
v 0.238637 0.412636 -0.249878
v 0.233273 0.438760 -0.237500
v 0.232222 0.440816 -0.238414
v 0.220605 0.420703 -0.257469
v 0.226523 0.412693 -0.250038
v 0.233415 0.442347 -0.239816
v 0.235660 0.441824 -0.240302
v 0.238916 0.428596 -0.264580
v 0.226800 0.428655 -0.264740
v 0.235660 0.441824 -0.240302
v 0.236711 0.439768 -0.239384
v 0.244833 0.420587 -0.257149
v 0.238916 0.428596 -0.264580
v 0.220605 0.420703 -0.257469
v 0.412314 0.335075 -0.163011
v 0.400088 0.332856 -0.180673
v 0.388212 0.335882 -0.171918
v 0.401157 0.337918 -0.154786
v 0.378114 0.328664 -0.163494
v 0.391672 0.331138 -0.146873
v 0.373655 0.313958 -0.158619
v 0.387484 0.317322 -0.142294
v 0.376537 0.297382 -0.159157
v 0.390192 0.301751 -0.142797
v 0.385660 0.285267 -0.164899
v 0.398760 0.290372 -0.148193
v 0.397537 0.282241 -0.173656
v 0.409918 0.287528 -0.156418
v 0.407634 0.289460 -0.182079
v 0.419403 0.294309 -0.164331
v 0.412093 0.304165 -0.186954
v 0.423591 0.308123 -0.168910
v 0.409210 0.320741 -0.186417
v 0.420884 0.323695 -0.168408
v 0.420884 0.323695 -0.168408
v 0.409210 0.320741 -0.186417
v 0.398760 0.290372 -0.148193
v 0.418402 0.339939 -0.141888
v 0.410499 0.331886 -0.163833
v 0.401005 0.334307 -0.156831
v 0.408766 0.340746 -0.138542
v 0.392932 0.328536 -0.150097
v 0.401587 0.335497 -0.133243
v 0.389367 0.316778 -0.146200
v 0.399610 0.326199 -0.128017
v 0.391673 0.303525 -0.146628
v 0.403587 0.316400 -0.124860
v 0.398964 0.293839 -0.151219
v 0.412001 0.309846 -0.124978
v 0.408462 0.291419 -0.158222
v 0.421639 0.309038 -0.128324
v 0.416532 0.297191 -0.164956
v 0.428818 0.314286 -0.133622
v 0.420098 0.308949 -0.168853
v 0.430797 0.323585 -0.138848
v 0.417794 0.322201 -0.168424
v 0.426818 0.333383 -0.142005
v 0.426818 0.333383 -0.142005
v 0.417794 0.322201 -0.168424
v 0.414970 0.353752 -0.115883
v 0.422214 0.355637 -0.115478
v 0.409472 0.349693 -0.112601
v 0.407823 0.345011 -0.106886
v 0.410650 0.341495 -0.100920
v 0.416876 0.340486 -0.096982
v 0.424121 0.342372 -0.096577
v 0.429617 0.346431 -0.099859
v 0.431268 0.351113 -0.105573
v 0.428440 0.354629 -0.111540
v 0.428440 0.354629 -0.111540
v 0.410919 0.371289 -0.102379
v 0.415047 0.373601 -0.101398
v 0.407443 0.368526 -0.100580
v 0.405950 0.366368 -0.096688
v 0.407008 0.365638 -0.092191
v 0.410214 0.366614 -0.088805
v 0.414344 0.368926 -0.087824
v 0.417818 0.371690 -0.089623
v 0.419312 0.373848 -0.093515
v 0.418253 0.374578 -0.098011
v 0.418253 0.374578 -0.098011
v 0.400798 0.388735 -0.091693
v 0.404707 0.362916 -0.102860
v 0.405321 0.359443 -0.091268
v 0.400567 0.388700 -0.089349
v 0.400567 0.388700 -0.089349
v 0.405321 0.359443 -0.091268
v 0.414953 0.363140 -0.084345
v 0.402075 0.390047 -0.087905
v 0.403810 0.391428 -0.088805
v 0.423971 0.370310 -0.089012
v 0.423356 0.373781 -0.100603
v 0.404042 0.391463 -0.091147
v 0.404042 0.391463 -0.091147
v 0.423356 0.373781 -0.100603
v 0.413724 0.370085 -0.107525
v 0.402536 0.390116 -0.092592
v -0.223342 0.476673 -0.386593
v -0.223761 0.476894 -0.387332
vn -0.693971 -0.201891 0.691118
vn 0.003806 0.958841 0.283919
vn 0.026339 0.952121 0.304583
vn -0.003806 -0.958841 -0.283919
vn 0.719993 -0.199662 0.664639
vn -0.719993 0.199662 -0.664639
vn -0.329469 0.937695 0.110354
vn 0.140828 0.793011 0.592706
vn 0.332860 0.886301 0.321986
vn 0.266711 0.272760 -0.924374
vn -0.256257 -0.273410 0.927135
vn 0.256128 0.273708 -0.927083
vn -0.364995 -0.728758 -0.579388
vn -0.719752 0.219849 -0.658501
vn 0.719897 -0.178036 0.670859
vn -0.715180 0.304204 -0.629268
vn 0.573337 -0.735591 0.360820
vn 0.319492 0.773858 0.546872
vn 0.273624 0.184071 -0.944059
vn -0.947079 -0.171058 0.271625
vn -0.592945 0.704766 -0.389513
vn 0.651183 0.233542 0.722094
vn 0.956463 0.002833 -0.291839
vn 0.634255 -0.721186 -0.278588
vn -0.041798 -0.917864 0.394687
vn -0.245529 -0.346851 0.905213
vn 0.159412 0.322017 0.933216
vn 0.810806 0.511521 0.284500
vn 0.710922 -0.344109 0.613334
vn 0.601871 -0.689485 0.402942
vn -0.710690 0.345962 -0.612560
vn -0.891343 -0.075629 0.446977
vn -0.750522 -0.632895 -0.190159
vn -0.032688 -0.424063 -0.905043
vn 0.417137 0.305036 -0.856125
vn 0.242294 0.931191 -0.272353
vn -0.513263 0.711383 0.480099
vn -0.654440 0.577071 -0.488567
vn -0.709149 -0.197593 0.676805
vn 0.684625 0.204450 -0.699635
vn -0.665361 -0.209333 0.716572
vn -0.665138 -0.209582 0.716705
vn 0.617546 0.220676 -0.754943
vn 0.617939 0.220971 -0.754536
vn 0.228832 0.848268 0.477575
vn 0.093787 -0.977052 -0.191244
vn -0.718842 0.248776 -0.649135
vn 0.118957 0.914541 0.386606
vn 0.032344 -0.967655 -0.250196
vn 0.717780 -0.118611 0.686093
vn -0.717650 0.271488 -0.641306
vn 0.060625 0.995992 0.065768
vn -0.008238 -0.888884 -0.458058
vn 0.015109 0.955588 0.294320
vn 0.022114 -0.965406 -0.259811
vn 0.221183 0.951467 0.213982
vn 0.183133 -0.941953 -0.281400
vn 0.693971 0.201891 -0.691118
vn 0.523955 -0.799973 0.292429
vn -0.513448 -0.534153 -0.671604
vn 0.712658 -0.055847 0.699285
vn -0.529146 -0.507936 -0.679710
vn 0.508084 -0.817434 0.271390
vn -0.711534 0.339097 -0.615413
vn -0.260915 0.965156 0.019952
vn -0.718284 0.260428 -0.645171
vn 0.704174 0.009855 0.709959
vn -0.491295 0.834477 -0.249554
vn -0.477814 -0.588916 -0.651822
vn 0.467606 0.603522 0.645837
vn 0.131255 0.908324 0.397139
vn -0.709963 0.351619 -0.610177
vn 0.353368 -0.931829 0.082618
vn 0.648465 0.241871 0.721797
vn -0.668239 -0.031070 0.743297
vn -0.498569 -0.720951 -0.481309
vn 0.249020 -0.950114 0.187810
vn 0.702494 -0.343038 0.623560
vn -0.739427 0.089651 -0.667241
vn -0.248751 0.510988 -0.822809
vn -0.248758 0.510906 -0.822857
vn -0.915743 0.249555 -0.314860
vn -0.915779 0.249525 -0.314780
vn 0.882902 0.196510 -0.426461
vn 0.064994 0.114509 -0.991294
vn -0.799809 -0.155102 -0.579870
vn -0.035846 -0.262926 0.964150
vn 0.833166 0.007742 0.552968
vn -0.190751 0.962382 0.193481
vn -0.827180 -0.156525 0.539698
vn -0.152651 0.911970 0.380800
vn 0.827180 0.156525 -0.539698
vn 0.584550 -0.232494 0.777334
vn -0.584550 0.232494 -0.777334
vn -0.013395 0.965247 0.260996
vn -0.020278 -0.951921 -0.305673
vn -0.817316 -0.306622 0.487829
vn 0.816108 0.002463 -0.577894
vn -0.568140 0.446161 -0.691490
vn 0.569885 -0.006422 0.821700
vn 0.006673 -0.956779 -0.290739
vn -0.920421 0.114347 -0.373833
vn -0.080676 0.967195 0.240884
vn 0.670798 0.208119 -0.711840
vn -0.826607 0.167102 -0.537399
vn 0.826642 -0.158472 0.539954
vn 0.556803 -0.400342 -0.727803
vn -0.577915 0.351780 0.736387
vn -0.813875 0.171190 -0.555250
vn 0.813900 -0.164669 0.557181
vn -0.533265 -0.738438 0.412720
vn 0.553399 0.702542 -0.447420
vn -0.827070 0.166815 -0.536776
vn 0.827104 -0.158376 0.539274
vn 0.558031 -0.400321 -0.726873
vn -0.579154 0.351898 0.735356
vn -0.816513 0.170049 -0.551716
vn 0.816539 -0.163721 0.553588
vn -0.538380 -0.736610 0.409332
vn 0.558633 0.700641 -0.443882
vn 0.928952 0.297919 -0.219758
vn -0.302769 0.202112 -0.931387
vn -0.951496 -0.138484 0.274731
vn 0.295386 -0.034411 0.954758
vn -0.314540 0.486440 -0.815132
vn -0.943087 -0.166227 0.288022
vn 0.323488 -0.332348 0.885946
vn 0.917332 0.323586 -0.231935
vn 0.232194 -0.037074 0.971963
vn 0.968325 -0.006061 -0.249622
vn -0.237919 0.204799 -0.949448
vn -0.941780 0.168255 0.291103
vn -0.927271 0.140010 0.347225
vn 0.300287 -0.337532 0.892132
vn 0.951530 0.023410 -0.306663
vn -0.291765 0.491165 -0.820750
vn -0.314495 0.486462 -0.815137
vn 0.300203 -0.337537 0.892159
vn -0.707102 -0.198183 0.678771
vn 0.711332 0.196959 -0.674695
vn -0.881310 0.275092 0.384211
vn 0.471554 -0.787831 -0.396181
vn -0.842015 -0.522688 0.133445
vn 0.662026 0.749469 -0.004200
vn -0.322517 0.108183 0.940361
vn -0.322601 0.108207 0.940330
vn 0.170965 -0.698036 -0.695354
vn 0.171040 -0.698069 -0.695302
vn -0.310141 -0.681553 0.662796
vn 0.244733 0.874091 -0.419608
vn 0.720000 -0.197553 0.665262
vn -0.693606 -0.175542 0.698639
vn -0.691515 -0.287083 0.662866
vn -0.693462 -0.169944 0.700164
vn -0.690287 -0.304734 0.656233
vn -0.057770 0.972401 0.226051
vn -0.717581 0.272614 -0.640905
vn 0.065353 0.938257 0.339709
vn -0.715741 0.089152 -0.692652
vn 0.718164 -0.125535 0.684457
vn 0.002654 0.959158 0.282857
vn -0.729912 0.196734 -0.654617
vn 0.729912 -0.196734 0.654617
vn -0.699995 -0.200206 0.685510
vn 0.699995 0.200206 -0.685510
vn 0.706394 0.198386 -0.679448
vn -0.706394 -0.198386 0.679448
vn -0.060763 0.944007 0.324283
vn 0.019906 0.931416 0.363412
vn -0.970757 0.032279 0.237883
vn 0.075286 -0.921301 -0.381493
vn 0.835189 0.549465 0.023393
vn 0.835234 0.549398 0.023366
vn -0.011024 0.927729 0.373093
vn 0.156024 0.458479 -0.874902
vn -0.004340 -0.959322 -0.282282
vn -0.139145 0.185897 0.972667
vn 0.615086 0.672912 0.410925
vn -0.790753 -0.421646 -0.443761
vn 0.405580 -0.669493 0.622322
vn 0.830900 -0.480877 -0.279933
vn 0.578273 0.281492 -0.765743
vn -0.037868 0.901155 -0.431839
vn -0.037798 0.901180 -0.431794
vn -0.479373 0.712280 0.512698
vn -0.223988 -0.092405 0.970201
vn 0.226496 -0.809495 0.541680
vn 0.673948 -0.615283 -0.408927
vn 0.391309 0.181038 -0.902276
vn -0.269135 0.781269 -0.563192
vn -0.713952 0.587370 0.381141
vn -0.432807 -0.203084 0.878314
vn -0.757967 0.457278 -0.465170
vn 0.827595 -0.150385 0.540805
vn -0.823548 0.560192 -0.089182
vn 0.293688 0.510290 0.808302
vn 0.293612 0.510256 0.808351
vn 0.006461 -0.677511 -0.735485
vn 0.006532 -0.677591 -0.735410
vn 0.604551 0.079436 0.792596
vn -0.591266 0.243081 -0.768971
vn 0.276705 0.255081 0.926482
vn -0.637691 0.768571 -0.051470
vn -0.637745 0.768531 -0.051402
vn 0.508882 -0.816837 -0.271690
vn 0.508785 -0.816871 -0.271771
vn -0.241835 -0.290207 0.925903
vn 0.241534 0.290896 -0.925765
vn 0.241618 0.290413 -0.925895
vn -0.477264 0.251623 -0.841965
vn 0.477545 -0.250814 0.842047
vn 0.477350 -0.251419 0.841977
vn 0.266711 0.272856 -0.924346
vn -0.266625 -0.272479 0.924482
vn -0.266709 -0.272280 0.924516
vn -0.256172 -0.273321 0.927185
vn 0.256042 0.273715 -0.927105
vn 0.256259 0.273889 -0.926993
vn -0.647808 -0.370300 0.665750
vn -0.656532 -0.010575 0.754224
vn -0.717844 -0.264503 0.644002
vn -0.811968 -0.157471 0.562059
vn -0.721392 -0.179834 0.668770
vn -0.582108 -0.087911 0.808345
vn 0.718526 0.027195 -0.694968
vn 0.665441 0.137924 -0.733598
vn 0.702273 0.384730 -0.598995
vn 0.553383 0.239739 -0.797679
vn 0.778597 0.307947 -0.546768
vn 0.665344 0.223598 -0.712265
vn 0.683042 0.118993 0.720621
vn 0.481351 0.583750 0.653864
vn 0.565015 0.442255 0.696540
vn 0.159811 0.892748 0.421262
vn 0.695741 0.319822 -0.643163
vn 0.659438 0.181097 -0.729620
vn 0.698664 0.228537 -0.677967
vn -0.701190 -0.246803 0.668896
vn -0.675089 -0.232675 0.700084
vn -0.669063 -0.172601 0.722886
vn -0.212712 0.971374 0.105765
vn -0.159979 0.937379 0.309400
vn -0.214510 0.965913 0.144903
vn -0.155013 0.931887 0.327959
vn 0.220057 0.865984 0.449051
vn 0.251735 0.740656 0.622943
vn 0.014928 0.905571 0.423932
vn -0.202180 0.978900 -0.029631
vn -0.107590 0.993746 0.029898
vn 0.094664 0.986462 0.133906
vn -0.353456 0.933041 0.067107
vn 0.131279 0.890924 0.434765
vn 0.153483 0.937086 0.313549
vn 0.319929 0.788351 0.525498
vn -0.576278 0.294650 -0.762289
vn -0.612299 0.274914 -0.741291
vn -0.581762 0.301783 -0.755301
vn 0.826597 -0.134247 0.546549
vn 0.834780 -0.137020 0.533261
vn 0.806203 -0.163436 0.568618
vn 0.805490 -0.138754 0.576136
vn 0.796811 -0.136763 0.588547
vn 0.828815 -0.125336 0.545304
vn -0.593383 0.306121 -0.744437
vn -0.598177 0.321430 -0.734075
vn -0.625737 0.294666 -0.722237
vn 0.771562 -0.211674 0.599906
vn 0.753572 -0.240749 0.611693
vn 0.786223 -0.170544 0.593943
vn -0.649279 0.252832 -0.717296
vn -0.639489 0.245297 -0.728617
vn -0.675607 0.188205 -0.712835
vn 0.651294 -0.224996 0.724702
vn 0.641031 -0.237342 0.729896
vn 0.676334 -0.275379 0.683183
vn -0.770822 0.194285 -0.606702
vn -0.753386 0.177155 -0.633266
vn -0.785547 0.224545 -0.576624
vn 0.595537 -0.196020 0.779045
vn 0.600322 -0.178081 0.779680
vn 0.628143 -0.192660 0.753869
vn -0.804806 0.241074 -0.542375
vn -0.796305 0.249455 -0.551063
vn -0.828234 0.234689 -0.508871
vn 0.578197 -0.215106 0.787031
vn 0.613767 -0.220157 0.758169
vn 0.583717 -0.205698 0.785470
vn -0.826150 0.228111 -0.515210
vn -0.834042 0.218775 -0.506469
vn -0.806399 0.216803 -0.550197
vn -0.662805 0.517937 0.540769
vn -0.849721 0.398085 0.345692
vn -0.871678 0.148202 0.467134
vn -0.685530 0.183628 0.704507
vn -0.672599 0.199307 0.712662
vn -0.681357 0.166260 0.712819
vn -0.684613 0.206408 0.699072
vn -0.656990 0.209948 0.724076
vn -0.631834 0.175580 0.754955
vn -0.674311 0.178254 0.716611
vn -0.671934 0.179328 0.718573
vn -0.677399 0.143656 0.721453
vn -0.697238 0.168326 0.696797
vn -0.634920 0.120509 0.763121
vn -0.699990 0.087219 0.708806
vn -0.738047 0.155941 0.656482
vn -0.684256 0.166159 0.710060
vn 0.688703 0.652086 -0.316974
vn 0.594716 0.787659 0.160952
vn 0.915743 -0.249555 0.314860
vn 0.394124 0.655903 0.643784
vn 0.166284 0.307152 0.937020
vn -0.003349 -0.110217 0.993902
vn -0.085217 -0.509197 0.856421
vn -0.085280 -0.509180 0.856425
vn -0.067395 -0.837985 0.541516
vn 0.062220 -0.995866 0.066174
vn 0.270518 -0.860724 -0.431248
vn 0.468244 -0.487399 -0.737014
vn 0.605754 -0.053099 -0.793878
vn 0.681940 0.343301 -0.645835
vn 0.269698 0.913245 0.305362
vn 0.121514 0.931432 0.343028
vn 0.166689 0.912014 0.374761
vn 0.103240 0.931326 0.349247
vn -0.086538 0.971015 0.222805
vn -0.093575 0.973967 0.206474
vn -0.173180 0.973788 0.147467
vn -0.170850 0.982625 0.072518
vn 0.142955 0.889162 0.434689
vn -0.225276 0.958720 0.173515
vn 0.248543 0.764720 0.594500
vn 0.281926 0.831141 0.479294
vn 0.122845 0.917050 0.379380
vn 0.159035 0.908988 0.385291
vn 0.391793 0.816718 0.423639
vn -0.105596 0.969564 0.220895
vn -0.163276 0.970520 0.177292
vn -0.202914 0.957640 0.204334
vn -0.087301 0.971547 0.220170
vn -0.160170 0.978685 0.128537
vn 0.407224 0.811439 0.419208
vn 0.110471 0.917106 0.383030
vn 0.200748 0.855114 0.477996
vn 0.082241 0.921667 0.379166
vn -0.092486 0.971434 0.218545
vn -0.104095 0.968609 0.225744
vn -0.214753 0.961133 0.173506
vn -0.208899 0.969095 0.131209
vn 0.124479 0.738097 0.663112
vn -0.308495 0.929481 0.202225
vn 0.667035 -0.494481 -0.557272
vn 0.558495 -0.822054 -0.110958
vn 0.168369 -0.795428 -0.582191
vn 0.261000 -0.333732 -0.905816
vn -0.272959 -0.482774 -0.832119
vn -0.421535 -0.817762 -0.391884
vn 0.005266 -0.999881 -0.014483
vn 0.067774 0.383892 0.920887
vn 0.431331 0.673057 0.600790
vn -0.168369 0.795428 0.582191
vn 0.229151 0.964609 0.130461
vn -0.355430 0.934673 0.007439
vn -0.692816 0.628114 0.354230
vn -0.477211 0.366290 0.798813
vn 0.871809 -0.412789 0.263733
vn 0.537397 -0.801689 0.261724
vn 0.767227 -0.595517 -0.238166
vn 0.975106 -0.136519 -0.174731
vn 0.741230 -0.209362 -0.637766
vn 0.399758 -0.593826 -0.698257
vn 0.289153 -0.927997 -0.234971
vn -0.871666 0.131370 0.472165
vn -0.534556 0.409370 0.739368
vn -0.767227 0.595517 0.238166
vn -0.289031 0.829361 0.478144
vn -0.401493 0.910723 -0.096884
vn -0.743025 0.582128 -0.330213
vn -0.974777 0.219136 -0.042294
vn -0.943414 0.049416 0.327914
vn -0.306532 -0.120372 0.944219
vn -0.859552 0.048731 0.508720
vn 0.300908 -0.137845 0.943638
vn 0.940136 0.054657 0.336388
vn 0.474662 -0.065823 0.877704
vn 0.944469 0.213099 -0.250134
vn 0.307685 0.410898 -0.858191
vn 0.860934 0.311612 -0.402108
vn 0.296418 0.833133 0.466933
vn 0.349038 0.898883 0.264919
vn 0.272868 0.958855 0.078361
vn 0.104189 0.994019 -0.032723
vn -0.100543 0.994284 -0.035931
vn -0.276306 0.958275 0.073241
vn -0.357109 0.895264 0.266411
vn -0.298489 0.827456 0.475628
vn -0.112601 0.784687 0.609580
vn 0.120544 0.787571 0.604319
vn 0.351290 0.920460 0.171318
vn 0.218182 0.975886 0.006556
vn 0.017538 0.998493 -0.052005
vn -0.178619 0.983904 0.005326
vn -0.308941 0.938108 0.156551
vn -0.328801 0.874797 0.355837
vn -0.220527 0.814875 0.536047
vn -0.012219 0.783007 0.621893
vn 0.213669 0.796351 0.565836
vn 0.354591 0.850675 0.388095
vn 0.210017 0.948725 0.236249
vn 0.136898 0.978686 0.153077
vn 0.033481 0.954234 0.297180
vn 0.023279 0.991811 0.125577
vn -0.086472 0.982143 0.167086
vn -0.149493 0.954271 0.258881
vn -0.145921 0.917102 0.370986
vn -0.070221 0.885172 0.459935
vn 0.044107 0.871983 0.487546
vn 0.154483 0.881693 0.445816
vn 0.219370 0.911445 0.348060
vn -0.911405 0.069983 -0.405517
vn -0.241618 -0.291177 0.925655
vn -0.241486 -0.291950 0.925446
vn -0.241751 -0.290785 0.925743
vn 0.241751 0.290213 -0.925923
vn 0.241751 0.290118 -0.925953
vn 0.241883 0.289056 -0.926250
vn -0.477351 0.250939 -0.842120
vn -0.477632 0.249747 -0.842315
vn -0.477351 0.251035 -0.842091
vn 0.477263 -0.251911 0.841879
vn 0.477348 -0.251707 0.841892
vn 0.477149 -0.252694 0.841709
vn 0.311000 -0.949771 0.034835
vn 0.711159 -0.222508 0.666891
vn 0.718465 -0.200105 0.666157
vn 0.721512 -0.229657 0.653206
vn 0.719450 -0.248973 0.648386
vn -0.007396 0.955923 0.293524
vn -0.022915 0.951558 0.306615
vn -0.032870 0.948573 0.314849
vn -0.098547 -0.974695 -0.200644
vn -0.005476 -0.959242 -0.282531
vn -0.007911 -0.959857 -0.280380
vn -0.009487 0.955395 0.295178
vn 0.018902 0.962423 0.270898
vn -0.016538 -0.961874 -0.272994
vn 0.012267 -0.954597 -0.297649
vn 0.728071 -0.211032 0.652210
vn 0.728873 -0.229839 0.644917
vn 0.043881 0.967406 0.249400
vn 0.044645 0.967571 0.248621
vn 0.042845 0.967108 0.250732
vn 0.042848 0.967072 0.250869
vn 0.026754 -0.950594 -0.309280
vn 0.085671 -0.930309 -0.356630
vn 0.085366 -0.929982 -0.357555
vn -0.012226 -0.960861 -0.276760
vn 0.730468 -0.191485 0.655553
vn 0.733728 -0.195584 0.650684
vn 0.732581 -0.192385 0.652926
vn 0.729407 -0.201382 0.653767
vn 0.081233 0.975383 0.205013
vn -0.017780 0.952098 0.305277
vn 0.027399 0.965151 0.260257
vn -0.081233 -0.975383 -0.205013
vn -0.027399 -0.965151 -0.260257
vn 0.017780 -0.952098 -0.305277
vn 0.014354 0.961798 0.273382
vn -0.021805 0.950737 0.309230
vn 0.021805 -0.950737 -0.309230
vn -0.014354 -0.961798 -0.273382
vn -0.017224 0.952283 0.304731
vn 0.022195 0.963854 0.265505
vn -0.022195 -0.963854 -0.265505
vn 0.017224 -0.952283 -0.304731
vn -0.069431 0.932190 0.355249
vn 0.069431 -0.932190 -0.355249
vn 0.824224 -0.263474 -0.501234
vn 0.824822 -0.251652 -0.506301
vn 0.824192 -0.263560 -0.501243
vn 0.823769 -0.271241 -0.497829
vn 0.197760 0.223528 -0.954425
vn 0.190061 0.234504 -0.953354
vn 0.202849 0.216380 -0.955004
vn -0.970871 -0.116451 0.209403
vn -0.974157 -0.115463 0.194128
vn -0.968817 -0.116948 0.218442
vn -0.376632 -0.612828 0.694687
vn -0.389492 -0.612848 0.687542
vn -0.368915 -0.612830 0.698815
vn -0.584108 -0.539047 0.606832
vn -0.592297 -0.496623 0.634468
vn -0.664304 -0.472464 0.579204
vn -0.707253 -0.470830 0.527365
vn -0.860548 -0.293499 0.416311
vn -0.832253 -0.346222 0.432997
vn -0.901291 -0.231380 0.366248
vn -0.908981 -0.192531 0.369709
vn -0.766398 -0.413726 0.491390
vn -0.776402 -0.392152 0.493373
vn -0.700858 -0.202458 0.683965
vn -0.615133 -0.068374 0.785453
vn -0.545582 -0.545920 0.635855
vn -0.577892 -0.493391 0.650082
vn -0.920920 -0.123533 0.369657
vn -0.929630 -0.136930 0.342108
vn -0.798760 0.171120 0.576802
vn 0.711641 -0.162086 -0.683590
vn 0.611764 -0.087100 -0.786231
vn 0.663529 -0.086169 -0.743171
vn 0.725960 -0.113114 -0.678371
vn 0.449905 0.087740 -0.888756
vn 0.375128 0.181042 -0.909122
vn 0.382977 0.142241 -0.912741
vn 0.481726 0.036043 -0.875581
vn 0.554579 -0.004850 -0.832117
vn 0.559078 -0.028116 -0.828638
vn 0.687015 0.201305 -0.698203
vn 0.749948 0.328757 -0.574018
vn 0.740562 -0.109825 -0.662952
vn 0.742824 -0.171095 -0.647255
vn 0.332313 0.230196 -0.914646
vn 0.355304 0.247748 -0.901321
vn 0.475936 0.541956 -0.692654
vn 0.720004 -0.194865 0.666050
vn 0.703360 -0.395284 0.590792
vn 0.709979 -0.032265 0.703483
vn 0.580722 0.410495 0.703033
vn 0.516330 0.529442 0.673123
vn 0.146090 0.283289 0.947842
vn 0.137282 0.282339 0.949441
vn 0.198366 0.244638 0.949106
vn 0.245687 0.244281 0.938064
vn -0.512075 -0.308634 0.801576
vn -0.516364 -0.316395 0.795778
vn -0.430636 -0.338346 0.836705
vn -0.378191 -0.316576 0.869915
vn -0.545138 -0.837859 0.028586
vn -0.531289 -0.846573 0.032355
vn -0.450512 -0.887279 0.098866
vn -0.448151 -0.885924 0.119582
vn 0.242266 -0.608802 -0.755425
vn 0.253536 -0.622998 -0.739996
vn 0.326879 -0.661120 -0.675330
vn 0.331117 -0.647867 -0.686025
vn 0.836544 0.083692 -0.541471
vn 0.848617 0.058354 -0.525780
vn 0.881552 0.043397 -0.470089
vn 0.878695 0.085919 -0.469589
vn 0.838702 0.469061 0.276695
vn 0.836313 0.490167 0.245594
vn 0.849164 0.433969 0.300983
vn 0.828931 0.459361 0.319156
vn -0.001534 0.542673 0.839943
vn 0.072162 0.587301 0.806145
vn 0.192141 0.342543 0.919645
vn 0.050770 0.333347 0.941436
vn -0.660378 -0.238851 0.711935
vn -0.736192 -0.180323 0.652307
vn -0.505062 -0.350993 0.788490
vn -0.534401 -0.357167 0.766060
vn -0.591861 -0.780500 -0.201298
vn -0.700228 -0.644117 -0.307888
vn -0.400121 -0.915983 -0.029648
vn -0.388237 -0.918869 0.070366
vn 0.035730 -0.632578 -0.773672
vn -0.108528 -0.515443 -0.850024
vn 0.213503 -0.737466 -0.640750
vn 0.242466 -0.656126 -0.714639
vn 0.727679 0.161644 -0.666600
vn 0.651201 0.221811 -0.725766
vn 0.836107 0.039182 -0.547166
vn 0.836740 -0.003039 -0.547592
vn 0.675907 0.694632 0.246243
vn 0.574085 0.801188 0.168892
vn 0.793239 0.517416 0.321017
vn 0.868719 0.436018 0.234981
vn -0.277945 0.622032 0.731999
vn -0.298577 0.636242 0.711371
vn -0.252147 0.608580 0.752364
vn -0.691882 -0.202853 0.692929
vn -0.721872 -0.184900 0.666868
vn -0.657036 -0.219114 0.721313
vn -0.515739 -0.854498 0.062020
vn -0.563699 -0.825774 0.018492
vn -0.460225 -0.880990 0.109768
vn 0.279024 -0.622489 -0.731200
vn 0.228380 -0.595341 -0.770333
vn 0.335218 -0.649579 -0.682405
vn 0.696054 0.200927 -0.689302
vn 0.664921 0.218547 -0.714225
vn 0.729121 0.184150 -0.659145
vn 0.518533 0.852986 -0.059490
vn 0.493096 0.866557 -0.077048
vn 0.541879 0.839579 -0.038398
vn -0.746049 -0.174400 0.642648
vn -0.812346 -0.136209 0.567046
vn -0.812349 -0.136306 0.567018
vn -0.738749 -0.178364 0.649951
vn -0.607377 -0.794024 -0.024880
vn -0.533883 -0.844286 0.046372
vn -0.649689 -0.757006 -0.069611
vn -0.649640 -0.757054 -0.069547
vn 0.175787 -0.566670 -0.804975
vn 0.261409 -0.612918 -0.745652
vn 0.121436 -0.532670 -0.837566
vn 0.604201 0.241534 -0.759344
vn 0.680543 0.209863 -0.702011
vn 0.552195 0.260669 -0.791917
vn 0.552194 0.260764 -0.791886
vn 0.418341 0.897020 -0.142637
vn 0.502624 0.861525 -0.071723
vn 0.361599 0.913226 -0.187790
vn -0.373186 0.666474 0.645403
vn -0.291709 0.630436 0.719345
vn -0.422722 0.685050 0.593307
vn -0.720880 -0.174182 0.670815
vn -0.718618 -0.172824 0.673587
vn -0.701592 -0.193026 0.685937
vn -0.683760 -0.208520 0.699279
vn -0.776391 -0.609539 -0.160249
vn -0.776930 -0.609724 -0.156900
vn -0.717955 -0.687479 -0.109147
vn -0.657548 -0.750920 -0.061238
vn -0.011493 -0.387014 -0.922002
vn -0.009466 -0.384628 -0.923023
vn 0.060516 -0.459717 -0.886001
vn 0.126540 -0.521836 -0.843608
vn 0.665739 0.229215 -0.710107
vn 0.666444 0.232457 -0.708390
vn 0.686092 0.210858 -0.696288
vn 0.703891 0.195259 -0.682943
vn 0.725698 0.677584 0.119340
vn 0.725237 0.677952 0.120052
vn 0.701874 0.705431 0.098695
vn 0.678281 0.730372 0.080575
vn -0.048818 0.452146 0.890607
vn -0.090914 0.490936 0.866439
vn -0.089507 0.491641 0.866186
vn -0.048117 0.452966 0.890228
vn -0.860706 -0.052862 0.506351
vn -0.903038 -0.064000 0.424766
vn -0.808598 -0.434927 -0.396242
vn -0.824942 -0.472166 -0.310693
vn -0.287914 -0.283590 -0.914704
vn -0.269890 -0.221538 -0.937059
vn 0.468839 0.333932 -0.817728
vn 0.487365 0.284260 -0.825634
vn 0.428436 0.903415 0.016848
vn 0.537088 0.842437 -0.042862
vn -0.221218 0.714416 0.663832
vn -0.257407 0.611302 0.748366
vn -0.605002 -0.268945 0.749427
vn -0.600426 -0.277097 0.750137
vn -0.644859 -0.762337 -0.054765
vn -0.646599 -0.760875 -0.054582
vn 0.137134 -0.534405 -0.834030
vn 0.139059 -0.534703 -0.833520
vn 0.772030 0.131624 -0.621807
vn 0.765712 0.133024 -0.629277
vn 0.811966 0.544913 0.209240
vn 0.819972 0.533248 0.208069
vn 0.077906 0.331359 0.940283
vn 0.080346 0.318075 0.944655
vn -0.930429 0.330625 -0.158079
vn -0.853211 0.485580 -0.190378
vn -0.966848 0.078975 -0.242834
vn -0.932079 -0.041485 -0.359872
vn 0.507386 -0.293069 0.810352
vn 0.527756 -0.492036 0.692369
vn 0.483715 -0.438636 0.757376
vn 0.544821 -0.206522 0.812723
vn -0.766057 -0.128788 -0.629738
vn -0.629313 -0.089285 -0.772006
vn 0.698372 -0.519112 0.492747
vn 0.623245 -0.540314 0.565355
vn -0.384404 0.093162 -0.918452
vn -0.312508 0.240985 -0.918839
vn 0.858143 -0.346160 0.379163
vn 0.808032 -0.430172 0.402537
vn -0.265770 0.495665 -0.826851
vn -0.337048 0.604420 -0.721855
vn 0.864010 -0.129360 0.486573
vn 0.883778 -0.202465 0.421835
vn -0.516324 0.702398 -0.489945
vn -0.657289 0.664904 -0.354787
vn 0.684518 -0.100837 0.721988
vn 0.764177 -0.077704 0.640309
vn -0.728284 -0.183249 0.660320
vn -0.689142 -0.207824 0.694185
vn -0.606371 -0.794799 -0.024690
vn -0.588416 -0.808486 -0.010793
vn 0.176632 -0.566948 -0.804594
vn 0.194678 -0.580970 -0.790300
vn 0.658768 0.219634 -0.719573
vn 0.698896 0.195807 -0.687899
vn 0.529369 0.847142 -0.046035
vn 0.599913 0.799898 0.016367
vn -0.263194 0.617450 0.741272
vn -0.186783 0.570439 0.799820
vn -0.650063 -0.219413 0.727514
vn -0.649988 -0.219335 0.727604
vn -0.470882 -0.876229 0.102439
vn -0.470895 -0.876202 0.102607
vn 0.326489 -0.644221 -0.691653
vn 0.326539 -0.644163 -0.691684
vn 0.735341 0.183672 -0.652333
vn 0.735341 0.183768 -0.652306
vn 0.563117 0.826227 -0.015766
vn 0.563036 0.826284 -0.015668
vn -0.225836 0.596647 0.770072
vn -0.225781 0.596700 0.770047
vn -0.721421 -0.253644 0.644373
vn -0.737683 -0.188996 0.648155
vn 0.091957 0.928938 0.358634
vn 0.064442 0.940768 0.332871
vn 0.061339 0.940749 0.333511
vn 0.093124 0.926652 0.364204
vn 0.731628 0.264955 -0.628108
vn 0.715047 0.195873 -0.671075
vn -0.025811 0.967512 0.251504
vn -0.073268 0.975606 0.206940
vn 0.676962 0.167799 -0.716636
vn -0.689481 -0.159343 0.706559
vn -0.706180 -0.198448 0.679653
vn -0.124784 0.980321 0.152973
vn -0.137679 0.979380 0.147852
vn 0.149052 0.901535 0.406224
vn 0.146662 0.911103 0.385203
vn 0.146135 0.895697 0.419967
vn 0.138449 0.899689 0.413995
vn 0.790667 -0.176713 0.586190
vn 0.699424 -0.205472 0.684535
vn 0.699494 -0.205452 0.684469
vn -0.711332 0.202150 -0.673158
vn -0.675509 0.211813 -0.706274
vn -0.739276 0.193889 -0.644886
vn -0.761504 0.186804 -0.620658
vn 0.622249 -0.224529 0.749928
vn 0.134161 0.902984 0.408192
vn 0.128621 0.915213 0.381893
vn -0.116246 0.977861 0.173994
vn -0.109476 0.973835 0.199150
vn -0.119217 0.979409 0.162925
vn -0.120099 0.980212 0.157355
vn 0.617380 0.220521 -0.755124
vn 0.797954 -0.168570 0.578665
vn 0.731902 -0.190574 0.654218
vn -0.697560 0.205981 -0.686281
vn -0.662846 0.215005 -0.717222
vn -0.729364 0.196898 -0.655179
vn -0.117907 0.979235 0.164913
vn -0.111569 0.976244 0.185742
vn -0.758313 0.187851 -0.624238
vn 0.664056 -0.209143 0.717836
vn -0.683953 -0.097073 0.723039
vn -0.683615 -0.097474 0.723305
vn -0.687506 -0.126215 0.715126
vn -0.692370 -0.175400 0.699899
vn 0.702840 0.018384 0.711110
vn 0.715630 -0.087773 0.692943
vn 0.719880 -0.212302 0.660834
vn -0.710992 0.343550 -0.613567
vn -0.717343 0.276299 -0.639592
vn -0.720002 0.196497 -0.665573
vn -0.693969 -0.201411 0.691260
vn -0.718437 0.130889 -0.683167
vn 0.714531 -0.311227 0.626564
vn 0.664179 -0.550093 0.506226
vn -0.694083 -0.062446 0.717182
vn -0.700319 -0.052417 0.711903
vn -0.695245 -0.094744 0.712501
vn -0.692229 -0.162882 0.703057
vn 0.719478 -0.157765 0.676360
vn 0.719844 -0.214691 0.660100
vn 0.716199 -0.292107 0.633824
vn -0.693968 -0.201124 0.691345
vn -0.693896 -0.201144 0.691412
vn 0.708072 -0.365389 0.604256
vn -0.715478 0.085909 -0.693334
vn -0.673553 -0.157149 -0.722240
vn -0.712847 0.327649 -0.620077
vn -0.686170 0.476234 -0.549883
vn -0.665089 0.000842 0.746763
vn -0.659562 -0.011855 0.751557
vn -0.684484 -0.129913 0.717359
vn -0.686484 -0.269715 0.675273
vn 0.704487 -0.068164 0.706436
vn 0.699447 -0.062774 0.711922
vn 0.716159 -0.180764 0.674123
vn 0.705443 -0.302521 0.640961
vn -0.722536 0.267083 -0.637658
vn -0.724426 0.263646 -0.636944
vn -0.719833 0.163311 -0.674663
vn -0.722916 0.038702 -0.689851
vn -0.679301 -0.351210 0.644362
vn -0.671342 -0.361161 0.647196
vn -0.714009 -0.044957 -0.698691
vn -0.730566 -0.087757 -0.677180
vn 0.692843 -0.388768 0.607312
vn 0.681378 -0.377206 0.627247
vn 0.719889 -0.177458 0.671020
vn 0.720001 -0.192177 0.666834
vn 0.719929 -0.208283 0.662057
vn -0.719836 0.215264 -0.659923
vn -0.719932 0.208092 -0.662115
vn -0.719991 0.200237 -0.664468
vn -0.720000 0.191408 -0.667056
vn 0.719611 -0.226145 0.656520
vn -0.719103 0.242322 -0.651284
vn -0.719982 0.201963 -0.663956
vn -0.719690 0.222808 -0.657573
vn 0.719884 -0.177073 0.671127
vn 0.719778 -0.218512 0.658917
vn 0.720001 -0.197264 0.665347
vn 0.719160 -0.240801 0.651785
vn -0.719918 0.179771 -0.670374
vn -0.690001 0.007750 0.723767
vn -0.698581 -0.266361 0.664106
vn -0.698739 -0.125960 0.704200
vn -0.698443 -0.001073 0.715665
vn -0.721734 0.327466 -0.609808
vn -0.726370 0.094538 -0.680771
vn -0.723495 0.218469 -0.654848
vn -0.725133 0.332278 -0.603136
vn 0.713584 -0.131302 0.688156
vn 0.697953 -0.355320 0.621779
vn 0.719129 -0.235729 0.653670
vn 0.712045 -0.134703 0.689091
vn -0.698557 -0.353614 0.622073
vn -0.692874 -0.347721 0.631677
vn 0.649748 -0.470533 0.597015
vn 0.682122 -0.431990 0.589996
vn -0.733832 0.015248 -0.679160
vn -0.718499 0.002613 -0.695523
vn -0.284331 0.836067 0.469199
vn 0.022497 0.952620 0.303331
vn -0.323649 0.825844 0.461771
vn -0.064478 0.913073 0.402668
vn -0.266845 0.830818 0.488400
vn -0.139749 0.920616 0.364604
vn -0.165728 0.873574 0.457605
vn -0.427723 0.836486 0.342557
vn 0.326287 0.700179 0.635048
vn 0.185671 0.860773 0.473916
vn 0.049542 0.948745 0.312136
vn 0.053864 0.944636 0.323669
vn -0.092451 0.977934 0.187346
vn -0.154223 0.984105 0.088055
vn 0.311737 0.949684 0.030343
vn 0.301856 0.938795 0.165972
vn 0.315273 0.947759 -0.048543
vn 0.171120 0.956073 0.237996
vn 0.264407 0.960782 0.083592
vn 0.129750 0.973886 0.186310
vn 0.212056 0.952718 0.217625
vn 0.174551 0.984617 -0.007805
vn 0.185600 0.860750 0.473985
vn -0.178299 -0.881797 -0.436627
vn 0.015780 -0.963917 -0.265735
vn -0.299164 -0.792248 -0.531831
vn 0.709485 -0.355222 0.608645
vn 0.618871 -0.657825 0.429261
vn 0.675007 -0.516441 0.526929
vn 0.709497 -0.355133 0.608683
vn 0.549047 -0.769350 0.326569
vn 0.066717 0.937721 0.340922
vn 0.359198 0.734822 0.575338
vn 0.207761 0.862901 0.460691
vn 0.496759 0.560571 0.662564
vn -0.374688 -0.718402 -0.586095
vn 0.070951 -0.974386 -0.213397
vn 0.298452 -0.954195 0.020942
vn 0.210722 -0.974804 -0.073170
vn -0.678315 -0.138554 -0.721590
vn -0.707588 0.013753 -0.706491
vn -0.621184 -0.317460 -0.716485
vn 0.717547 -0.114702 0.687001
vn -0.250729 0.967565 0.030883
vn -0.157347 0.979206 0.128052
vn -0.317864 0.947184 -0.042483
vn -0.529526 -0.507286 -0.679900
vn -0.366947 0.925040 -0.098238
vn 0.355840 -0.930632 0.085450
vn -0.433599 0.883491 -0.177300
vn 0.097591 0.621787 0.777082
vn -0.177017 0.609315 0.772917
vn -0.174313 0.484374 0.857319
vn 0.166538 0.494625 0.853001
vn -0.431430 0.637439 0.638389
vn -0.474082 0.514402 0.714589
vn -0.573797 0.716851 0.396083
vn -0.663258 0.589975 0.460455
vn -0.556804 0.820129 0.131751
vn -0.697792 0.699324 0.155023
vn -0.415023 0.906053 -0.082601
vn -0.569264 0.811241 -0.133515
vn -0.199005 0.953808 -0.225050
vn -0.307340 0.887801 -0.342566
vn 0.064326 0.956683 -0.283936
vn 0.027646 0.904032 -0.426569
vn 0.340430 0.912437 -0.227083
vn 0.358796 0.859233 -0.364670
vn 0.548485 0.835432 -0.034899
vn 0.609423 0.774973 -0.167393
vn 0.608437 0.757284 0.237327
vn 0.722202 0.680789 0.122275
vn 0.520466 0.697341 0.492779
vn 0.672077 0.597885 0.436860
vn 0.337535 0.653687 0.677321
vn 0.471496 0.534712 0.701266
vn -0.208930 0.248166 0.945919
vn 0.217333 0.252108 0.942978
vn -0.568912 0.298090 0.766473
vn -0.793796 0.392616 0.464479
vn -0.850564 0.516173 0.100533
vn -0.718741 0.643965 -0.262147
vn -0.405758 0.737931 -0.539276
vn 0.014560 0.762947 -0.646297
vn 0.420640 0.715829 -0.557361
vn 0.717527 0.622386 -0.312716
vn 0.859253 0.510784 0.027994
vn 0.717468 0.622417 -0.312788
vn 0.821895 0.400417 0.405160
vn 0.595475 0.307950 0.742008
vn -0.219459 0.072706 0.972909
vn 0.248035 0.075887 0.965774
vn -0.613534 0.129629 0.778956
vn -0.860789 0.232742 0.452630
vn -0.929317 0.364744 0.057717
vn -0.795193 0.501436 -0.340925
vn -0.459704 0.604137 -0.650915
vn -0.000553 0.634404 -0.773002
vn 0.444338 0.586933 -0.676811
vn 0.769551 0.488538 -0.411245
vn 0.928876 0.367899 -0.042889
vn 0.897270 0.245135 0.367173
vn 0.658817 0.139653 0.739227
vn -0.214680 -0.057882 0.974968
vn 0.273798 -0.054830 0.960223
vn -0.628203 0.003104 0.778043
vn -0.890130 0.110530 0.442098
vn -0.968855 0.245427 0.032946
vn -0.838932 0.384958 -0.384709
vn -0.497055 0.491889 -0.714830
vn -0.020278 0.527081 -0.849573
vn 0.445552 0.482661 -0.754004
vn 0.788243 0.384114 -0.480760
vn 0.960457 0.259603 -0.100643
vn 0.788225 0.384201 -0.480720
vn 0.936873 0.129435 0.324831
vn 0.697762 0.015023 0.716173
vn -0.138197 -0.124563 0.982540
vn 0.357223 -0.110534 0.927456
vn -0.576883 -0.070555 0.813774
vn -0.870006 0.032894 0.491942
vn -0.982419 0.165800 0.085814
vn -0.888258 0.306779 -0.341884
vn -0.575484 0.422318 -0.700333
vn -0.105538 0.471845 -0.875342
vn 0.378195 0.440553 -0.814176
vn 0.750369 0.349177 -0.561268
vn 0.955308 0.226439 -0.190029
vn 0.966922 0.093135 0.237462
vn 0.761862 -0.029213 0.647080
vn -0.712554 0.002930 0.701612
vn -0.721605 -0.056989 0.689955
vn -0.711873 0.006578 0.702277
vn -0.686493 0.122008 0.716827
vn -0.671563 0.174350 0.720142
vn -0.631514 0.288168 0.719826
vn -0.604384 0.351610 0.714906
vn -0.533118 0.487502 0.691467
vn -0.482378 0.566033 0.668520
vn -0.345323 0.729917 0.589893
vn -0.255252 0.809507 0.528720
vn -0.049397 0.928850 0.367149
vn 0.066458 0.962036 0.264707
vn 0.275397 0.959556 0.058381
vn 0.369154 0.928298 -0.044597
vn 0.506252 0.836172 -0.211013
vn 0.557266 0.781789 -0.279752
vn 0.626129 0.679325 -0.382727
vn 0.650587 0.630412 -0.423458
vn 0.685773 0.538484 -0.489643
vn 0.698570 0.494269 -0.517396
vn 0.717194 0.407190 -0.565535
vn 0.723179 0.366353 -0.585490
vn 0.727594 0.326021 -0.603588
vn 0.710705 -0.274137 0.647879
vn 0.730405 -0.268169 0.628167
vn -0.710886 0.168605 -0.682799
vn -0.730178 0.164143 -0.663248
vn 0.882141 0.151328 0.446012
vn 0.954893 0.296268 -0.020120
vn 0.959171 0.244398 0.142341
vn 0.800806 0.107369 0.589221
vn 0.774093 0.437810 -0.457277
vn 0.863067 0.391598 -0.319008
vn 0.387471 0.538010 -0.748606
vn 0.537464 0.509758 -0.671773
vn -0.101880 0.569925 -0.815357
vn 0.069172 0.567110 -0.820732
vn -0.562465 0.524758 -0.638954
vn -0.416442 0.548010 -0.725439
vn -0.870128 0.414462 -0.266643
vn -0.788627 0.457315 -0.411012
vn -0.941905 0.268934 0.201221
vn -0.946756 0.319726 0.037785
vn -0.759051 0.127359 0.638452
vn -0.848723 0.172151 0.500033
vn -0.371208 0.027628 0.928139
vn -0.521511 0.054372 0.851510
vn 0.117124 -0.003652 0.993111
vn -0.053431 -0.002314 0.998569
vn 0.575659 0.041572 0.816632
vn 0.430382 0.017128 0.902484
vn 0.479286 0.481360 0.733878
vn 0.128563 0.616619 0.776694
vn 0.523373 0.094791 0.846815
vn 0.479985 -0.116893 0.869454
vn 0.119778 0.908754 0.399775
vn -0.237700 0.873388 0.425078
vn -0.429576 0.903023 0.003757
vn -0.675334 0.731646 0.092836
vn -0.837108 0.498746 -0.224730
vn -0.944782 0.325089 -0.041282
vn -0.976071 -0.035651 -0.214509
vn -0.990914 -0.125869 0.047388
vn -0.846868 -0.531702 0.010349
vn -0.818308 -0.479152 0.317466
vn -0.431407 -0.808547 0.400174
vn -0.446597 -0.586393 0.675792
vn 0.124532 -0.641255 0.757155
vn 0.286062 -0.484637 0.826617
vn -0.290813 0.149759 0.944987
vn -0.481060 0.268768 0.834473
vn -0.409465 0.075942 0.909159
vn -0.551943 0.393464 0.735218
vn -0.811213 0.024739 0.584227
vn -0.721703 -0.082171 0.687308
vn -0.433661 -0.095164 0.896037
vn -0.520077 -0.137717 0.842944
vn 0.771046 -0.176701 0.611772
vn 0.827911 0.198952 0.524387
vn 0.824507 0.092373 0.558261
vn 0.711964 -0.327728 0.621048
vn 0.626878 0.653034 0.424937
vn 0.771889 0.511317 0.377813
vn 0.390491 0.709398 0.586746
vn 0.514457 0.769165 0.379105
vn -0.097326 0.984151 -0.148235
vn 0.049431 0.996679 0.064708
vn -0.019756 0.994902 -0.098896
vn -0.115084 0.991504 -0.060621
vn 0.103711 0.887020 0.449933
vn 0.122931 0.966398 0.225750
vn -0.588843 0.743944 -0.315930
vn -0.684612 0.465857 -0.560610
vn -0.679283 0.607867 -0.411184
vn -0.659805 0.750033 0.045916
vn -0.866531 -0.023833 -0.498555
vn -0.806565 0.144757 -0.573148
vn -0.916091 -0.252056 -0.311842
vn -0.910853 -0.213045 -0.353496
vn -0.692039 -0.670953 -0.266279
vn -0.797957 -0.534714 -0.278112
vn -0.363307 -0.929913 0.057191
vn -0.515182 -0.853571 -0.077484
vn 0.099447 -0.917903 0.384141
vn -0.088596 -0.960414 0.264115
vn 0.554853 -0.581391 0.595082
vn 0.444636 -0.701334 0.557162
vn -0.670948 0.190964 0.716493
vn -0.670872 0.191773 0.716348
vn -0.666116 0.204735 0.717198
vn -0.680123 0.171505 0.712754
vn -0.741855 0.072013 0.666683
vn -0.685456 0.202459 0.699400
vn -0.731890 -0.028289 0.680836
vn -0.718252 -0.008650 0.695729
vn -0.682267 0.240326 0.690475
vn -0.657576 0.146417 0.739024
vn -0.565186 0.017800 0.824771
vn -0.681870 0.205529 0.702005
vn -0.451767 -0.005700 0.892118
vn -0.457205 0.005048 0.889347
vn -0.590454 0.169155 0.789145
vn -0.527855 0.078740 0.845677
vn -0.469337 0.287003 0.835076
vn -0.489748 0.264355 0.830821
vn -0.578448 0.079591 0.811828
vn -0.546423 0.160965 0.821895
vn -0.711353 0.160985 0.684149
vn -0.653873 0.138300 0.743857
vn -0.715544 0.158933 0.680247
vn -0.743891 0.179547 0.643730
vn -0.683240 0.161561 0.712096
vn -0.679210 0.172426 0.713403
vn -0.778386 0.152733 -0.608923
vn -0.827936 -0.197565 -0.524871
vn -0.824983 -0.098838 -0.556448
vn -0.720759 0.308577 -0.620714
vn -0.596398 -0.701380 -0.390353
vn -0.780009 -0.488193 -0.391476
vn -0.260844 -0.865057 -0.428529
vn -0.471941 -0.817592 -0.329871
vn 0.115591 -0.957384 0.264680
vn -0.259664 -0.955490 0.140047
vn -0.072784 -0.978539 0.192780
vn 0.223451 -0.952106 0.208718
vn -0.345200 -0.935757 0.072079
vn 0.386353 -0.750053 0.536798
vn 0.640818 -0.493601 0.587971
vn 0.510328 -0.659727 0.551658
vn 0.389618 -0.750066 0.534415
vn 0.861322 -0.014049 0.507866
vn 0.783035 -0.202958 0.587933
vn 0.911696 0.255750 0.321563
vn 0.912876 0.244718 0.326757
vn 0.706206 0.648575 0.283942
vn 0.828779 0.464583 0.311910
vn 0.342397 0.936596 -0.074507
vn 0.468926 0.882566 0.034441
vn -0.054049 0.932660 -0.356685
vn 0.102560 0.961625 -0.254478
vn -0.535488 0.604956 -0.589305
vn -0.389783 0.749920 -0.534500
vn -0.693069 -0.157766 0.703396
vn -0.690796 -0.113484 0.714088
vn -0.692229 -0.137178 0.708520
vn -0.607283 -0.416435 0.676601
vn -0.693422 -0.247760 0.676595
vn -0.446550 -0.509768 0.735343
vn -0.511385 -0.550794 0.659630
vn -0.327810 -0.474437 0.816976
vn -0.381616 -0.531013 0.756567
vn -0.327802 -0.474522 0.816930
vn -0.634229 -0.237366 0.735806
vn -0.537412 -0.328404 0.776749
vn -0.719383 0.234243 -0.653925
vn -0.719780 0.218417 -0.658947
vn -0.719988 0.200716 -0.664327
vn 0.719921 -0.180060 0.670293
vn 0.719491 -0.158248 0.676232
vn -0.716980 0.105908 -0.689002
vn -0.706717 0.007452 -0.707457
vn 0.714682 -0.076672 0.695234
vn 0.707856 -0.015731 0.706182
vn -0.661188 -0.201278 -0.722715
vn -0.626004 -0.305020 -0.717692
vn 0.677023 0.143703 0.721796
vn 0.644611 0.253398 0.721295
vn -0.536004 -0.496032 -0.683119
vn -0.479868 -0.585923 -0.653009
vn 0.539598 0.489680 0.684871
vn 0.473022 0.595828 0.649029
vn -0.134908 -0.917621 -0.373861
vn -0.118945 -0.914711 -0.386208
vn 0.132500 0.903981 0.406525
vn 0.143052 0.902084 0.407162
vn -0.007714 0.955357 0.295352
vn -0.001955 0.957132 0.289646
vn 0.143121 0.902047 0.407219
vn -0.135394 -0.917748 -0.373372
vn -0.038778 -0.967798 -0.248725
vn -0.021292 -0.963624 -0.266413
vn -0.118665 -0.914685 -0.386355
vn -0.692079 -0.137115 0.708679
vn -0.690653 -0.113523 0.714220
vn -0.693279 -0.247799 0.676728
vn -0.744949 -0.378259 0.549519
vn -0.772091 -0.474920 0.422288
vn -0.843916 -0.375514 0.383139
vn -0.879524 -0.358152 0.313312
vn -0.923835 -0.278263 0.262868
vn -0.824334 -0.239733 0.512836
vn -0.749930 -0.205624 0.628748
vn 0.719659 -0.164819 0.674482
vn 0.719997 -0.198607 0.664951
vn 0.719929 -0.180831 0.670076
vn -0.719766 0.219181 -0.658708
vn -0.719164 0.240706 -0.651816
vn 0.705222 -0.384095 0.595930
vn 0.716244 -0.291540 0.634035
vn -0.713719 0.319439 -0.623349
vn -0.706425 0.376464 -0.599366
vn 0.607842 -0.678771 0.412066
vn 0.650393 -0.587537 0.481444
vn -0.668414 0.537448 -0.514172
vn -0.628804 0.637522 -0.445165
vn 0.478337 -0.846711 0.232969
vn 0.526569 -0.796963 0.295932
vn -0.530824 0.791976 -0.301662
vn -0.470241 0.853974 -0.222716
vn 0.478406 -0.846691 0.232899
vn 0.102290 -0.977792 -0.182922
vn 0.091181 -0.982079 -0.164943
vn -0.127188 0.977646 0.167429
vn -0.128159 0.979191 0.157356
vn -0.127200 0.977646 0.167417
vn -0.749931 -0.205528 0.628778
vn 0.102360 -0.977797 -0.182853
vn 0.890781 -0.153234 -0.427819
vn 0.922045 0.033253 -0.385653
vn 0.922439 0.177739 -0.342805
vn 0.127309 0.016765 -0.991721
vn 0.132459 0.209083 -0.968886
vn 0.133028 0.353532 -0.925915
vn -0.764491 -0.084099 -0.639125
vn -0.789884 0.104771 -0.604240
vn -0.789175 0.249235 -0.561324
vn -0.892797 -0.354959 0.277339
vn -0.922609 -0.175355 0.343574
vn -0.921856 -0.030836 0.386304
vn -0.129326 -0.524970 0.841238
vn -0.133023 -0.351192 0.926806
vn -0.132444 -0.206635 0.969413
vn 0.762474 -0.424100 0.488644
vn 0.789320 -0.246876 0.562162
vn 0.789758 -0.102335 0.604822
vn -0.881810 0.185606 0.433546
vn -0.754728 0.453768 -0.473794
vn 0.128210 0.553627 -0.822836
vn 0.884076 0.385293 -0.264497
vn 0.756993 0.117126 0.642840
vn -0.125944 0.017283 0.991887
vn -0.319633 0.121723 -0.939691
vn -0.322595 0.225707 -0.919233
vn -0.322170 0.315243 -0.892653
vn -0.970330 -0.087168 -0.225527
vn -0.980199 0.014599 -0.197477
vn -0.979755 0.104161 -0.170971
vn -0.651263 -0.353973 0.671238
vn -0.657756 -0.255020 0.708747
vn -0.657341 -0.165448 0.735207
vn 0.318481 -0.411868 0.853777
vn 0.322247 -0.313535 0.893226
vn 0.322532 -0.223961 0.919682
vn 0.969178 -0.202985 0.139610
vn 0.979850 -0.102428 0.171470
vn 0.980117 -0.012873 0.198002
vn 0.650111 0.063820 -0.757154
vn 0.657407 0.167192 -0.734754
vn 0.657704 0.256730 -0.708178
vn 0.318672 -0.101860 0.942376
vn -0.647941 -0.044146 0.760410
vn -0.965937 0.221765 -0.133364
vn -0.317369 0.429983 -0.845217
vn 0.649243 0.372262 -0.663253
vn 0.967239 0.106344 0.230519
vn -0.251204 0.960990 0.115740
vn -0.025208 0.999208 -0.030781
vn -0.036554 0.998375 -0.043713
vn -0.262097 0.960250 0.096044
vn -0.443588 0.856582 0.263622
vn -0.432713 0.855985 0.282930
vn 0.648513 0.683077 0.335913
vn 0.656269 0.652628 0.378665
vn 0.662985 0.651753 0.368333
vn 0.634669 0.713048 0.297923
vn 0.603401 0.759202 0.243966
vn 0.603858 0.759240 0.242714
vn 0.206435 0.976761 -0.057637
vn 0.496448 0.861257 0.108514
vn 0.392234 0.919325 0.031525
vn 0.106614 0.992822 -0.054206
vn 0.006384 0.997538 -0.069842
vn 0.018749 0.998686 -0.047699
vn 0.411343 0.415584 0.811225
vn 0.344877 0.345047 0.872927
vn 0.331829 0.366648 0.869171
vn 0.404804 0.426980 0.808592
vn 0.487092 0.460129 0.742309
vn 0.486014 0.462564 0.741502
vn -0.511127 0.532899 0.674365
vn -0.576786 0.497255 0.648117
vn -0.541014 0.541168 0.643771
vn -0.487220 0.560212 0.669910
vn -0.439153 0.509952 0.739658
vn -0.444085 0.508870 0.737455
vn -0.171551 0.355649 0.918741
vn -0.308356 0.404233 0.861111
vn -0.247981 0.379945 0.891149
vn -0.251272 0.004437 0.967906
vn -0.130759 0.330753 0.934615
vn -0.198532 -0.153599 0.967984
vn 0.535388 -0.404224 0.741595
vn 0.410457 -0.420231 0.809278
vn 0.413373 -0.430406 0.802417
vn 0.659313 -0.326899 0.677084
vn 0.767884 -0.251079 0.589333
vn 0.743905 -0.181509 0.643164
vn -0.933992 -0.073741 0.349603
vn -0.944771 -0.062715 0.321674
vn -0.934973 -0.318744 0.155651
vn -0.845119 -0.529007 0.076979
vn -0.852388 -0.161701 0.497281
vn -0.852319 -0.162112 0.497264
vn -0.625046 -0.312294 0.715395
vn -0.514954 -0.358755 0.778536
vn -0.270650 -0.425736 0.863422
vn -0.220372 -0.434759 0.873167
vn 0.531372 -0.847115 -0.006328
vn 0.566265 -0.824169 0.009523
vn 0.418776 -0.906074 0.060465
vn 0.380267 -0.924374 0.030486
vn 0.282139 -0.946737 0.155202
vn 0.284555 -0.949413 0.132827
vn -0.751918 -0.653282 -0.088556
vn -0.677700 -0.730189 -0.086873
vn -0.672480 -0.736600 -0.072052
vn -0.673155 -0.736520 -0.066336
vn -0.310959 -0.929539 0.198146
vn -0.510729 -0.853080 0.106821
vn -0.418093 -0.895602 0.151970
vn -0.279472 -0.936186 0.213192
vn -0.252176 -0.940374 0.228263
vn -0.260037 -0.935689 0.238468
vn -0.379299 -0.443442 -0.812091
vn -0.147185 -0.341041 -0.928454
vn -0.145470 -0.327815 -0.933475
vn -0.403324 -0.421547 -0.812175
vn -0.583534 -0.522897 -0.621343
vn -0.558256 -0.541368 -0.628706
vn 0.528954 -0.656415 -0.537892
vn 0.510135 -0.733092 -0.449820
vn 0.554122 -0.719594 -0.418490
vn 0.561837 -0.627061 -0.539568
vn 0.478583 -0.550701 -0.683876
vn 0.479220 -0.549266 -0.684584
vn 0.075919 -0.323298 -0.943247
vn 0.343971 -0.438599 -0.830250
vn 0.245461 -0.376363 -0.893364
vn -0.026141 -0.320204 -0.946988
vn -0.106219 -0.313374 -0.943671
vn -0.124500 -0.330395 -0.935596
vn -0.879075 0.286755 -0.380787
vn 0.968008 0.079367 -0.238038
vn 0.935473 0.134742 -0.326702
vn 0.987540 0.028061 -0.154844
vn 0.898880 0.180752 -0.399179
vn 0.254083 0.485952 -0.836237
vn 0.121607 0.505730 -0.854078
vn 0.516232 0.416898 -0.748131
vn 0.684635 0.342388 -0.643463
vn 0.005411 0.514853 -0.857261
vn 0.005342 0.514868 -0.857253
vn 0.588715 0.784037 0.196726
vn 0.589112 0.784615 0.193200
vn 0.835207 0.243443 -0.493117
vn 0.836133 0.241129 -0.492684
vn 0.444306 -0.499134 -0.743947
vn 0.463307 -0.492587 -0.736685
vn -0.584621 -0.809153 0.059078
vn -0.584835 -0.808988 0.059206
vn -0.719597 -0.262210 0.642982
vn -0.718959 -0.265375 0.642397
vn -0.372327 0.433123 0.820839
vn -0.373936 0.424256 0.824730
vn 0.990559 0.030727 -0.133599
vn 0.988771 -0.004437 -0.149374
vn 0.988713 0.008865 -0.149559
vn 0.992732 0.008760 -0.120025
vn 0.990568 0.030709 -0.133540
vn 0.995671 0.082806 -0.042232
vn 0.989603 0.060290 -0.130582
vn 0.996150 -0.021894 0.084890
vn 0.998939 0.037586 0.026627
vn 0.987671 -0.154919 0.022489
vn 0.988516 -0.146037 -0.038846
vn 0.988739 -0.032307 -0.146122
vn 0.982271 -0.115328 -0.147796
vn -0.470711 0.487454 -0.735405
vn -0.478519 0.452311 -0.752619
vn -0.493916 0.533400 -0.686681
vn -0.486063 0.534367 -0.691516
vn -0.470723 0.487371 -0.735452
vn -0.466170 0.465172 -0.752530
vn -0.484483 0.486406 -0.727108
vn -0.530597 0.367963 -0.763590
vn -0.461546 0.446125 -0.766778
vn -0.656200 0.364136 -0.660914
vn -0.603940 0.356011 -0.713100
vn -0.635242 0.493156 -0.594361
vn -0.585012 0.519035 -0.623188
vn -0.298997 -0.860567 0.412341
vn -0.158683 -0.980962 -0.111956
vn -0.219745 -0.972530 0.076793
vn -0.319531 -0.765612 0.558336
vn 0.069172 -0.786647 -0.613516
vn -0.012982 -0.886818 -0.461936
vn -0.219819 -0.972519 0.076729
vn 0.281869 -0.374036 -0.883542
vn 0.215617 -0.526073 -0.822652
vn 0.427913 0.077538 -0.900488
vn 0.386515 -0.073791 -0.919326
vn 0.500200 0.486850 -0.716085
vn 0.484106 0.354847 -0.799828
vn 0.485458 0.803430 -0.344719
vn 0.502437 0.711116 -0.491805
vn 0.356887 0.916744 0.179480
vn 0.414806 0.909872 -0.008270
vn 0.130333 0.725199 0.676091
vn 0.212793 0.823366 0.526106
vn -0.094675 0.321373 0.942208
vn -0.025180 0.470949 0.881801
vn -0.249867 -0.125709 0.960085
vn -0.206261 0.024770 0.978184
vn -0.322107 -0.537029 0.779645
vn -0.307288 -0.403625 0.861778
vn 0.122370 0.728429 0.674104
vn -0.103117 0.322626 0.940893
vn -0.033693 0.472922 0.880460
vn 0.205251 0.827173 0.523122
vn 0.349764 0.920399 0.174731
vn 0.407723 0.913004 -0.013639
vn 0.478971 0.805192 -0.349647
vn 0.495112 0.712950 -0.496555
vn 0.492832 0.488820 -0.719842
vn 0.476758 0.357132 -0.803218
vn 0.420862 0.080550 -0.903541
vn 0.379515 -0.070528 -0.922493
vn 0.274354 -0.370900 -0.887222
vn 0.208200 -0.523332 -0.826303
vn 0.060558 -0.784923 -0.616627
vn -0.021796 -0.885414 -0.464292
vn -0.167961 -0.979330 -0.112699
vn -0.228935 -0.970440 0.076388
vn -0.307630 -0.857757 0.411845
vn -0.328108 -0.762681 0.557372
vn -0.330004 -0.534725 0.777925
vn -0.315153 -0.401657 0.859855
vn -0.257972 -0.124560 0.958089
vn -0.214447 0.025670 0.976398
vn 0.154925 0.722049 0.674273
vn -0.072071 0.320945 0.944352
vn -0.001545 0.470547 0.882374
vn 0.237698 0.819023 0.522208
vn 0.380419 0.908079 0.175139
vn 0.437178 0.899280 -0.013108
vn 0.505359 0.790462 -0.346096
vn 0.520750 0.697497 -0.492258
vn 0.517031 0.474001 -0.712743
vn 0.500270 0.341927 -0.795497
vn 0.443491 0.066317 -0.893822
vn 0.402527 -0.085378 -0.911418
vn 0.299394 -0.385013 -0.873000
vn 0.232271 -0.537408 -0.810705
vn 0.085307 -0.796305 -0.598850
vn 0.003907 -0.895750 -0.444540
vn -0.140791 -0.985631 -0.093321
vn -0.201977 -0.974703 0.095703
vn -0.279960 -0.859387 0.427874
vn -0.140856 -0.985629 -0.093250
vn -0.299516 -0.763193 0.572561
vn -0.302265 -0.534438 0.789311
vn -0.288476 -0.400333 0.869779
vn -0.229040 -0.124357 0.965441
vn -0.184901 0.026154 0.982409
vn 0.934477 -0.176686 0.309088
vn 0.943930 -0.189282 0.270498
vn 0.941555 -0.183012 0.282808
vn 0.929673 -0.176685 0.323250
vn 0.918786 -0.183393 0.349571
vn 0.934509 -0.176659 0.309006
vn 0.912769 -0.190235 0.361474
vn 0.901168 -0.208238 0.380175
vn 0.895752 -0.219766 0.386435
vn 0.886859 -0.243834 0.392463
vn 0.883647 -0.256599 0.391566
vn 0.879840 -0.280175 0.383907
vn 0.879518 -0.291021 0.376503
vn 0.881602 -0.308396 0.357310
vn 0.884182 -0.314820 0.345125
vn 0.891626 -0.321449 0.318864
vn 0.896600 -0.321425 0.304621
vn 0.907519 -0.314691 0.278172
vn 0.913525 -0.307760 0.266000
vn 0.924734 -0.289499 0.247100
vn 0.929940 -0.277857 0.240845
vn 0.938393 -0.253496 0.234860
vn 0.941504 -0.240744 0.235823
vn 0.945218 -0.217220 0.243677
vn 0.945680 -0.206409 0.251168
vn -0.915461 0.283533 -0.285552
vn -0.925263 0.265801 -0.270625
vn -0.922104 0.272591 -0.274623
vn -0.911932 0.287611 -0.292676
vn -0.905349 0.292174 -0.308185
vn -0.902384 0.292355 -0.316594
vn -0.897720 0.289186 -0.332372
vn -0.896083 0.285468 -0.339918
vn -0.894628 0.275424 -0.351829
vn -0.894852 0.268919 -0.356263
vn -0.896984 0.254853 -0.361207
vn -0.898999 0.247148 -0.361551
vn -0.904209 0.232701 -0.358130
vn -0.907439 0.226024 -0.354214
vn -0.914230 0.215125 -0.343374
vn -0.917798 0.211060 -0.336304
vn -0.924322 0.206615 -0.320840
vn -0.927256 0.206330 -0.312450
vn -0.931737 0.209486 -0.296618
vn -0.933270 0.213023 -0.289186
vn -0.934617 0.222996 -0.277062
vn -0.934364 0.229493 -0.272574
vn -0.932230 0.243560 -0.267631
vn -0.930272 0.251280 -0.267306
vn 0.943815 -0.177188 0.278960
vn 0.930861 -0.170868 0.322959
vn 0.936187 -0.170368 0.307454
vn 0.946502 -0.183690 0.265315
vn 0.912628 -0.185257 0.364403
vn 0.919214 -0.177861 0.351299
vn 0.894037 -0.216649 0.392123
vn 0.900093 -0.204208 0.384880
vn 0.880355 -0.256492 0.398983
vn 0.884093 -0.242463 0.399489
vn 0.875519 -0.294505 0.383057
vn 0.875874 -0.282447 0.391239
vn 0.880790 -0.320430 0.348617
vn 0.877705 -0.313708 0.362245
vn 0.894569 -0.327127 0.304522
vn 0.888977 -0.327533 0.320066
vn 0.912808 -0.312567 0.262837
vn 0.906302 -0.320075 0.275987
vn 0.930630 -0.280752 0.234746
vn 0.924893 -0.293294 0.241976
vn 0.943531 -0.240407 0.227936
vn 0.939950 -0.254594 0.227325
vn 0.948362 -0.202469 0.244166
vn 0.947834 -0.214485 0.235810
vn -0.851603 -0.343760 0.395729
vn -0.922791 0.112757 -0.368432
vn -0.992156 0.039095 -0.118734
vn -0.794900 0.175165 -0.580905
vn 0.743039 -0.192724 0.640898
vn 0.640057 -0.220479 0.736014
vn 0.834606 -0.159441 0.527268
vn -0.644093 -0.214834 0.734159
vn -0.636392 -0.216685 0.740306
vn -0.637090 -0.216518 0.739754
vn 0.618174 0.220918 -0.754359
vn 0.616043 0.221400 -0.755958
vn 0.619760 0.220557 -0.753162
vn 0.518404 0.240900 -0.820502
vn 0.598532 0.225264 -0.768775
vn 0.596027 0.225803 -0.770562
vn -0.555737 -0.234012 0.797744
vn -0.563395 -0.232516 0.792794
vn -0.530510 -0.238738 0.813366
vn -0.646373 0.218996 -0.730919
vn 0.907688 -0.122454 0.401383
vn 0.006348 0.958881 0.283736
vn 0.615566 0.221507 -0.756316
vn 0.615722 0.221473 -0.756199
vn -0.610803 -0.222574 0.759856
vn -0.588219 -0.227461 0.776054
vn -0.570427 0.235279 -0.786929
vn -0.779967 0.180528 -0.599217
vn -0.779905 0.180549 -0.599292
vn 0.938562 -0.101403 0.329876
vn 0.804638 -0.171517 0.568454
vn 0.877556 -0.139332 0.458784
vn -0.621017 -0.220270 0.752210
vn -0.615086 -0.221616 0.756674
vn -0.615486 -0.221525 0.756375
vn 0.610881 0.222558 -0.759797
vn 0.608168 0.223159 -0.761795
vn 0.727308 -0.197511 0.657276
vn -0.912317 0.119586 -0.391635
vn 0.030575 0.952115 0.304207
vn -0.024239 0.963373 0.267067
vn 0.610960 0.222540 -0.759740
vn 0.614294 0.221793 -0.757266
vn -0.615722 -0.221473 0.756199
vn -0.617305 -0.221114 0.755012
vn 0.538797 0.237219 -0.808347
vn 0.607764 0.223248 -0.762091
vn 0.585519 0.228026 -0.777928
vn -0.580347 -0.229098 0.781480
vn -0.607764 -0.223248 0.762091
vn -0.517512 -0.241056 0.821020
vn 0.880620 -0.137739 0.453361
vn 0.818338 -0.166164 0.550192
vn 0.935133 -0.104000 0.338691
vn -0.695337 -0.201511 0.689855
vn -0.620540 -0.220379 0.752571
vn -0.624240 -0.219530 0.749754
vn 0.558945 0.233389 -0.795682
vn -0.053528 0.283710 -0.957415
vn 0.150542 0.280137 -0.948082
vn 0.618337 0.220881 -0.754235
vn 0.577868 0.229608 -0.783166
vn 0.607931 0.223212 -0.761969
vn 0.606965 0.223425 -0.762676
vn -0.587235 -0.227667 0.776738
vn -0.607448 -0.223318 0.762323
vn -0.514707 -0.241547 0.822637
vn -0.273220 0.274115 -0.922069
vn 0.975727 -0.065728 0.208893
vn 0.626824 0.218933 -0.747770
vn 0.626747 0.218950 -0.747829
vn -0.610400 -0.222664 0.760153
vn -0.612471 -0.222202 0.758621
vn -0.001118 0.956211 0.292676
vn 0.923660 -0.215143 -0.317120
vn 0.635184 -0.688936 0.349154
vn 0.385852 0.077023 -0.919340
vn -0.457418 -0.080000 -0.885646
vn -0.798800 -0.552571 -0.237875
vn -0.654821 -0.752954 0.065343
vn 0.129219 -0.793806 0.594285
vn 0.897843 -0.189188 0.397600
vn 0.874225 -0.077500 0.479296
vn 0.834315 0.320900 -0.448265
vn 0.819398 0.437763 -0.370069
vn -0.055976 0.454783 -0.888842
vn -0.080537 0.573141 -0.815490
vn -0.874225 0.077500 -0.479296
vn -0.897843 0.189188 -0.397600
vn -0.819423 -0.437681 0.370110
vn -0.834330 -0.320811 0.448301
vn 0.080533 -0.573219 0.815435
vn 0.055905 -0.454883 0.888795
vn 0.803303 0.472414 0.362670
vn 0.337264 0.025384 0.941068
vn 0.727197 0.664920 -0.170485
vn -0.516151 0.750464 -0.412785
vn -0.148596 0.873876 -0.462882
vn -0.936852 0.289826 0.195728
vn -0.513102 -0.057868 0.856375
vn 0.710317 -0.260200 0.654023
vn 0.128622 -0.825900 0.548949
vn 0.974056 0.225339 0.020902
vn 0.633238 0.190901 -0.750044
vn 0.046629 -0.343634 -0.937945
vn -0.119552 -0.637057 -0.761489
vn -0.286502 -0.944347 0.161633
vn 0.051435 -0.399224 0.915410
vn -0.063215 -0.309386 0.948833
vn 0.675871 0.287377 0.678685
vn 0.566775 0.385961 0.727874
vn 0.691002 0.662455 -0.289257
vn 0.582454 0.771124 -0.257130
vn 0.063215 0.309386 -0.948833
vn -0.051435 0.399224 -0.915410
vn -0.566775 -0.385961 -0.727874
vn -0.675839 -0.287460 -0.678682
vn -0.582454 -0.771124 0.257130
vn -0.691002 -0.662455 0.289257
vn -0.135260 0.237905 0.961824
vn -0.718444 -0.236901 0.654000
vn 0.274761 0.571417 0.773297
vn -0.038766 0.889972 -0.454364
vn 0.127555 0.986019 -0.107222
vn -0.626063 0.357816 -0.692830
vn -0.972457 -0.174204 -0.154856
vn 0.273934 -0.502454 0.820061
vn 0.762853 -0.392015 0.514178
vn 0.618792 -0.437591 0.652388
vn 0.071962 -0.523388 0.849051
vn 0.970250 -0.241708 -0.013871
vn 0.938173 -0.294896 0.181297
vn 0.817781 -0.108158 -0.565276
vn 0.910049 -0.149205 -0.386714
vn 0.361135 -0.042228 -0.931557
vn 0.543750 -0.055494 -0.837411
vn -0.228330 -0.069786 -0.971080
vn -0.024347 -0.050107 -0.998447
vn -0.724628 -0.181112 -0.664916
vn -0.578027 -0.135953 -0.804613
vn -0.933836 -0.333303 -0.129845
vn -0.902122 -0.280399 -0.327952
vn -0.775040 -0.467106 0.425588
vn -0.869905 -0.427309 0.246317
vn -0.312718 -0.531410 0.787281
vn -0.496480 -0.519780 0.695224
vn 0.442170 -0.414122 0.795606
vn 0.935058 -0.253779 0.247514
vn 0.890690 -0.227144 0.393799
vn 0.317104 -0.367187 0.874425
vn 0.879791 -0.040016 -0.473673
vn 0.942295 -0.011672 -0.334579
vn 0.308733 0.102014 -0.945662
vn 0.441691 0.153012 -0.884023
vn -0.443461 0.089063 -0.891858
vn -0.317885 0.170432 -0.932685
vn -0.936348 -0.071272 -0.343764
vn -0.891471 0.030394 -0.452058
vn -0.881069 -0.285037 0.377454
vn -0.943076 -0.185081 0.276320
vn -0.881082 -0.285042 0.377421
vn -0.310023 -0.427064 0.849413
vn -0.442472 -0.349760 0.825764
vn -0.299866 0.400360 -0.865905
vn -0.938983 0.235857 -0.250365
vn -0.473231 0.426136 -0.771013
vn 0.944469 0.213008 -0.250212
vn 0.860981 0.311582 -0.402030
vn -0.984237 -0.081204 0.157113
vn -0.818793 0.130220 -0.559125
vn -0.173763 0.244570 -0.953935
vn 0.572943 0.194865 -0.796093
vn 0.983969 0.010229 -0.178047
vn 0.818512 -0.201178 0.538114
vn 0.173482 -0.315521 0.932926
vn -0.573225 -0.265822 0.775082
vn -0.984247 -0.081276 0.157009
vn -0.781727 0.179911 -0.597106
vn -0.793249 0.175771 -0.582976
vn -0.793860 0.175548 -0.582211
vn -0.063098 0.926200 0.371716
vn -0.005829 0.953459 0.301467
vn -0.016294 0.953290 0.301618
vn -0.078081 0.926260 0.368708
vn 0.689126 -0.208254 0.694072
vn 0.769116 -0.184261 0.611971
vn 0.730663 -0.196509 0.653847
vn -0.442540 -0.252992 0.860322
vn -0.442626 -0.252979 0.860282
vn 0.886854 -0.134419 0.442065
vn 0.905916 -0.123531 0.405040
vn 0.864257 -0.145977 0.481404
vn -0.821979 0.164695 -0.545184
vn -0.810534 0.169246 -0.560705
vn -0.831905 0.160586 -0.531174
vn 0.026803 0.969411 0.243977
vn 0.027371 0.969364 0.244100
vn 0.026016 0.969548 0.243516
vn 0.025141 0.969944 0.242026
vn 0.825771 -0.163144 0.539894
vn 0.816644 -0.166840 0.552500
vn -0.803200 0.172063 -0.570319
vn -0.799222 0.173561 -0.575431
vn 0.038767 0.975052 0.218567
vn 0.032998 0.972307 0.231366
vn 0.235929 0.046207 0.970671
vn 0.730449 0.133328 0.669826
vn 0.583989 0.092940 0.806424
vn 0.033706 0.038201 0.998701
vn 0.946433 0.287029 0.147912
vn 0.911691 0.229516 0.340796
vn 0.801365 0.448563 -0.395734
vn 0.891595 0.395705 -0.220174
vn 0.350708 0.556248 -0.753387
vn 0.531387 0.528071 -0.662396
vn -0.233488 0.568976 -0.788511
vn -0.031338 0.576028 -0.816829
vn -0.728008 0.481858 -0.487666
vn -0.581551 0.521288 -0.624546
vn -0.943992 0.328185 0.034257
vn -0.909253 0.384712 -0.158918
vn -0.798923 0.166617 0.577893
vn -0.889157 0.218526 0.402053
vn -0.348266 0.058917 0.935542
vn -0.528949 0.086145 0.844270
vn 0.033776 0.038179 0.998700
vn -0.653850 0.217207 -0.724777
vn -0.668455 0.213606 -0.712418
vn -0.667713 0.213792 -0.713059
vn -0.162831 0.881659 0.442904
vn -0.058488 0.934742 0.350481
vn -0.073437 0.931407 0.356495
vn -0.169879 0.881764 0.440039
vn 0.483867 -0.250236 0.838603
vn 0.623113 -0.224337 0.749268
vn 0.543667 -0.240279 0.804172
vn 0.873702 -0.141302 0.465488
vn 0.855403 -0.150179 0.495713
vn -0.838228 0.157884 -0.521964
vn -0.824341 0.163732 -0.541899
vn -0.849083 0.153080 -0.505594
vn 0.087285 0.977390 0.192590
vn 0.060425 0.974551 0.215869
vn 0.107387 0.979382 0.171111
vn 0.110920 0.977797 0.177792
vn 0.796118 -0.174715 0.579371
vn 0.753199 -0.189509 0.629903
vn -0.733048 0.195790 -0.651388
vn -0.772950 0.182958 -0.607516
vn 0.054169 0.972820 0.225136
vn 0.043420 0.970710 0.236297
vn -0.869493 0.039120 -0.492395
vn -0.987554 -0.131678 0.086016
vn -0.990268 -0.070958 -0.119728
vn -0.745659 0.088181 -0.660467
vn -0.728558 -0.290877 0.620156
vn -0.856855 -0.241778 0.455349
vn -0.191427 -0.377634 0.905952
vn -0.396281 -0.358991 0.845037
vn 0.418619 -0.358831 0.834266
vn 0.215553 -0.377823 0.900437
vn 0.868689 -0.241627 0.432431
vn 0.744854 -0.291082 0.600387
vn 0.986750 -0.070820 -0.145976
vn 0.989462 -0.131931 0.059651
vn 0.727755 0.088364 -0.680121
vn 0.856037 0.038895 -0.515450
vn 0.190623 0.175124 -0.965916
vn 0.395476 0.156099 -0.905115
vn -0.419540 0.156307 -0.894178
vn -0.216358 0.174933 -0.960514
vn -0.419422 0.156316 -0.894232
vn -0.862539 -0.023472 -0.505446
vn -0.978879 -0.192812 0.067970
vn -0.981760 -0.132794 -0.136066
vn -0.739824 0.025030 -0.672335
vn -0.721563 -0.350509 0.597068
vn -0.848951 -0.302031 0.433659
vn -0.188924 -0.436314 0.879737
vn -0.392081 -0.418076 0.819442
vn 0.415651 -0.417483 0.808048
vn 0.214299 -0.436568 0.873776
vn 0.861251 -0.301181 0.409313
vn 0.738533 -0.350469 0.575970
vn 0.977590 -0.131858 -0.164107
vn 0.980468 -0.192629 0.039706
vn 0.720275 0.025829 -0.693207
vn 0.847660 -0.023411 -0.530024
vn 0.187635 0.111651 -0.975873
vn 0.390790 0.092636 -0.915807
vn -0.416940 0.092826 -0.904182
vn -0.215591 0.111135 -0.970139
vn -0.806656 0.060989 -0.587866
vn -0.998781 -0.045295 -0.019618
vn -0.957460 -0.238201 -0.162881
vn -0.728462 -0.055428 -0.682840
vn -0.815186 -0.209437 0.540008
vn -0.824457 -0.414196 0.385633
vn -0.329689 -0.359862 0.872814
vn -0.383677 -0.511926 0.768586
vn 0.265831 -0.449353 0.852887
vn 0.209942 -0.508883 0.834843
vn 0.745029 -0.452328 0.490237
vn 0.728017 -0.413107 0.547115
vn 0.928237 -0.363947 -0.076934
vn 0.966774 -0.254914 0.019165
vn 0.746429 -0.210835 -0.631183
vn 0.835892 -0.086001 -0.542115
vn 0.270552 -0.048756 -0.961470
vn 0.385541 0.032155 -0.922130
vn -0.320341 0.058069 -0.945521
vn -0.213828 0.047904 -0.975696
vn -0.847800 0.203448 -0.489739
vn -0.981717 0.168341 0.088839
vn -0.775307 0.006188 0.631554
vn -0.300973 -0.221617 0.927524
vn 0.262982 -0.427372 0.864982
vn 0.708146 -0.534871 0.460915
vn 0.854596 -0.499134 -0.143290
vn 0.628854 -0.329138 -0.704422
vn 0.129195 -0.096766 -0.986887
vn -0.430749 0.103741 -0.896489
vn -0.879276 0.297328 -0.372116
vn -0.940657 0.257546 0.220985
vn -0.683151 0.064624 0.727413
vn -0.210708 -0.206678 0.955451
vn 0.301771 -0.463740 0.832994
vn 0.680945 -0.620314 0.389261
vn 0.763947 -0.598450 -0.241335
vn 0.484490 -0.385553 -0.785250
vn -0.019791 -0.086155 -0.996085
vn -0.531366 0.169263 -0.830061
vn -0.283684 -0.196779 0.938510
vn -0.331399 -0.130606 0.934407
vn -0.273738 -0.210090 0.938579
vn 0.376371 -0.714936 0.589246
vn 0.359733 -0.678518 0.640473
vn 0.376391 -0.714877 0.589305
vn 0.379602 -0.722013 0.578447
vn -0.153260 -0.255734 -0.954522
vn -0.221688 -0.221577 -0.949609
vn -0.153268 -0.255651 -0.954543
vn -0.141090 -0.261521 -0.954830
vn -0.795520 0.246989 -0.553304
vn -0.845247 0.255403 -0.469390
vn -0.786033 0.245291 -0.567437
vn 0.661978 0.749511 -0.004172
vn -0.920319 -0.205107 0.333081
vn -0.522683 -0.339607 0.781965
vn -0.691989 -0.301781 0.655804
vn -0.979882 -0.146566 0.135460
vn 0.074426 -0.383062 0.920719
vn -0.140061 -0.380463 0.914128
vn 0.642921 -0.318893 0.696391
vn 0.465400 -0.352577 0.811845
vn 0.965768 -0.171579 0.194561
vn 0.892793 -0.228787 0.388044
vn 0.919516 0.002603 -0.393044
vn 0.979077 -0.056329 -0.195537
vn 0.521879 0.137095 -0.841931
vn 0.691184 0.098894 -0.715881
vn -0.075230 0.180552 -0.980684
vn 0.139118 0.177581 -0.974223
vn -0.643724 0.116382 -0.756356
vn -0.466205 0.149694 -0.871920
vn -0.966571 -0.030932 -0.254527
vn -0.893598 0.025898 -0.448120
vn -0.911993 -0.265531 0.312670
vn -0.517335 -0.398738 0.757214
vn -0.685414 -0.361437 0.632116
vn -0.971202 -0.207697 0.116738
vn 0.074586 -0.441618 0.894098
vn -0.138060 -0.439281 0.887678
vn 0.637809 -0.377836 0.671148
vn 0.461845 -0.411483 0.785736
vn 0.957193 -0.231729 0.173443
vn 0.884995 -0.288673 0.365309
vn 0.910704 -0.059131 -0.408805
vn 0.969911 -0.117733 -0.213102
vn 0.516047 0.074061 -0.853353
vn 0.684123 0.036009 -0.728477
vn -0.075875 0.116943 -0.990236
vn 0.136769 0.113857 -0.984038
vn -0.639098 0.053163 -0.767286
vn -0.463136 0.086048 -0.882100
vn -0.958482 -0.092941 -0.269581
vn -0.886287 -0.036767 -0.461674
vn -0.957521 -0.179262 0.225872
vn -0.627929 -0.268840 0.730363
vn -0.667038 -0.460918 0.585333
vn -0.954250 -0.284226 0.092860
vn -0.057729 -0.331395 0.941724
vn -0.134094 -0.547356 0.826088
vn 0.527888 -0.335819 0.780102
vn 0.449664 -0.505661 0.736281
vn 0.904328 -0.291634 0.311673
vn 0.869030 -0.363626 0.335504
vn 0.932147 -0.223580 -0.284806
vn 0.955522 -0.183683 -0.230733
vn 0.601820 -0.153358 -0.783769
vn 0.673806 -0.029457 -0.738321
vn 0.039111 -0.100540 -0.994164
vn 0.134225 0.049315 -0.989723
vn -0.541150 -0.082423 -0.836877
vn -0.457771 0.025623 -0.888701
vn -0.921501 -0.109268 -0.372689
vn -0.875440 -0.098258 -0.473233
vn -0.941032 -0.040653 0.335866
vn -0.583118 -0.047087 0.811022
vn -0.011693 -0.104307 0.994476
vn 0.556385 -0.189810 0.808955
vn 0.906784 -0.269742 0.324009
vn 0.905368 -0.314791 -0.284982
vn 0.535897 -0.307424 -0.786324
vn -0.063182 -0.248783 -0.966496
vn -0.637864 -0.163106 -0.752680
vn -0.963714 -0.084645 -0.253160
vn -0.893205 0.055055 0.446267
vn -0.478060 0.061711 0.876157
vn 0.104717 -0.017542 0.994347
vn 0.630359 -0.152488 0.761180
vn 0.915032 -0.299523 0.270191
vn 0.853497 -0.410844 -0.320546
vn 0.427773 -0.433705 -0.793039
vn -0.201297 -0.343779 -0.917222
vn -0.740097 -0.186964 -0.645988
vn -0.991168 -0.036992 -0.127352
vn 0.569895 -0.160876 0.805816
vn 0.522408 -0.107774 0.845858
vn 0.579081 -0.171552 0.797017
vn 0.834217 -0.550702 0.028433
vn 0.854218 -0.514006 0.078167
vn 0.834261 -0.550634 0.028464
vn 0.829712 -0.557897 0.018143
vn -0.754854 -0.376987 -0.536728
vn -0.801359 -0.358711 -0.478697
vn -0.754815 -0.377063 -0.536729
vn -0.746207 -0.380000 -0.546604
vn -0.965658 0.006923 0.259725
vn -0.935651 0.012325 0.352712
vn -0.969953 0.005983 0.243219
vn 0.942180 -0.056196 0.330363
vn 0.982953 -0.012844 0.183410
vn 0.875715 -0.099569 0.472451
vn -0.819159 -0.117512 0.561400
vn -0.638108 -0.169684 0.751017
vn -0.746625 -0.141143 0.650099
vn -0.815984 -0.121751 0.565107
vn -0.043477 -0.237821 0.970335
vn -0.288359 -0.224527 0.930826
vn 0.507169 -0.205914 0.836887
vn 0.360863 -0.224032 0.905311
vn 0.742749 -0.154167 0.651580
vn 0.693398 -0.168481 0.700581
vn 0.524468 -0.197663 0.828168
vn 0.740675 -0.150130 0.654875
vn 0.737422 -0.223000 0.637557
vn 0.515169 -0.275909 0.811465
vn -0.044370 -0.229045 0.972404
vn -0.063676 -0.317260 0.946199
vn -0.643313 -0.158634 0.748989
vn -0.655374 -0.245418 0.714321
vn -0.792331 -0.117794 0.598612
vn -0.805428 -0.209943 0.554265
vn 0.930349 -0.059219 0.361862
vn 0.980194 -0.009483 0.197813
vn 0.962466 0.024691 -0.270278
vn 0.926251 -0.141717 0.349249
vn 0.701221 -0.254806 0.665855
vn 0.410595 -0.315445 0.855515
vn -0.247682 -0.338433 0.907809
vn -0.727586 -0.254110 0.637218
vn -0.828352 -0.211439 0.518774
vn 0.627582 0.155207 -0.762923
vn 0.586190 0.170461 -0.792039
vn 0.555949 0.172642 -0.813090
vn 0.734035 0.123590 -0.667771
vn 0.992094 -0.037745 -0.119691
vn 0.874818 -0.193583 0.444094
vn -0.366996 0.306661 -0.878222
vn -0.513005 0.285539 -0.809502
vn -0.215382 0.319467 -0.922795
vn -0.540957 -0.194661 0.818213
vn -0.545841 -0.196665 0.814482
vn -0.635357 -0.173175 0.752551
vn -0.744108 -0.140781 0.653058
vn -0.944815 -0.042483 0.324840
vn -0.995457 0.026174 0.091547
vn -0.944140 0.137666 -0.299413
vn -0.878817 0.178435 -0.442541
vn -0.744453 0.230154 -0.626753
vn -0.695255 0.244510 -0.675896
vn -0.868736 0.188687 -0.457926
vn -0.874905 0.109574 -0.471736
vn -0.701424 0.176009 -0.690670
vn -0.697172 0.248505 -0.672456
vn -0.994881 0.034543 0.094970
vn -0.994453 -0.059145 0.086982
vn -0.738784 -0.132159 0.660857
vn -0.730112 -0.224692 0.645330
vn -0.577639 -0.177330 0.796798
vn -0.561208 -0.277668 0.779709
vn 0.730849 0.243572 -0.637599
vn 0.728799 0.154969 -0.666961
vn 0.789689 0.158493 -0.592682
vn 0.799350 0.215289 -0.560972
vn 0.268027 0.327408 -0.906071
vn 0.251302 0.234417 -0.939093
vn -0.397567 0.309217 -0.863901
vn -0.409070 0.228581 -0.883410
vn 0.004854 0.959022 0.283290
vn 0.006827 0.959142 0.282844
vn 0.005911 0.959082 0.283066
vn 0.004990 0.959102 0.283016
vn 0.004232 0.958801 0.284047
vn -0.924580 0.054719 -0.377039
vn -0.736324 0.143937 -0.661142
vn -0.957031 -0.141723 0.252995
vn -0.656169 -0.273729 0.703218
vn -0.526828 -0.295054 0.797117
vn 0.647640 0.147548 -0.747524
vn 0.807373 0.102919 -0.580996
vn 0.067211 0.218735 -0.973467
vn -0.512863 0.191236 -0.836900
vn 0.719979 -0.202537 0.663784
vn 0.719982 -0.202059 0.663926
vn 0.719991 -0.200333 0.664440
vn 0.719991 -0.200237 0.664468
vn 0.719983 -0.201867 0.663984
vn 0.004010 0.958941 0.283577
vn 0.004993 0.959062 0.283151
vn 0.004227 0.958881 0.283776
vn 0.948461 0.131559 -0.288295
vn 0.996654 0.061286 -0.054084
vn 0.875762 -0.099546 0.472369
vn 0.640145 0.259920 -0.722950
vn 0.748075 0.230899 -0.622148
vn 0.536557 0.276219 -0.797377
vn 0.541286 0.278365 -0.793424
vn -0.819155 -0.117416 0.561425
vn -0.792340 -0.117786 0.598602
vn 0.653353 0.265717 -0.708889
vn 0.569387 0.279061 -0.773255
vn 0.583763 0.215598 -0.782776
vn 0.656079 0.175134 -0.734091
vn 0.951450 0.137887 -0.275191
vn 0.956958 0.038716 -0.287631
vn 0.004422 0.959142 0.282890
vn 0.004810 0.959701 0.280983
vn 0.004613 0.959482 0.281733
vn 0.004195 0.959361 0.282149
vn -0.719351 -0.238892 0.652277
vn -0.676586 -0.334177 0.656169
vn -0.670795 -0.152981 0.725694
vn -0.711854 -0.059732 0.699783
vn 0.712707 -0.245481 0.657106
vn 0.715810 -0.303200 0.629036
vn 0.719806 -0.137683 0.680385
vn 0.707884 -0.072769 0.702570
vn 0.724796 -0.273085 0.632532
vn 0.725231 -0.117606 0.678387
vn -0.315145 -0.365236 0.875949
vn -0.314267 -0.164436 0.934985
vn -0.639319 0.195329 0.743719
vn -0.662552 0.186436 0.725442
vn -0.277903 0.211173 0.937110
vn 0.666174 0.177718 0.724312
vn 0.661954 0.176627 0.728437
vn 0.674694 0.180140 0.715778
vn -0.664279 -0.551664 0.504382
vn -0.581903 -0.597918 0.551256
vn 0.667790 -0.547002 0.504822
vn 0.671813 -0.545735 0.500840
vn 0.659071 -0.549587 0.513400
vn -0.281460 -0.685319 0.671653
vn -0.724678 -0.237290 0.646943
vn -0.674490 -0.333741 0.658544
vn -0.666728 -0.152765 0.729477
vn -0.717266 -0.058922 0.694304
vn 0.669378 0.253650 -0.698280
vn 0.715550 0.322846 -0.619482
vn 0.732815 0.132255 -0.667451
vn 0.663291 0.072036 -0.744886
vn 0.929026 0.194710 -0.314642
vn 0.927894 -0.002580 -0.372834
vn -0.639870 0.196367 0.742972
vn -0.667516 0.188026 0.720464
vn 0.618353 0.567390 -0.543791
vn 0.698401 0.568862 -0.434319
vn 0.829971 0.529594 -0.175152
vn -0.669550 -0.549305 0.499967
vn -0.572507 -0.602100 0.556517
vn 0.640802 -0.202429 -0.740538
vn 0.616920 -0.180582 -0.766029
vn 0.826461 -0.354890 -0.437053
vn -0.723799 0.198548 -0.660828
vn -0.723178 0.198731 -0.661453
vn -0.716585 0.200649 -0.668016
vn -0.715956 0.200830 -0.668636
vn -0.760205 0.187231 -0.622120
vn -0.676392 0.211587 -0.705497
vn -0.666501 -0.253548 0.701063
vn -0.660363 -0.074007 0.747291
vn -0.713852 -0.141041 0.685946
vn -0.699194 -0.327908 0.635298
vn -0.725688 0.153401 -0.670705
vn -0.719367 0.323024 -0.614952
vn -0.717237 0.260823 -0.646176
vn -0.716019 0.093587 -0.691779
vn -0.709752 0.280330 -0.646272
vn -0.710549 0.124953 -0.692464
vn -0.930565 0.006471 0.366068
vn -0.931764 -0.194240 0.306737
vn -0.616328 0.173617 0.768112
vn -0.632119 0.193333 0.750366
vn -0.825946 0.363150 0.431202
vn -0.670730 0.546195 -0.501789
vn -0.666614 0.547349 -0.505999
vn -0.658072 0.549732 -0.514525
vn -0.678097 -0.571242 0.462458
vn -0.616906 -0.564801 0.548113
vn -0.660953 -0.176143 -0.729462
vn -0.664991 -0.177374 -0.725483
vn -0.673613 -0.180019 -0.716826
vn -0.829504 -0.533341 0.165744
vn 0.716794 -0.200588 0.667811
vn 0.716166 -0.200769 0.668430
vn 0.723385 -0.198670 0.661245
vn 0.724006 -0.198487 0.660619
vn 0.677204 -0.211378 0.704779
vn 0.760922 -0.186996 0.621314
vn 0.111303 -0.912099 -0.394573
vn 0.013060 -0.953651 -0.300630
vn 0.062970 -0.934973 -0.349086
vn -0.037737 -0.967566 -0.249784
vn 0.723216 -0.234438 0.649613
vn 0.723887 -0.234809 0.648732
vn 0.723920 -0.243257 0.645574
vn 0.725435 -0.250676 0.641020
vn 0.729413 -0.262343 0.631770
vn 0.712161 -0.298312 0.635481
vn 0.705072 -0.312754 0.636442
vn 0.656943 -0.385165 0.648131
vn -0.715588 0.164540 -0.678867
vn -0.713739 0.151898 -0.683743
vn -0.714702 0.157778 -0.681400
vn -0.715019 0.164316 -0.679521
vn -0.711672 0.114912 -0.693050
vn -0.707239 0.138621 -0.693251
vn -0.729542 0.062218 -0.681100
vn -0.711652 0.103852 -0.694814
vn -0.692489 -0.269458 0.669217
vn -0.607036 -0.645339 0.463730
vn -0.665063 -0.472100 0.578630
vn 0.681471 0.384442 -0.622738
vn 0.693835 0.226751 -0.683503
vn 0.636136 0.572677 -0.517080
vn -0.325574 -0.942965 0.069417
vn -0.429955 -0.880107 0.201374
vn 0.440079 0.871887 -0.214811
vn 0.335049 0.938716 -0.080956
vn -0.217090 -0.974453 -0.057561
vn 0.244102 0.969380 0.026776
vn 0.038579 0.948077 0.315692
vn -0.007570 0.961875 0.273383
vn 0.015396 0.955502 0.294583
vn 0.050275 -0.971127 -0.233205
vn -0.003733 -0.958860 -0.283853
vn -0.030182 0.967196 0.252233
vn -0.056714 -0.941572 -0.332003
vn 0.723282 -0.234514 0.649513
vn 0.729481 -0.262322 0.631700
vn -0.715018 0.164219 -0.679545
vn -0.707164 0.138544 -0.693343
vn 0.091583 -0.922006 -0.376188
vn 0.010075 -0.954611 -0.297685
vn 0.051379 -0.939754 -0.337967
vn -0.031837 -0.966214 -0.255767
vn 0.723430 -0.245277 0.645359
vn 0.723827 -0.245538 0.644814
vn 0.723718 -0.256691 0.640579
vn 0.725144 -0.266408 0.634975
vn 0.728953 -0.281708 0.623914
vn 0.709152 -0.326920 0.624681
vn 0.700893 -0.345016 0.624270
vn 0.645554 -0.433769 0.628574
vn -0.714782 0.153555 -0.682281
vn -0.712798 0.137143 -0.687831
vn -0.713910 0.144989 -0.685063
vn -0.714351 0.153284 -0.682794
vn -0.709377 0.088973 -0.699191
vn -0.705444 0.119553 -0.698610
vn -0.726211 0.022266 -0.687111
vn -0.708855 0.074716 -0.701386
vn -0.691732 -0.283510 0.664175
vn -0.575915 -0.706269 0.411711
vn -0.652473 -0.521006 0.550301
vn 0.675659 0.420296 -0.605670
vn 0.693746 0.231994 -0.681832
vn 0.613338 0.631164 -0.474814
vn -0.279003 -0.960191 0.013792
vn -0.378904 -0.915470 0.135448
vn 0.389085 0.909175 -0.148367
vn 0.287714 0.957414 -0.024062
vn -0.182517 -0.978483 -0.096224
vn 0.206009 0.976040 0.070042
vn 0.034114 0.949584 0.311650
vn -0.006058 0.961486 0.274788
vn 0.013885 0.955951 0.293196
vn 0.043360 -0.969859 -0.239779
vn -0.003662 -0.958880 -0.283787
vn -0.025789 0.966236 0.256364
vn -0.049952 -0.944070 -0.325941
vn 0.010144 -0.954589 -0.297754
vn 0.723654 -0.256617 0.640681
vn 0.725081 -0.266335 0.635078
vn 0.729103 -0.281479 0.623842
vn -0.712798 0.137149 -0.687830
vn -0.713901 0.144795 -0.685113
vn -0.705439 0.119457 -0.698631
vn -0.726224 0.022362 -0.687094
vn -0.708925 0.074696 -0.701317
vn 0.971939 0.054140 0.228918
vn 0.888249 0.241066 -0.391025
vn 0.957352 0.092858 -0.273594
vn 0.934569 -0.086014 0.345228
vn 0.460182 0.366525 -0.808636
vn 0.604710 0.237322 -0.760266
vn -0.104454 0.401371 -0.909940
vn 0.060931 0.305247 -0.950322
vn -0.645080 0.342209 -0.683202
vn -0.507235 0.280534 -0.814870
vn -0.969225 0.190192 -0.156299
vn -0.923972 0.146827 -0.353154
vn -0.886806 -0.000252 0.462142
vn -0.955304 -0.057660 0.289947
vn -0.923976 0.146731 -0.353183
vn -0.459667 -0.136022 0.877613
vn -0.577289 -0.218571 0.786743
vn 0.105533 -0.173838 0.979103
vn -0.014510 -0.272697 0.961991
vn 0.647412 -0.106711 0.754633
vn 0.546033 -0.223224 0.807477
vn 0.027636 -0.526355 0.849816
vn -0.493616 -0.556228 0.668546
vn -0.860618 -0.477411 0.177245
vn -0.836483 -0.297515 -0.460198
vn -0.417011 -0.130841 -0.899435
vn 0.152100 -0.048176 -0.987190
vn 0.669169 -0.056066 -0.740992
vn 0.960109 -0.148750 -0.236779
vn 0.897909 -0.291222 0.330076
vn 0.535478 -0.428864 0.727557
vn -0.578099 0.346777 -0.738612
vn -0.953689 0.199295 -0.225296
vn -0.900891 0.140795 -0.410576
vn -0.449030 0.273572 -0.850606
vn -0.932481 0.025920 0.360289
vn -0.983690 -0.033807 0.176666
vn -0.588341 -0.103621 0.801946
vn -0.718680 -0.172514 0.673601
vn -0.031548 -0.154906 0.987425
vn -0.207131 -0.242584 0.947760
vn 0.578018 -0.101961 0.809629
vn 0.424794 -0.222907 0.877418
vn 0.954162 0.041524 0.296397
vn 0.903495 -0.102417 0.416183
vn 0.424795 -0.223003 0.877393
vn 0.934165 0.204833 -0.292196
vn 0.977215 0.067778 -0.201141
vn 0.590288 0.332010 -0.735751
vn 0.686006 0.215184 -0.695048
vn 0.032448 0.391487 -0.919611
vn 0.163183 0.296070 -0.941124
vn 0.629080 -0.047361 -0.775896
vn 0.901321 -0.261568 -0.345258
vn 0.838288 -0.497629 0.222799
vn 0.373112 -0.638029 0.673577
vn -0.252346 -0.618230 0.744388
vn -0.744378 -0.475697 0.468629
vn -0.964328 -0.264216 -0.016156
vn -0.834193 -0.049091 -0.549283
vn -0.393807 0.082721 -0.915463
vn 0.157119 0.079555 -0.984370
vn 0.714874 -0.307574 0.627975
vn 0.756730 -0.313382 -0.573717
vn 0.355324 -0.149763 -0.922668
vn 0.486421 -0.008338 -0.873685
vn 0.867280 -0.195331 -0.457900
vn -0.194475 -0.084135 -0.977292
vn -0.088241 0.083386 -0.992603
vn -0.682744 -0.141619 -0.716802
vn -0.637357 0.044875 -0.769261
vn -0.923026 -0.300250 -0.240569
vn -0.951079 -0.109339 -0.288953
vn -0.823468 -0.499379 0.269296
vn -0.909618 -0.320101 0.264820
vn -0.422066 -0.663043 0.618251
vn -0.528772 -0.507108 0.680619
vn 0.127748 -0.728679 0.672835
vn 0.045974 -0.598824 0.799560
vn 0.616023 -0.671164 0.412376
vn 0.595039 -0.560299 0.576190
vn 0.856293 -0.512526 -0.063866
vn 0.908781 -0.406108 0.095879
vn 0.089967 0.934945 0.343197
vn 0.083478 0.937770 0.337074
vn 0.086194 0.936941 0.338693
vn 0.091152 0.933819 0.345939
vn 0.074548 0.938919 0.335968
vn 0.077724 0.938778 0.335641
vn 0.066343 0.938106 0.339935
vn 0.068856 0.938631 0.337980
vn 0.061969 0.935565 0.347676
vn 0.062830 0.936576 0.344786
vn 0.063334 0.932266 0.356186
vn 0.062148 0.933389 0.353443
vn 0.069750 0.929469 0.362246
vn 0.067031 0.930298 0.360629
vn 0.078680 0.928271 0.363486
vn 0.075503 0.928459 0.363679
vn 0.086886 0.929084 0.359519
vn 0.084583 0.928568 0.361396
vn 0.091329 0.931645 0.351706
vn 0.090469 0.930632 0.354598
vn 0.090036 0.934964 0.343128
vn -0.883629 -0.099231 0.457550
vn -0.444226 -0.280437 0.850893
vn -0.624165 -0.228074 0.747262
vn -0.959100 0.116619 0.257929
vn 0.162376 -0.352682 0.921547
vn -0.048799 -0.343159 0.938009
vn 0.707006 -0.291707 0.644243
vn 0.543290 -0.326967 0.773258
vn 0.836773 -0.244904 0.489727
vn 0.836736 -0.244742 0.489872
vn 0.985620 0.123797 -0.115014
vn 0.868975 0.386842 -0.308602
vn 0.944371 0.227582 -0.237424
vn 0.967323 0.019190 -0.252822
vn 0.456185 0.584857 -0.670700
vn 0.622683 0.518472 -0.586048
vn -0.111130 0.678759 -0.725904
vn 0.084189 0.654369 -0.751475
vn -0.619471 0.631895 -0.465795
vn -0.463723 0.661289 -0.589625
vn -0.923336 0.374598 -0.084418
vn -0.807293 0.548242 -0.218425
vn -0.883642 -0.099616 0.457442
vn -0.958983 0.117197 0.258102
vn 0.051803 -0.322137 0.945275
vn 0.627451 -0.286543 0.724015
vn 0.540209 -0.161488 0.825891
vn -0.046791 -0.172472 0.983902
vn -0.542529 -0.222673 0.809987
vn -0.610615 -0.053605 0.790111
vn -0.928736 -0.026041 0.369825
vn -0.936030 0.149821 0.318436
vn -0.959171 0.192586 -0.207126
vn -0.898622 0.359946 -0.250832
vn -0.622267 0.349619 -0.700393
vn -0.512699 0.496632 -0.700354
vn -0.046650 0.385202 -0.921652
vn 0.074284 0.507612 -0.858378
vn 0.547760 0.285729 -0.786332
vn 0.638182 0.388750 -0.664528
vn 0.933907 0.089213 -0.346205
vn 0.963550 0.185341 -0.192926
vn 0.964387 -0.129392 0.230683
vn 0.933940 0.089189 -0.346123
vn 0.963538 0.185346 -0.192978
vn 0.926143 -0.024798 0.376356
vn 0.272183 0.272209 -0.922940
vn 0.272062 0.309213 -0.911246
vn 0.270478 0.391319 -0.879609
vn -0.271767 -0.234807 0.933278
vn -0.269515 -0.148726 0.951442
vn -0.272183 -0.272209 0.922940
vn -0.912963 0.119179 -0.390250
vn -0.962238 0.080791 -0.259944
vn -0.961145 0.123168 -0.247045
vn -0.903023 0.255165 -0.345600
vn 0.974152 -0.067682 0.215516
vn 0.991415 -0.040726 0.124250
vn 0.990632 0.001522 0.136554
vn 0.948490 -0.013737 0.316508
vn 0.225750 0.770509 -0.596115
vn -0.751383 0.659310 -0.027078
vn -0.714966 0.686788 -0.130945
vn -0.221409 0.323347 0.920014
vn 0.781328 0.561148 0.273203
vn 0.744984 0.521230 0.416315
vn 0.906498 0.020134 0.421730
vn 0.722623 0.498971 0.478376
vn 0.915297 -0.117693 0.385200
vn -0.990651 0.042333 -0.129687
vn -0.980004 0.178530 -0.087862
vn -0.777271 0.624900 0.073140
vn 0.032517 0.966594 0.254243
vn 0.014071 0.961801 0.273388
vn -0.007293 0.955404 0.295211
vn -0.022623 0.950188 0.310855
vn -0.011107 0.954152 0.299117
vn -0.022845 0.965681 0.258724
vn -0.053392 0.971894 0.229286
vn -0.030627 0.967431 0.251275
vn 0.042334 0.946558 0.319744
vn 0.133601 0.906257 0.401060
vn -0.825102 -0.157399 0.542616
vn -0.824302 -0.120091 0.553267
vn -0.817953 -0.034853 0.574228
vn 0.824598 0.194493 -0.531235
vn 0.818916 0.277447 -0.502394
vn 0.825102 0.157399 -0.542616
vn 0.440206 -0.256538 0.860469
vn 0.564971 -0.236328 0.790542
vn 0.564660 -0.193602 0.802295
vn 0.436205 -0.116692 0.892249
vn -0.603803 0.228526 -0.763674
vn -0.678016 0.211168 -0.704061
vn -0.677149 0.253164 -0.690925
vn -0.531349 0.318322 -0.785073
vn -0.675527 0.417659 0.607638
vn 0.444955 0.410894 0.795727
vn 0.348232 0.391588 0.851700
vn 0.679868 0.676221 -0.283732
vn -0.530366 0.759073 -0.377520
vn -0.407338 0.786528 -0.464166
vn -0.440235 0.389862 -0.808827
vn -0.348112 0.792948 -0.500052
vn -0.445339 0.255837 -0.858033
vn 0.673806 -0.212249 0.707769
vn 0.667502 -0.073436 0.740978
vn 0.532586 0.424584 0.732175
vn -0.034299 0.946311 0.321434
vn -0.009796 0.954700 0.297410
vn 0.018448 0.962887 0.269274
vn 0.038986 0.967843 0.248515
vn 0.023512 0.964187 0.264178
vn 0.211415 -0.278275 0.936946
vn 0.211401 -0.240864 0.947256
vn 0.210258 -0.154748 0.965321
vn -0.211106 0.315268 -0.925224
vn -0.209294 0.397326 -0.893492
vn -0.211415 0.278275 -0.936946
vn 0.997648 0.015789 -0.066696
vn 0.977389 0.056460 -0.203772
vn 0.976587 0.098896 -0.191044
vn 0.987924 0.152842 -0.025397
vn -0.966148 -0.069715 0.248389
vn -0.936719 -0.095973 0.336670
vn -0.935654 -0.053683 0.348812
vn -0.981201 0.031254 0.190441
vn 0.175792 0.318380 0.931521
vn 0.175854 0.318338 0.931524
vn 0.767987 0.640245 0.016825
vn 0.786224 0.605526 0.123248
vn -0.171513 0.775474 -0.607638
vn -0.733615 0.517728 0.440189
vn -0.771271 0.562065 0.298703
vn -0.986525 0.119418 0.111837
vn -0.782446 0.577920 0.231920
vn -0.997245 -0.017395 0.072112
vn 0.938692 0.094454 -0.331566
vn 0.929661 0.230113 -0.287712
vn 0.741064 0.665935 -0.085762
vn 0.054516 0.941840 0.331610
vn 0.021957 0.953334 0.301118
vn -0.015721 0.964087 0.265121
vn -0.042962 0.970183 0.238535
vn -0.022565 0.965726 0.258583
vn 0.999602 0.004287 -0.027875
vn 0.998997 0.041488 -0.016844
vn 0.992054 0.125546 0.008260
vn -0.998702 0.032918 0.038876
vn -0.991091 0.117039 0.063571
vn -0.999602 -0.004287 0.027875
vn 0.116370 0.281568 -0.952459
vn -0.028015 0.283913 -0.958441
vn -0.027759 0.326113 -0.944923
vn 0.115765 0.415879 -0.902022
vn 0.075706 -0.283383 0.956014
vn 0.171743 -0.280330 0.944415
vn 0.171676 -0.237873 0.956004
vn -0.009569 -0.205961 0.978513
vn 0.823203 0.550457 0.139049
vn -0.019541 0.818402 -0.574314
vn 0.093796 0.814378 -0.572705
vn -0.818861 0.543411 0.184854
vn 0.137251 0.372873 0.917675
vn -0.015320 0.372772 0.927796
vn -0.109006 -0.142265 0.983808
vn -0.084818 0.369874 0.925202
vn -0.110706 -0.281773 0.953073
vn -0.166104 0.280584 -0.945348
vn -0.163815 0.414356 -0.895251
vn -0.128412 0.812406 -0.568776
vn -0.179374 0.929291 0.322866
vn -0.083651 0.906699 0.413400
vn -0.031608 0.983620 0.177463
vn -0.035227 0.889318 0.455931
vn 0.039169 0.921404 0.386627
vn 0.091158 0.984966 0.146737
vn 0.042702 0.993898 0.101703
vn 0.186848 0.953924 0.234768
vn 0.832068 0.151135 0.533686
vn 0.955424 0.279264 0.095798
vn 0.959410 0.235517 0.155127
vn 0.802507 0.113197 0.585806
vn 0.860399 0.400717 -0.314865
vn 0.885176 0.368672 -0.283805
vn 0.860355 0.400750 -0.314943
vn 0.520046 0.527467 -0.671812
vn 0.594055 0.485874 -0.641112
vn 0.885200 0.368585 -0.283841
vn -0.013328 0.574907 -0.818110
vn 0.061069 0.538539 -0.840385
vn -0.555799 0.516679 -0.651253
vn -0.484354 0.490419 -0.724493
vn -0.790245 0.427138 -0.439393
vn -0.787444 0.420949 -0.450260
vn -0.945964 0.324151 0.008831
vn -0.928496 0.357432 -0.100688
vn -0.780284 0.146119 0.608117
vn -0.840352 0.160275 0.517804
vn -0.364075 0.023079 0.931084
vn -0.436380 0.019462 0.899552
vn -0.104697 -0.016497 0.994367
vn -0.124571 0.002788 0.992207
vn 0.428832 0.045456 0.902240
vn 0.324254 0.026695 0.945593
vn -0.448716 -0.101358 0.887908
vn -0.545297 -0.184576 0.817669
vn -0.941913 0.169682 0.289840
vn -0.940773 0.015241 0.338693
vn -0.861444 0.374809 -0.342686
vn -0.844056 0.270865 -0.462820
vn -0.848532 0.155529 -0.505770
vn -0.277780 0.434228 -0.856904
vn 0.073983 0.429347 -0.900104
vn 0.193144 0.355915 -0.914341
vn 0.771715 0.381614 -0.508750
vn 0.902784 0.274974 -0.330712
vn 0.902746 0.275005 -0.330791
vn 0.980918 0.138838 0.136103
vn 0.816770 0.017168 0.576708
vn 0.753478 -0.079336 0.652670
vn 0.016653 0.012065 0.999789
vn -0.079149 -0.089159 0.992868
vn -0.176185 0.338814 -0.924210
vn -0.208802 0.297350 -0.931657
vn -0.095464 0.434707 -0.895498
vn 0.176186 -0.338721 0.924244
vn 0.208802 -0.297350 0.931657
vn 0.095464 -0.434707 0.895498
vn 0.981095 -0.084083 0.174304
vn 0.985508 -0.110778 0.128458
vn 0.958995 -0.018716 0.282805
vn -0.981095 0.084083 -0.174304
vn -0.985508 0.110778 -0.128458
vn -0.958995 0.018716 -0.282805
vn 0.246552 0.021418 -0.968893
vn 0.249959 0.021565 -0.968016
vn 0.339834 0.115969 -0.933308
vn 0.378723 0.158372 -0.911859
vn 0.564256 -0.703010 -0.432888
vn 0.565742 -0.703027 -0.430917
vn 0.671847 -0.630853 -0.388132
vn 0.716636 -0.593182 -0.366836
vn 0.150055 -0.880420 0.449826
vn 0.149882 -0.881423 0.447916
vn 0.241700 -0.817403 0.522909
vn 0.282346 -0.782365 0.555145
vn -0.551028 -0.349437 0.757801
vn -0.550857 -0.353141 0.756207
vn -0.479923 -0.266652 0.835806
vn -0.444380 -0.225158 0.867081
vn -0.899930 0.371885 0.227656
vn -0.900469 0.370468 0.227835
vn -0.826450 0.479914 0.294387
vn -0.786995 0.525560 0.323150
vn -0.475209 0.563289 -0.675930
vn -0.473475 0.564173 -0.676410
vn -0.391462 0.673051 -0.627503
vn -0.351011 0.717479 -0.601677
vn 0.800544 0.393072 0.452354
vn 0.780773 0.407786 0.473396
vn 0.788079 0.399896 0.467990
vn 0.805835 0.395509 0.440684
vn -0.790565 -0.397195 -0.466094
vn -0.807568 -0.396334 -0.436753
vn -0.802281 -0.393911 -0.448530
vn -0.783201 -0.405222 -0.471584
vn 0.810033 0.406572 0.422547
vn 0.808052 0.416957 0.416171
vn -0.807322 -0.420479 -0.414039
vn -0.809386 -0.410040 -0.420429
vn 0.799834 0.435029 0.413539
vn 0.792555 0.443087 0.418964
vn -0.790087 -0.445784 -0.420761
vn -0.797449 -0.437674 -0.415351
vn 0.780122 0.450045 0.434591
vn 0.774841 0.447629 0.446374
vn -0.773021 -0.446777 -0.450365
vn -0.778348 -0.449296 -0.438529
vn 0.770461 0.436367 0.464730
vn 0.772584 0.425889 0.470886
vn -0.773241 -0.422387 -0.472956
vn -0.771161 -0.432968 -0.466744
vn -0.427310 -0.204240 0.880734
vn -0.426760 -0.205094 0.880802
vn -0.427956 -0.203759 0.880532
vn -0.428379 -0.202432 0.880632
vn 0.262118 -0.793819 0.548766
vn 0.282843 -0.780217 0.557908
vn 0.222550 -0.820292 0.526870
vn 0.194381 -0.833330 0.517473
vn 0.699987 -0.603512 -0.381826
vn 0.719199 -0.589907 -0.367101
vn 0.662228 -0.629781 -0.405992
vn 0.637024 -0.642194 -0.426366
vn 0.396862 0.179649 -0.900126
vn 0.397880 0.178926 -0.899820
vn 0.396394 0.180394 -0.900183
vn 0.395514 0.181691 -0.900310
vn -0.290739 0.771131 -0.566417
vn -0.311411 0.755502 -0.576402
vn -0.251427 0.800043 -0.544716
vn -0.221665 0.816341 -0.533340
vn -0.729365 0.579527 0.363559
vn -0.747642 0.564664 0.349550
vn -0.690788 0.609250 0.389393
vn -0.666257 0.623422 0.409202
vn -0.428454 -0.202030 0.880688
vn -0.428680 -0.200923 0.880831
vn 0.160985 -0.851265 0.499432
vn 0.158679 -0.848485 0.504870
vn 0.604939 -0.659957 -0.445540
vn 0.604028 -0.656693 -0.451558
vn 0.395652 0.182264 -0.900133
vn 0.394889 0.182948 -0.900329
vn -0.187776 0.836225 -0.515236
vn -0.183092 0.835266 -0.518467
vn -0.632402 0.644089 0.430369
vn -0.634367 0.639790 0.433876
vn -0.437919 -0.154741 0.885597
vn -0.464301 -0.112082 0.878557
vn -0.466091 -0.114014 0.877360
vn -0.445947 -0.145842 0.883098
vn -0.173688 -0.610893 0.772427
vn -0.309419 -0.373855 0.874353
vn -0.304562 -0.429590 0.850114
vn -0.186621 -0.651645 0.735209
vn -0.092021 -0.524801 0.846236
vn -0.215718 -0.377220 0.900650
vn -0.432206 -0.162291 0.887051
vn -0.464333 -0.112189 0.878527
vn -0.002099 -0.493616 0.869678
vn -0.288746 -0.304637 0.907647
vn -0.450223 -0.134452 0.882736
vn -0.464218 -0.112099 0.878599
vn 0.385657 0.229018 -0.893767
vn 0.377088 0.237700 -0.895156
vn 0.354671 0.268196 -0.895701
vn 0.356393 0.270111 -0.894441
vn 0.550450 -0.282110 -0.785760
vn 0.520485 -0.332257 -0.786575
vn 0.491738 -0.061375 -0.868578
vn 0.497541 0.000416 -0.867441
vn 0.645940 -0.187028 -0.740123
vn 0.579668 -0.008511 -0.814808
vn 0.391647 0.221677 -0.893013
vn 0.356393 0.270015 -0.894470
vn 0.717927 -0.163434 -0.676661
vn 0.524446 0.073678 -0.848250
vn 0.372284 0.248694 -0.894179
vn 0.356517 0.270097 -0.894396
vn -0.880678 -0.178640 -0.438742
vn -0.906288 -0.027850 -0.421741
vn -0.896486 -0.101630 -0.431259
vn 0.524355 0.759145 0.385683
vn 0.604994 0.683533 0.408369
vn 0.443293 0.820815 0.360214
vn 0.545508 0.835858 -0.061339
vn 0.196894 0.826952 0.526672
vn 0.342919 0.876635 0.337516
vn 0.602840 0.754586 -0.259198
vn -0.254374 0.458235 0.851654
vn -0.106164 0.611626 0.783992
vn -0.579695 -0.025376 0.814438
vn -0.487690 0.140164 0.861692
vn -0.724473 -0.462833 0.510808
vn -0.696258 -0.322490 0.641268
vn -0.649436 -0.760386 -0.006813
vn -0.704830 -0.683168 0.191041
vn -0.307445 -0.747298 -0.589086
vn -0.451126 -0.796665 -0.402258
vn 0.144265 -0.388953 -0.909892
vn -0.004674 -0.538635 -0.842526
vn 0.476505 0.086647 -0.874892
vn 0.382028 -0.077260 -0.920916
vn 0.624310 0.527190 -0.576462
vn 0.595739 0.384648 -0.705082
vn 0.681872 0.728429 -0.066644
vn 0.531796 0.619124 0.577822
vn 0.511640 0.739257 0.437862
vn 0.644076 0.731067 -0.225183
vn 0.129212 0.286465 0.949338
vn 0.129435 0.435896 0.890641
vn -0.318690 -0.103254 0.942218
vn -0.306679 0.017072 0.951660
vn -0.676644 -0.421654 0.603623
vn -0.647343 -0.366921 0.668069
vn -0.829606 -0.557946 0.021207
vn -0.779421 -0.614157 0.123749
vn -0.682785 -0.434479 -0.587395
vn -0.618698 -0.607665 -0.497952
vn -0.304440 -0.115758 -0.945472
vn -0.238731 -0.338532 -0.910167
vn 0.133429 0.252481 -0.958358
vn 0.172239 0.054121 -0.983567
vn 0.504911 0.568159 -0.649816
vn 0.494739 0.446915 -0.745319
vn 0.504830 0.568169 -0.649870
vn 0.794433 0.607026 0.019898
vn 0.713076 0.370973 0.594896
vn 0.342704 0.045366 0.938347
vn -0.164403 -0.248042 0.954697
vn -0.653460 -0.409525 0.636616
vn -0.929255 -0.362470 0.071426
vn -0.856768 -0.123564 -0.500680
vn -0.488531 0.197003 -0.850016
vn 0.030485 0.487139 -0.872792
vn 0.525827 0.648864 -0.549983
vn 0.923368 0.381762 0.040619
vn 0.841225 0.054844 0.537896
vn 0.455914 -0.231367 0.859425
vn -0.106459 -0.391236 0.914112
vn -0.661550 -0.353055 0.661592
vn -0.975105 -0.119184 0.186989
vn -0.926473 0.208816 -0.313120
vn -0.548373 0.510370 -0.662427
vn 0.042351 0.679295 -0.732642
vn 0.623418 0.631296 -0.461320
vn 0.002955 -0.428484 0.903544
vn 0.087016 -0.450087 0.888735
vn 0.003104 -0.427662 0.903933
vn -0.013977 -0.422720 0.906153
vn -0.809005 -0.076941 0.582745
vn -0.781429 -0.127305 0.610871
vn -0.814204 -0.066594 0.576747
vn 0.024618 0.876303 -0.481131
vn 0.104549 0.879118 -0.464996
vn 0.010568 0.875192 -0.483660
vn 0.864341 0.483394 -0.138729
vn 0.899182 0.433805 -0.057313
vn 0.857310 0.491567 -0.152907
vn 0.278961 0.909774 -0.307395
vn 0.442851 0.798953 -0.406888
vn -0.083018 0.995004 -0.055457
vn -0.273337 0.957435 0.092765
vn -0.570581 0.740414 0.355280
vn -0.673990 0.574599 0.464299
vn -0.766464 0.217471 0.604350
vn -0.765450 0.026135 0.642964
vn -0.680850 -0.326764 0.655491
vn -0.595302 -0.498653 0.630048
vn -0.353334 -0.780641 0.515513
vn -0.188212 -0.888289 0.418950
vn 0.172532 -0.969612 0.173453
vn 0.360249 -0.932457 0.027275
vn 0.652258 -0.720418 -0.235706
vn 0.753649 -0.558015 -0.347320
vn 0.845072 -0.205666 -0.493512
vn 0.844719 -0.015463 -0.534986
vn 0.763430 0.338151 -0.550299
vn 0.680325 0.511656 -0.524754
vn 0.680256 0.511677 -0.524822
vn 0.763506 0.338037 -0.550263
vn 0.248117 0.848748 -0.466974
vn 0.402017 0.798193 -0.448632
vn -0.225339 0.943630 -0.242458
vn -0.394572 0.876016 -0.277325
vn -0.731843 0.674737 0.095579
vn -0.830975 0.552735 0.062973
vn -0.894618 0.180114 0.408922
vn -0.919735 0.063423 0.387383
vn -0.721074 -0.346475 0.600007
vn -0.674053 -0.422373 0.606015
vn -0.266345 -0.756438 0.597379
vn -0.150199 -0.746353 0.648381
vn 0.324621 -0.869258 0.372843
vn 0.462401 -0.751992 0.469779
vn 0.782544 -0.621742 0.032592
vn 0.882799 -0.444992 0.150491
vn 0.950590 -0.161729 -0.264996
vn 0.984900 0.016359 -0.172349
vn 0.823620 0.355712 -0.441723
vn 0.766758 0.495533 -0.408079
vn 0.766701 0.495562 -0.408153
vn -0.488926 0.704301 -0.514695
vn 0.126264 0.792317 -0.596902
vn -0.897627 0.389323 -0.206624
vn -0.978981 -0.022151 0.202745
vn -0.702995 -0.395788 0.590889
vn -0.138395 -0.581784 0.801483
vn 0.475172 -0.492925 0.728860
vn 0.888134 -0.184762 0.420810
vn 0.974260 0.225420 -0.001575
vn 0.693588 0.602342 -0.395120
vn -0.529989 0.435007 -0.727929
vn 0.036924 0.627583 -0.777674
vn -0.905820 0.146257 -0.397616
vn -0.983439 -0.148040 0.104555
vn -0.710366 -0.339518 0.616529
vn -0.177364 -0.340406 0.923399
vn 0.393792 -0.157307 0.905639
vn 0.800896 0.136202 0.583108
vn 0.894938 0.442863 0.054396
vn 0.599989 0.637850 -0.482867
vn 0.600090 0.637765 -0.482853
vn -0.988200 -0.152763 -0.011157
vn -0.988274 -0.152538 0.006760
vn -0.988205 -0.152723 -0.011292
vn -0.983205 -0.153215 -0.099162
vn -0.550094 -0.148740 0.821750
vn -0.541189 -0.142305 0.828773
vn -0.592507 -0.179695 0.785267
vn 0.711517 0.685818 0.152959
vn 0.714135 0.680086 0.165816
vn 0.693944 0.715672 0.079086
vn 0.239964 0.656541 -0.715102
vn 0.256141 0.658278 -0.707857
vn 0.146504 0.642531 -0.752124
vn -0.241836 -0.290112 0.925932
vt 0.198708 0.637534
vt 0.234555 0.810452
vt 0.237885 0.660782
vt 0.156512 0.657538
vt 0.157310 0.809737
vt 0.032586 0.305514
vt 0.138994 0.214943
vt 0.032703 0.214805
vt 0.344498 0.305514
vt 0.344615 0.215210
vt 0.226915 0.215057
vt 0.344863 0.024180
vt 0.227035 0.122413
vt 0.344735 0.122566
vt 0.555366 0.620808
vt 0.525425 0.621990
vt 0.545979 0.640150
vt 0.703497 0.632040
vt 0.703766 0.644967
vt 0.709725 0.620711
vt 0.751722 0.631037
vt 0.745762 0.655292
vt 0.751990 0.643963
vt 0.408401 0.317210
vt 0.426405 0.315345
vt 0.390399 0.315345
vt 0.408393 0.317216
vt 0.426397 0.315351
vt 0.390392 0.315351
vt 0.627038 0.072824
vt 0.629668 0.078340
vt 0.650736 0.078532
vt 0.675500 0.071756
vt 0.672445 0.078298
vt 0.600993 0.074672
vt 0.579813 0.068877
vt 0.582426 0.074473
vt 0.621262 0.069791
vt 0.619012 0.074508
vt 0.220644 0.128904
vt 0.207065 0.139746
vt 0.220956 0.139618
vt 0.220638 0.128912
vt 0.220949 0.139623
vt 0.207062 0.139750
vt 0.949122 0.597231
vt 0.955406 0.598935
vt 0.961638 0.596347
vt 0.961430 0.578168
vt 0.955147 0.576465
vt 0.948914 0.579054
vt 0.949123 0.597232
vt 0.961638 0.596348
vt 0.860312 0.451857
vt 0.874741 0.453387
vt 0.868700 0.443409
vt 0.537019 0.284964
vt 0.536350 0.273283
vt 0.546464 0.281809
vt 0.204156 0.857615
vt 0.271518 0.856214
vt 0.271518 0.901396
vt 0.204156 0.899995
vt 0.010645 0.858310
vt 0.010645 0.899297
vt 0.008767 0.853584
vt 0.152514 0.854868
vt 0.147622 0.650113
vt 0.012735 0.644234
vt 0.059247 0.588517
vt 0.087227 0.575408
vt 0.204111 0.622597
vt 0.204330 0.573554
vt 0.009995 0.569599
vt 0.316824 0.570065
vt 0.316985 0.334568
vt 0.010155 0.334103
vt 0.566967 0.211539
vt 0.566967 0.239347
vt 0.629407 0.242384
vt 0.629108 0.214280
vt 0.705424 0.239521
vt 0.705742 0.213331
vt 0.773908 0.241927
vt 0.774203 0.215096
vt 0.822129 0.240247
vt 0.822129 0.214523
vt 0.514444 0.402537
vt 0.514444 0.415372
vt 0.526844 0.415372
vt 0.526844 0.402537
vt 0.551999 0.402537
vt 0.551999 0.415372
vt 0.564669 0.415372
vt 0.564669 0.402537
vt 0.481995 0.432843
vt 0.471706 0.449305
vt 0.481995 0.454792
vt 0.492285 0.449305
vt 0.492285 0.438331
vt 0.627840 0.440285
vt 0.649325 0.454437
vt 0.638135 0.450043
vt 0.587934 0.407259
vt 0.582871 0.420766
vt 0.588185 0.439122
vt 0.595805 0.411663
vt 0.576238 0.424739
vt 0.583448 0.435461
vt 0.645320 0.565656
vt 0.663068 0.565657
vt 0.663068 0.557037
vt 0.628080 0.565656
vt 0.645320 0.557037
vt 0.611505 0.565656
vt 0.628080 0.557037
vt 0.611503 0.557037
vt 0.595075 0.565662
vt 0.595073 0.557045
vt 0.579433 0.565670
vt 0.579431 0.557052
vt 0.682203 0.565656
vt 0.682203 0.557036
vt 0.680069 0.478679
vt 0.687342 0.468265
vt 0.658207 0.468260
vt 0.665470 0.478685
vt 0.665506 0.457893
vt 0.680029 0.457886
vt 0.616080 0.372041
vt 0.619967 0.373248
vt 0.622910 0.364541
vt 0.619586 0.360479
vt 0.576422 0.367054
vt 0.572607 0.369039
vt 0.574931 0.380349
vt 0.579220 0.380289
vt 0.618617 0.383510
vt 0.573607 0.390062
vt 0.578360 0.393861
vt 0.614474 0.383641
vt 0.615443 0.396067
vt 0.620348 0.393075
vt 0.573305 0.354868
vt 0.576423 0.367054
vt 0.569637 0.359136
vt 0.614475 0.383641
vt 0.573306 0.354868
vt 0.595079 0.577424
vt 0.611507 0.577419
vt 0.628080 0.577419
vt 0.645320 0.577419
vt 0.663068 0.577419
vt 0.579439 0.577431
vt 0.475770 0.455325
vt 0.466987 0.462784
vt 0.468340 0.475726
vt 0.478477 0.481208
vt 0.347338 0.540059
vt 0.364235 0.537567
vt 0.361352 0.520540
vt 0.342683 0.476976
vt 0.361217 0.475862
vt 0.362972 0.459025
vt 0.344748 0.457135
vt 0.344424 0.520271
vt 0.220222 0.595179
vt 0.232442 0.591968
vt 0.233884 0.586760
vt 0.219438 0.583879
vt 0.235697 0.577649
vt 0.221250 0.574774
vt 0.222594 0.604159
vt 0.234799 0.600948
vt 0.210959 0.595820
vt 0.210177 0.584519
vt 0.308714 0.586081
vt 0.310371 0.601710
vt 0.315830 0.600895
vt 0.317127 0.586207
vt 0.325129 0.601731
vt 0.326425 0.587016
vt 0.299412 0.587062
vt 0.301074 0.602722
vt 0.311744 0.611057
vt 0.317252 0.610242
vt 0.308859 0.577039
vt 0.317253 0.577163
vt 0.358855 0.609095
vt 0.358383 0.584027
vt 0.338193 0.584865
vt 0.338663 0.609932
vt 0.414243 0.614163
vt 0.418771 0.594355
vt 0.399013 0.589480
vt 0.394498 0.609284
vt 0.748398 0.675457
vt 0.748784 0.691477
vt 0.659783 0.688498
vt 0.660428 0.678715
vt 0.578565 0.691342
vt 0.579945 0.676595
vt 0.735680 0.392351
vt 0.834453 0.392351
vt 0.835030 0.382989
vt 0.735271 0.377828
vt 0.836912 0.346779
vt 0.737131 0.341597
vt 0.735672 0.428636
vt 0.834459 0.428636
vt 0.358854 0.609097
vt 0.338661 0.609932
vt 0.338191 0.584864
vt 0.358382 0.584027
vt 0.414245 0.614164
vt 0.394499 0.609285
vt 0.399014 0.589479
vt 0.418774 0.594355
vt 0.139115 0.122299
vt 0.032824 0.122161
vt 0.367259 0.122595
vt 0.367259 0.024180
vt 0.367259 0.215239
vt 0.367259 0.305514
vt 0.010555 0.024180
vt 0.010428 0.122132
vt 0.032951 0.024180
vt 0.010307 0.214776
vt 0.032980 0.001349
vt 0.344892 0.001754
vt 0.032557 0.327476
vt 0.344469 0.327881
vt 0.362282 0.405026
vt 0.362002 0.420574
vt 0.366540 0.420627
vt 0.366819 0.405137
vt 0.330516 0.419972
vt 0.344622 0.438430
vt 0.364777 0.424145
vt 0.373688 0.436665
vt 0.353504 0.450978
vt 0.330767 0.404645
vt 0.366541 0.420627
vt 0.364778 0.424144
vt 0.579622 0.625485
vt 0.557362 0.640988
vt 0.564761 0.662583
vt 0.580476 0.661685
vt 0.535133 0.601239
vt 0.526845 0.603327
vt 0.515615 0.633980
vt 0.533779 0.656167
vt 0.523988 0.718247
vt 0.550740 0.718669
vt 0.576483 0.581689
vt 0.554962 0.581699
vt 0.554955 0.597452
vt 0.576476 0.597484
vt 0.588662 0.581696
vt 0.588654 0.597490
vt 0.678338 0.581744
vt 0.669282 0.581740
vt 0.669273 0.597537
vt 0.678328 0.597542
vt 0.636647 0.581726
vt 0.608401 0.581707
vt 0.608393 0.597502
vt 0.636638 0.597515
vt 0.487466 0.581644
vt 0.487458 0.597440
vt 0.769639 0.651693
vt 0.776566 0.655127
vt 0.776876 0.635825
vt 0.767555 0.635563
vt 0.786196 0.636039
vt 0.769050 0.656354
vt 0.776390 0.660423
vt 0.783467 0.656971
vt 0.783360 0.652036
vt 0.789129 0.652754
vt 0.791961 0.636729
vt 0.763891 0.652210
vt 0.761781 0.636010
vt 0.721785 0.662257
vt 0.745028 0.619977
vt 0.733703 0.613746
vt 0.720782 0.614015
vt 0.710460 0.656026
vt 0.734706 0.661988
vt 0.600539 0.939346
vt 0.600318 0.907033
vt 0.611602 0.906953
vt 0.611815 0.939264
vt 0.918026 0.263616
vt 0.931187 0.286410
vt 0.957508 0.286196
vt 0.970667 0.263616
vt 0.957508 0.240822
vt 0.931187 0.240822
vt 0.239664 0.713314
vt 0.258710 0.746302
vt 0.296801 0.745992
vt 0.315846 0.713314
vt 0.296801 0.680327
vt 0.258710 0.680327
vt 0.621440 0.720752
vt 0.616770 0.720752
vt 0.616770 0.727266
vt 0.621440 0.727266
vt 0.982500 0.722041
vt 0.989364 0.722142
vt 0.988048 0.694953
vt 0.981184 0.694852
vt 0.995131 0.718586
vt 0.994168 0.698683
vt 0.975416 0.698408
vt 0.976380 0.718311
vt 0.972290 0.704667
vt 0.998258 0.712327
vt 0.997905 0.705042
vt 0.632629 0.660273
vt 0.632629 0.652215
vt 0.585126 0.652215
vt 0.632629 0.644505
vt 0.585126 0.644505
vt 0.632629 0.636445
vt 0.585126 0.636445
vt 0.632629 0.628080
vt 0.632629 0.620657
vt 0.585126 0.620657
vt 0.585126 0.628079
vt 0.632629 0.612305
vt 0.585126 0.612305
vt 0.664117 0.425566
vt 0.656733 0.437835
vt 0.664181 0.450016
vt 0.679015 0.449938
vt 0.686402 0.437669
vt 0.678953 0.425479
vt 0.862652 0.294818
vt 0.900958 0.295147
vt 0.901080 0.287611
vt 0.862738 0.287145
vt 0.900850 0.261062
vt 0.862513 0.260394
vt 0.901105 0.248424
vt 0.862745 0.247734
vt 0.908542 0.288975
vt 0.913220 0.263350
vt 0.850116 0.262865
vt 0.855231 0.288633
vt 0.968933 0.438529
vt 0.968933 0.541315
vt 0.990302 0.541315
vt 0.990302 0.438529
vt 0.990302 0.377804
vt 0.990301 0.275017
vt 0.968932 0.275017
vt 0.968933 0.377804
vt 0.838109 0.242946
vt 0.882559 0.242946
vt 0.882627 0.220025
vt 0.838109 0.220025
vt 0.882559 0.214516
vt 0.838109 0.214516
vt 0.761114 0.125281
vt 0.793028 0.125281
vt 0.793028 0.108849
vt 0.761162 0.108849
vt 0.888136 0.242947
vt 0.888136 0.220025
vt 0.755083 0.109138
vt 0.731835 0.108988
vt 0.729677 0.121890
vt 0.757076 0.122066
vt 0.919081 0.230139
vt 0.919296 0.175990
vt 0.893660 0.179994
vt 0.893562 0.225961
vt 0.891819 0.169066
vt 0.917552 0.164869
vt 0.891845 0.236798
vt 0.917357 0.240962
vt 0.743574 0.104480
vt 0.850272 0.102825
vt 0.850272 0.088665
vt 0.743574 0.088665
vt 0.850272 0.020501
vt 0.743574 0.020501
vt 0.850272 0.003030
vt 0.865709 0.090825
vt 0.865709 0.015405
vt 0.728224 0.016685
vt 0.727304 0.092105
vt 0.983460 0.080071
vt 0.883113 0.080071
vt 0.883113 0.088298
vt 0.983460 0.088298
vt 0.883113 0.147522
vt 0.983460 0.147522
vt 0.883113 0.154776
vt 0.983460 0.155066
vt 0.873752 0.076169
vt 0.992940 0.076169
vt 0.992940 0.005826
vt 0.873752 0.005826
vt 0.991462 0.147522
vt 0.991462 0.088298
vt 0.952457 0.996821
vt 0.970560 0.997140
vt 0.970981 0.973276
vt 0.955902 0.974128
vt 0.624658 0.959808
vt 0.613835 0.988165
vt 0.623014 0.991721
vt 0.633890 0.963368
vt 0.639268 0.971669
vt 0.632533 0.989195
vt 0.615092 0.962349
vt 0.608834 0.970042
vt 0.608284 0.979956
vt 0.223918 0.910653
vt 0.233000 0.910653
vt 0.233000 0.907305
vt 0.223918 0.907305
vt 0.242220 0.910653
vt 0.242220 0.907305
vt 0.251161 0.910653
vt 0.251160 0.907305
vt 0.260035 0.910653
vt 0.260035 0.907305
vt 0.268544 0.910653
vt 0.268544 0.907305
vt 0.277163 0.910653
vt 0.277163 0.907305
vt 0.207906 0.910653
vt 0.215683 0.910653
vt 0.215683 0.907305
vt 0.207906 0.907305
vt 0.853675 0.858557
vt 0.855302 0.845863
vt 0.843172 0.844352
vt 0.841518 0.857027
vt 0.649959 0.965912
vt 0.696430 0.965912
vt 0.696430 0.952047
vt 0.649959 0.952047
vt 0.696430 0.972673
vt 0.649959 0.972673
vt 0.649959 0.984788
vt 0.696430 0.984788
vt 0.649959 0.991922
vt 0.696430 0.991922
vt 0.958798 0.528001
vt 0.958798 0.513416
vt 0.892225 0.513416
vt 0.892225 0.528002
vt 0.892225 0.495377
vt 0.892225 0.507565
vt 0.958798 0.507565
vt 0.958798 0.495376
vt 0.958798 0.490659
vt 0.892225 0.490659
vt 0.650085 0.965852
vt 0.696430 0.965852
vt 0.650085 0.952047
vt 0.696430 0.972605
vt 0.650085 0.972605
vt 0.650085 0.984705
vt 0.696430 0.984705
vt 0.650085 0.991922
vt 0.958798 0.513415
vt 0.892225 0.513415
vt 0.892225 0.528001
vt 0.958798 0.490658
vt 0.892225 0.490658
vt 0.592711 0.965417
vt 0.588222 0.951603
vt 0.550219 0.951608
vt 0.545739 0.965419
vt 0.550215 0.979216
vt 0.588215 0.979224
vt 0.576476 0.987751
vt 0.561961 0.987757
vt 0.576475 0.943077
vt 0.561967 0.943074
vt 0.797692 0.676526
vt 0.795813 0.667596
vt 0.772302 0.670825
vt 0.773357 0.675835
vt 0.792431 0.659122
vt 0.770406 0.666076
vt 0.791452 0.693604
vt 0.795301 0.685331
vt 0.772017 0.680774
vt 0.769856 0.685414
vt 0.797702 0.676526
vt 0.795820 0.667591
vt 0.772294 0.670822
vt 0.773350 0.675834
vt 0.792437 0.659110
vt 0.770398 0.666069
vt 0.791458 0.693615
vt 0.795308 0.685336
vt 0.772010 0.680776
vt 0.769848 0.685420
vt 0.792437 0.659111
vt 0.791457 0.693615
vt 0.743085 0.844945
vt 0.745467 0.860837
vt 0.760808 0.858542
vt 0.758528 0.842570
vt 0.853675 0.858558
vt 0.452325 0.997102
vt 0.468568 0.991563
vt 0.467918 0.946644
vt 0.451523 0.941579
vt 0.435280 0.947116
vt 0.435936 0.992037
vt 0.478205 0.960378
vt 0.478449 0.977536
vt 0.425400 0.961144
vt 0.425649 0.978301
vt 0.397306 0.942556
vt 0.382211 0.947218
vt 0.381609 0.988578
vt 0.396562 0.993678
vt 0.412259 0.947656
vt 0.411657 0.989014
vt 0.421357 0.960570
vt 0.421130 0.976369
vt 0.372738 0.959864
vt 0.372511 0.975662
vt 0.798102 0.885738
vt 0.814208 0.917624
vt 0.826405 0.906006
vt 0.789242 0.887569
vt 0.786081 0.886458
vt 0.767554 0.919929
vt 0.782798 0.925228
vt 0.173513 0.155390
vt 0.183231 0.155676
vt 0.188423 0.147431
vt 0.168910 0.146914
vt 0.183467 0.139131
vt 0.174377 0.138546
vt 0.194991 0.179274
vt 0.207891 0.172147
vt 0.207779 0.158104
vt 0.194765 0.151186
vt 0.181864 0.158313
vt 0.181977 0.172356
vt 0.795787 0.887974
vt 0.456386 0.334431
vt 0.433241 0.334431
vt 0.433241 0.347763
vt 0.351838 0.334431
vt 0.325524 0.334431
vt 0.325524 0.347763
vt 0.351838 0.347763
vt 0.371053 0.334431
vt 0.371053 0.347763
vt 0.390364 0.334431
vt 0.390364 0.347763
vt 0.412002 0.334431
vt 0.412002 0.347763
vt 0.377220 0.266889
vt 0.372396 0.289371
vt 0.444407 0.289371
vt 0.439584 0.266889
vt 0.439584 0.306837
vt 0.377220 0.306837
vt 0.390363 0.347763
vt 0.390363 0.334431
vt 0.456386 0.347763
vt 0.478889 0.347763
vt 0.478889 0.334431
vt 0.559262 0.348354
vt 0.505244 0.347769
vt 0.505244 0.397436
vt 0.559262 0.397062
vt 0.456379 0.334437
vt 0.433234 0.334437
vt 0.433234 0.347769
vt 0.351830 0.334437
vt 0.325517 0.334437
vt 0.325517 0.347769
vt 0.351830 0.347769
vt 0.371046 0.334437
vt 0.390356 0.334437
vt 0.371046 0.347769
vt 0.390356 0.347769
vt 0.411994 0.334437
vt 0.411994 0.347769
vt 0.377213 0.266895
vt 0.372389 0.289377
vt 0.444399 0.289377
vt 0.439576 0.266895
vt 0.439576 0.306843
vt 0.377213 0.306843
vt 0.628535 0.029757
vt 0.650762 0.029757
vt 0.600970 0.032956
vt 0.619981 0.032956
vt 0.674432 0.029758
vt 0.580727 0.032956
vt 0.174822 0.136832
vt 0.189025 0.136979
vt 0.191327 0.128441
vt 0.176133 0.126594
vt 0.212013 0.185213
vt 0.222181 0.184952
vt 0.174829 0.136837
vt 0.176141 0.126603
vt 0.191329 0.128449
vt 0.189029 0.136985
vt 0.222174 0.184944
vt 0.212009 0.185205
vt 0.223976 0.196470
vt 0.213034 0.197378
vt 0.213019 0.206849
vt 0.223957 0.207798
vt 0.186358 0.196200
vt 0.152191 0.196168
vt 0.152185 0.207900
vt 0.186344 0.207939
vt 0.143715 0.195955
vt 0.143715 0.208114
vt 0.029076 0.989527
vt 0.085869 0.982982
vt 0.085950 0.973428
vt 0.028546 0.972752
vt 0.029073 0.919083
vt 0.086440 0.919348
vt 0.086530 0.909799
vt 0.029941 0.902334
vt 0.160624 0.973789
vt 0.161108 0.920146
vt 0.144866 0.920019
vt 0.144381 0.973663
vt 0.012803 0.918944
vt 0.012275 0.972612
vt 0.144329 0.903285
vt 0.143542 0.990387
vt 0.223956 0.207798
vt 0.223974 0.196470
vt 0.029941 0.902335
vt 0.945111 0.584944
vt 0.945189 0.591887
vt 0.965441 0.590457
vt 0.965362 0.583513
vt 0.965441 0.590458
vt 0.432887 0.915098
vt 0.447248 0.915094
vt 0.448154 0.849959
vt 0.431404 0.851894
vt 0.448393 0.833024
vt 0.533533 0.849959
vt 0.533772 0.833024
vt 0.535639 0.764845
vt 0.450253 0.764845
vt 0.450110 0.828183
vt 0.535500 0.828183
vt 0.432886 0.915347
vt 0.431404 0.851905
vt 0.532626 0.915094
vt 0.535638 0.764845
vt 0.535498 0.828183
vt 0.450254 0.764845
vt 0.549546 0.839804
vt 0.686557 0.839804
vt 0.686557 0.766420
vt 0.549546 0.766420
vt 0.551589 0.891219
vt 0.684735 0.891406
vt 0.728195 0.378410
vt 0.728242 0.345495
vt 0.712121 0.343125
vt 0.712069 0.380736
vt 0.695325 0.345451
vt 0.695278 0.378366
vt 0.940809 0.297498
vt 0.899813 0.300379
vt 0.899998 0.325679
vt 0.900832 0.373884
vt 0.939885 0.344344
vt 0.900142 0.343649
vt 0.868001 0.372721
vt 0.868660 0.345654
vt 0.866602 0.297789
vt 0.843504 0.298977
vt 0.844879 0.325713
vt 0.868319 0.324892
vt 0.844917 0.372430
vt 0.845249 0.345712
vt 0.939386 0.324138
vt 0.941715 0.371086
vt 0.944090 0.643423
vt 0.949905 0.657973
vt 0.988907 0.652063
vt 0.997019 0.642184
vt 0.941174 0.629693
vt 0.996136 0.628493
vt 0.947399 0.616345
vt 0.987859 0.615844
vt 0.975149 0.609363
vt 0.959784 0.608446
vt 0.977305 0.661967
vt 0.913207 0.453729
vt 0.911983 0.462700
vt 0.956080 0.463603
vt 0.957304 0.454633
vt 0.956794 0.479568
vt 0.913946 0.417646
vt 0.913480 0.437172
vt 0.957577 0.438075
vt 0.958044 0.418549
vt 0.912697 0.478665
vt 0.852377 0.444507
vt 0.844290 0.440132
vt 0.843951 0.458750
vt 0.836033 0.445066
vt 0.835864 0.454375
vt 0.993792 0.684717
vt 0.994203 0.671255
vt 0.983798 0.664368
vt 0.972933 0.670948
vt 0.972512 0.684500
vt 0.982962 0.691383
vt 0.726423 0.719640
vt 0.736393 0.719640
vt 0.736392 0.711134
vt 0.726423 0.711134
vt 0.717259 0.719640
vt 0.717259 0.711134
vt 0.706925 0.719640
vt 0.706925 0.711134
vt 0.696485 0.719640
vt 0.696485 0.711134
vt 0.685626 0.719640
vt 0.685627 0.711134
vt 0.746240 0.719640
vt 0.746240 0.711134
vt 0.962377 0.382209
vt 0.953389 0.409837
vt 0.962378 0.409832
vt 0.917808 0.382206
vt 0.908728 0.382209
vt 0.908733 0.409840
vt 0.917813 0.409832
vt 0.926084 0.382207
vt 0.926087 0.409835
vt 0.934492 0.382204
vt 0.934492 0.409835
vt 0.943949 0.382205
vt 0.943950 0.409833
vt 0.953388 0.382203
vt 0.765355 0.668489
vt 0.766762 0.663419
vt 0.756110 0.656121
vt 0.752188 0.659469
vt 0.761434 0.671836
vt 0.750782 0.664539
vt 0.756496 0.672182
vt 0.752426 0.669395
vt 0.765117 0.658563
vt 0.761048 0.655775
vt 0.755030 0.690070
vt 0.755121 0.691118
vt 0.767342 0.693549
vt 0.766882 0.688114
vt 0.752680 0.687988
vt 0.753539 0.688588
vt 0.761753 0.678759
vt 0.757282 0.675638
vt 0.929129 0.616217
vt 0.921653 0.618887
vt 0.920002 0.626975
vt 0.935022 0.621201
vt 0.925710 0.632243
vt 0.933476 0.629371
vt 0.857028 0.645947
vt 0.846384 0.658935
vt 0.853634 0.664879
vt 0.862578 0.661358
vt 0.864277 0.651892
vt 0.848080 0.649470
vt 0.836061 0.189941
vt 0.871098 0.177117
vt 0.853693 0.205576
vt 0.835760 0.168035
vt 0.848132 0.147715
vt 0.862902 0.142782
vt 0.852146 0.130615
vt 0.529300 0.311967
vt 0.529108 0.297958
vt 0.551706 0.303766
vt 0.540575 0.321965
vt 0.527892 0.933630
vt 0.538348 0.933583
vt 0.538309 0.923126
vt 0.527846 0.923165
vt 0.625545 0.417834
vt 0.616979 0.448089
vt 0.594928 0.445071
vt 0.655666 0.463990
vt 0.654573 0.448402
vt 0.565258 0.430230
vt 0.560053 0.438792
vt 0.569873 0.436974
vt 0.474983 0.279034
vt 0.497509 0.277984
vt 0.487295 0.270060
vt 0.476619 0.318946
vt 0.486572 0.327711
vt 0.494340 0.318109
vt 0.413139 0.551358
vt 0.417025 0.526779
vt 0.430646 0.563410
vt 0.389300 0.557957
vt 0.388884 0.402444
vt 0.421084 0.413119
vt 0.396349 0.432831
vt 0.468690 0.743511
vt 0.475418 0.747458
vt 0.478038 0.731446
vt 0.510176 0.746045
vt 0.501252 0.732821
vt 0.502587 0.749301
vt 0.506222 0.709553
vt 0.498085 0.704042
vt 0.499863 0.717505
vt 0.474427 0.709006
vt 0.480238 0.716706
vt 0.482262 0.703522
vt 0.502117 0.686692
vt 0.495074 0.681746
vt 0.496119 0.691673
vt 0.477232 0.686534
vt 0.483963 0.691341
vt 0.484430 0.681347
vt 0.500697 0.658278
vt 0.494735 0.654680
vt 0.494075 0.664108
vt 0.478454 0.657938
vt 0.485060 0.663744
vt 0.484474 0.654310
vt 0.500532 0.639841
vt 0.496369 0.635093
vt 0.494899 0.644346
vt 0.478967 0.639371
vt 0.484513 0.643967
vt 0.483350 0.634710
vt 0.503024 0.617634
vt 0.498736 0.615408
vt 0.497418 0.625613
vt 0.477373 0.617081
vt 0.482697 0.625220
vt 0.481834 0.614997
vt 0.481508 0.413066
vt 0.480532 0.414847
vt 0.480974 0.416919
vt 0.564173 0.517083
vt 0.559639 0.500179
vt 0.530028 0.514377
vt 0.551360 0.487118
vt 0.532862 0.478079
vt 0.523434 0.483948
vt 0.510684 0.484103
vt 0.498154 0.500666
vt 0.495473 0.519836
vt 0.501886 0.533329
vt 0.509988 0.544475
vt 0.525011 0.551055
vt 0.546770 0.546941
vt 0.559945 0.535375
vt 0.534909 0.661859
vt 0.534258 0.665116
vt 0.551174 0.674648
vt 0.532890 0.668571
vt 0.532254 0.671591
vt 0.532811 0.675943
vt 0.534498 0.679799
vt 0.552799 0.652439
vt 0.550855 0.652380
vt 0.547589 0.652918
vt 0.543878 0.653910
vt 0.540716 0.655090
vt 0.539240 0.656581
vt 0.536769 0.659202
vt 0.877978 0.856483
vt 0.877232 0.872658
vt 0.889929 0.851614
vt 0.905011 0.870715
vt 0.902126 0.972930
vt 0.877310 0.972490
vt 0.890365 0.983221
vt 0.878460 0.981310
vt 0.905096 0.852899
vt 0.901777 0.982274
vt 0.723741 0.946973
vt 0.722927 0.960191
vt 0.736016 0.945534
vt 0.736322 0.974965
vt 0.725525 0.973947
vt 0.828994 0.946923
vt 0.845428 0.959954
vt 0.843442 0.947405
vt 0.831004 0.976284
vt 0.844607 0.974824
vt 0.972286 0.964119
vt 0.943732 0.957997
vt 0.944710 0.863614
vt 0.970146 0.858760
vt 0.955654 0.852027
vt 0.968477 0.850066
vt 0.945665 0.969435
vt 0.945065 0.855897
vt 0.260362 0.824402
vt 0.258718 0.830026
vt 0.255089 0.827156
vt 0.256301 0.820871
vt 0.250601 0.822925
vt 0.248926 0.828532
vt 0.252981 0.832101
vt 0.252928 0.820876
vt 0.254644 0.815113
vt 0.248278 0.816496
vt 0.250476 0.811502
vt 0.244596 0.813614
vt 0.242846 0.819357
vt 0.247009 0.823010
vt 0.275191 0.846095
vt 0.272207 0.849169
vt 0.274373 0.844567
vt 0.276356 0.841025
vt 0.274536 0.839067
vt 0.271571 0.842145
vt 0.270407 0.847178
vt 0.259081 0.843251
vt 0.262060 0.840121
vt 0.259253 0.837672
vt 0.263258 0.834998
vt 0.261475 0.833043
vt 0.258515 0.836177
vt 0.257318 0.841262
vt 0.503285 0.920274
vt 0.497208 0.920274
vt 0.502118 0.935389
vt 0.492432 0.920274
vt 0.486946 0.920274
vt 0.492081 0.935389
vt 0.524836 0.920274
vt 0.519326 0.920274
vt 0.524730 0.935389
vt 0.480603 0.979707
vt 0.491431 0.994171
vt 0.506829 0.968376
vt 0.508694 0.999504
vt 0.525797 0.993671
vt 0.536202 0.978901
vt 0.535943 0.960833
vt 0.525109 0.946372
vt 0.507847 0.941039
vt 0.490749 0.946871
vt 0.480338 0.961641
vt 0.684567 0.662749
vt 0.696486 0.646341
vt 0.665273 0.636200
vt 0.696486 0.626060
vt 0.684567 0.609652
vt 0.665273 0.603384
vt 0.648314 0.612855
vt 0.637833 0.627283
vt 0.637833 0.645118
vt 0.648314 0.659545
vt 0.665273 0.665057
vt 0.850508 0.375082
vt 0.838249 0.383533
vt 0.850252 0.386839
vt 0.842025 0.128282
vt 0.850396 0.112569
vt 0.235704 0.841928
vt 0.156016 0.842307
vt 0.838848 0.293986
vt 0.836522 0.271306
vt 0.789349 0.276038
vt 0.788994 0.292912
vt 0.836139 0.250269
vt 0.790060 0.252294
vt 0.839620 0.315037
vt 0.790838 0.315774
vt 0.703195 0.252538
vt 0.701350 0.278026
vt 0.702717 0.294367
vt 0.705239 0.318423
vt 0.609743 0.278209
vt 0.612827 0.250235
vt 0.566104 0.247960
vt 0.561762 0.274868
vt 0.613589 0.295274
vt 0.561153 0.299301
vt 0.565614 0.326142
vt 0.617149 0.323913
vt 0.629533 0.183466
vt 0.566967 0.182011
vt 0.566967 0.126163
vt 0.566967 0.155223
vt 0.630310 0.156081
vt 0.631134 0.127271
vt 0.705984 0.185397
vt 0.706103 0.159074
vt 0.706733 0.130212
vt 0.774444 0.185479
vt 0.774579 0.158897
vt 0.775057 0.130741
vt 0.822129 0.186534
vt 0.822129 0.160647
vt 0.822129 0.132483
vt 0.577174 0.415372
vt 0.577174 0.402537
vt 0.502859 0.402537
vt 0.502859 0.415372
vt 0.539672 0.415372
vt 0.539672 0.402537
vt 0.471706 0.438331
vt 0.636580 0.476711
vt 0.635402 0.463953
vt 0.618635 0.472311
vt 0.617759 0.484532
vt 0.586407 0.477005
vt 0.589872 0.463947
vt 0.577521 0.450616
vt 0.570367 0.459338
vt 0.603285 0.468937
vt 0.600916 0.483027
vt 0.606649 0.448516
vt 0.610875 0.414923
vt 0.644722 0.427325
vt 0.626988 0.414531
vt 0.651492 0.439741
vt 0.526991 0.426368
vt 0.517179 0.429381
vt 0.520509 0.440363
vt 0.526439 0.438091
vt 0.508314 0.436417
vt 0.515598 0.445643
vt 0.501521 0.444148
vt 0.512137 0.450798
vt 0.550834 0.446378
vt 0.544670 0.438003
vt 0.536515 0.446600
vt 0.539503 0.452135
vt 0.536437 0.430110
vt 0.532131 0.440845
vt 0.596075 0.350114
vt 0.595279 0.364093
vt 0.596663 0.387825
vt 0.596749 0.401610
vt 0.596662 0.387825
vt 0.663136 0.518737
vt 0.663623 0.527478
vt 0.682644 0.526379
vt 0.682199 0.518654
vt 0.664859 0.537528
vt 0.683664 0.535253
vt 0.665810 0.546416
vt 0.684821 0.542976
vt 0.665566 0.491283
vt 0.664716 0.500080
vt 0.683415 0.502134
vt 0.684459 0.494459
vt 0.663572 0.510028
vt 0.682527 0.510949
vt 0.650936 0.398976
vt 0.674530 0.408171
vt 0.677767 0.395266
vt 0.652159 0.388592
vt 0.648781 0.407089
vt 0.670365 0.420597
vt 0.648387 0.353084
vt 0.650319 0.360342
vt 0.670686 0.351762
vt 0.666825 0.341071
vt 0.651689 0.369751
vt 0.674400 0.363557
vt 0.652289 0.378723
vt 0.676921 0.372844
vt 0.592214 0.524960
vt 0.590939 0.534915
vt 0.621449 0.540027
vt 0.620558 0.528554
vt 0.589752 0.547128
vt 0.622143 0.550196
vt 0.594670 0.490345
vt 0.594752 0.498591
vt 0.622521 0.497268
vt 0.623368 0.487949
vt 0.594036 0.507860
vt 0.621199 0.507995
vt 0.593124 0.516304
vt 0.620347 0.518145
vt 0.504364 0.430179
vt 0.515502 0.422763
vt 0.495900 0.438403
vt 0.549155 0.432091
vt 0.556986 0.441053
vt 0.538674 0.423660
vt 0.527252 0.419817
vt 0.682203 0.577419
vt 0.631173 0.386461
vt 0.628519 0.386594
vt 0.627696 0.394707
vt 0.630349 0.395717
vt 0.678766 0.408335
vt 0.682670 0.395377
vt 0.625912 0.401585
vt 0.628684 0.404191
vt 0.675939 0.418930
vt 0.629771 0.355089
vt 0.627119 0.357395
vt 0.628511 0.363821
vt 0.631029 0.362969
vt 0.674262 0.351414
vt 0.671635 0.342403
vt 0.628946 0.371478
vt 0.631482 0.371692
vt 0.678063 0.361880
vt 0.628892 0.378943
vt 0.631482 0.378980
vt 0.682244 0.374159
vt 0.645908 0.527751
vt 0.646756 0.537356
vt 0.647554 0.545266
vt 0.647633 0.492680
vt 0.646885 0.500323
vt 0.646005 0.509698
vt 0.645609 0.518685
vt 0.487257 0.473748
vt 0.485903 0.460807
vt 0.449069 0.329959
vt 0.448603 0.316962
vt 0.448902 0.277481
vt 0.450991 0.265335
vt 0.514716 0.278513
vt 0.512667 0.266454
vt 0.512826 0.330007
vt 0.514338 0.317901
vt 0.358009 0.500349
vt 0.344818 0.501772
vt 0.378054 0.519648
vt 0.377081 0.501295
vt 0.324464 0.502603
vt 0.324714 0.520542
vt 0.322774 0.478356
vt 0.378120 0.476568
vt 0.222063 0.640983
vt 0.232602 0.641656
vt 0.229869 0.626101
vt 0.224076 0.625716
vt 0.242917 0.638984
vt 0.237795 0.625314
vt 0.211398 0.638579
vt 0.216061 0.625036
vt 0.231040 0.609000
vt 0.223056 0.609127
vt 0.215592 0.609352
vt 0.238469 0.609318
vt 0.241387 0.594449
vt 0.242833 0.589244
vt 0.324357 0.638458
vt 0.323444 0.627585
vt 0.312039 0.627996
vt 0.311729 0.634709
vt 0.321996 0.615624
vt 0.311409 0.619644
vt 0.303156 0.626893
vt 0.301772 0.638365
vt 0.303036 0.619791
vt 0.302390 0.645062
vt 0.310686 0.643271
vt 0.321144 0.647155
vt 0.380656 0.590156
vt 0.378793 0.606734
vt 0.012612 0.615551
vt 0.032947 0.613055
vt 0.032996 0.596849
vt 0.016472 0.597515
vt 0.304228 0.684120
vt 0.324279 0.687030
vt 0.320886 0.671506
vt 0.304361 0.670512
vt 0.324497 0.651731
vt 0.304580 0.655376
vt 0.033075 0.578771
vt 0.013316 0.574716
vt 0.748480 0.702196
vt 0.659803 0.698968
vt 0.747992 0.664740
vt 0.660352 0.668247
vt 0.580222 0.666178
vt 0.578935 0.701757
vt 0.378793 0.606735
vt 0.380656 0.590154
vt 0.012613 0.615550
vt 0.016473 0.597515
vt 0.032945 0.613053
vt 0.304227 0.684121
vt 0.304360 0.670511
vt 0.324279 0.687032
vt 0.304578 0.655375
vt 0.324496 0.651730
vt 0.013317 0.574717
vt 0.033075 0.578772
vt 0.397326 0.525455
vt 0.377378 0.549829
vt 0.382728 0.483359
vt 0.404267 0.484518
vt 0.391658 0.460595
vt 0.412854 0.460201
vt 0.375531 0.411402
vt 0.379646 0.431434
vt 0.464447 0.403667
vt 0.464447 0.422788
vt 0.464447 0.453096
vt 0.464447 0.481306
vt 0.464447 0.522919
vt 0.464447 0.569581
vt 0.010190 0.305514
vt 0.460008 0.693674
vt 0.460009 0.657172
vt 0.442813 0.657173
vt 0.442813 0.693674
vt 0.460009 0.632714
vt 0.442813 0.632714
vt 0.460009 0.612313
vt 0.442813 0.612313
vt 0.651918 0.581730
vt 0.651909 0.597528
vt 0.460008 0.751131
vt 0.442812 0.751130
vt 0.812776 0.683445
vt 0.813882 0.685355
vt 0.818483 0.683168
vt 0.816824 0.680039
vt 0.814511 0.687440
vt 0.819374 0.686466
vt 0.814662 0.689588
vt 0.819492 0.689809
vt 0.814439 0.691373
vt 0.818891 0.692930
vt 0.813712 0.693053
vt 0.817568 0.695812
vt 0.812567 0.694474
vt 0.815588 0.698344
vt 0.811143 0.695494
vt 0.813017 0.700465
vt 0.809581 0.695998
vt 0.809852 0.702204
vt 0.808041 0.695903
vt 0.805861 0.703835
vt 0.805637 0.680477
vt 0.807485 0.680282
vt 0.807391 0.672942
vt 0.802386 0.671108
vt 0.809413 0.680776
vt 0.811276 0.674891
vt 0.811241 0.681879
vt 0.814402 0.677265
vt 0.823809 0.680791
vt 0.821558 0.676344
vt 0.824941 0.685510
vt 0.824999 0.690208
vt 0.824005 0.694745
vt 0.822035 0.698904
vt 0.819161 0.702605
vt 0.815456 0.705788
vt 0.810935 0.708504
vt 0.805497 0.710831
vt 0.808411 0.665482
vt 0.801715 0.662733
vt 0.813854 0.668651
vt 0.818242 0.672245
vt 0.830202 0.678209
vt 0.827367 0.672210
vt 0.831594 0.684488
vt 0.831524 0.690843
vt 0.830086 0.696914
vt 0.827377 0.702496
vt 0.823544 0.707391
vt 0.818698 0.711590
vt 0.812929 0.715186
vt 0.806296 0.718397
vt 0.810670 0.657642
vt 0.802657 0.653692
vt 0.817509 0.661920
vt 0.823095 0.666781
vt 0.838055 0.675248
vt 0.834566 0.667575
vt 0.839666 0.683448
vt 0.839417 0.691721
vt 0.837409 0.699631
vt 0.833841 0.706759
vt 0.828920 0.712903
vt 0.822842 0.718003
vt 0.815778 0.722248
vt 0.808002 0.726193
vt 0.814102 0.649457
vt 0.804901 0.644510
vt 0.822376 0.654653
vt 0.829290 0.660653
vt 0.847724 0.671826
vt 0.843520 0.662151
vt 0.849553 0.682315
vt 0.849007 0.692983
vt 0.846253 0.703090
vt 0.841608 0.712018
vt 0.835426 0.719424
vt 0.827944 0.725250
vt 0.819320 0.729601
vt 0.809824 0.732673
vt 0.818443 0.641044
vt 0.807332 0.637017
vt 0.828578 0.646584
vt 0.837071 0.653672
vt 0.494638 0.672668
vt 0.484639 0.672262
vt 0.500869 0.672188
vt 0.478404 0.671920
vt 0.882516 0.759686
vt 0.897602 0.759686
vt 0.894575 0.739550
vt 0.880596 0.739550
vt 0.912157 0.759686
vt 0.908064 0.739550
vt 0.926600 0.759686
vt 0.921447 0.739550
vt 0.939670 0.759686
vt 0.933559 0.739550
vt 0.772985 0.759686
vt 0.786521 0.759686
vt 0.791639 0.739550
vt 0.779096 0.739550
vt 0.800131 0.759686
vt 0.804252 0.739550
vt 0.812358 0.759686
vt 0.815583 0.739550
vt 0.825814 0.759686
vt 0.828051 0.739550
vt 0.839090 0.759686
vt 0.840355 0.739550
vt 0.853467 0.759686
vt 0.853677 0.739550
vt 0.868155 0.759686
vt 0.867288 0.739550
vt 0.492522 0.405842
vt 0.488491 0.410470
vt 0.490537 0.415106
vt 0.495655 0.414867
vt 0.483134 0.401702
vt 0.483671 0.408808
vt 0.473015 0.405270
vt 0.478481 0.409747
vt 0.469851 0.414277
vt 0.476164 0.414487
vt 0.472516 0.422852
vt 0.477526 0.419689
vt 0.479280 0.427938
vt 0.481529 0.422787
vt 0.487217 0.427894
vt 0.486123 0.422698
vt 0.493431 0.422925
vt 0.489479 0.419817
vt 0.485389 0.413277
vt 0.486353 0.415094
vt 0.483464 0.412509
vt 0.482561 0.418274
vt 0.484524 0.418317
vt 0.485997 0.417071
vt 0.588463 0.518375
vt 0.582757 0.491275
vt 0.570695 0.495881
vt 0.575900 0.516719
vt 0.566828 0.468381
vt 0.559197 0.477783
vt 0.535401 0.454759
vt 0.532256 0.465815
vt 0.516879 0.456777
vt 0.518735 0.470859
vt 0.499636 0.466084
vt 0.505757 0.472895
vt 0.473138 0.492132
vt 0.487052 0.495200
vt 0.470232 0.524442
vt 0.483049 0.521494
vt 0.481714 0.551020
vt 0.492030 0.541298
vt 0.495590 0.565471
vt 0.502472 0.553718
vt 0.521148 0.577834
vt 0.523453 0.564415
vt 0.558234 0.570570
vt 0.554978 0.558762
vt 0.580638 0.549861
vt 0.570313 0.541447
vt 0.564829 0.497612
vt 0.569874 0.516277
vt 0.555378 0.482994
vt 0.532035 0.473987
vt 0.522213 0.478517
vt 0.508946 0.479077
vt 0.495046 0.497752
vt 0.489829 0.519888
vt 0.496198 0.535370
vt 0.506121 0.548829
vt 0.524733 0.556142
vt 0.550366 0.551457
vt 0.565224 0.537461
vt 0.367978 0.622362
vt 0.370326 0.670884
vt 0.354199 0.672557
vt 0.349318 0.623464
vt 0.375342 0.711606
vt 0.360147 0.711872
vt 0.358820 0.757868
vt 0.345021 0.748431
vt 0.342426 0.802453
vt 0.325386 0.791696
vt 0.765206 0.813032
vt 0.741407 0.764660
vt 0.727179 0.778369
vt 0.746954 0.819947
vt 0.641326 0.908115
vt 0.641490 0.939059
vt 0.420575 0.670676
vt 0.420456 0.622477
vt 0.666350 0.911004
vt 0.666413 0.938950
vt 0.420661 0.711339
vt 0.687944 0.900943
vt 0.687880 0.938966
vt 0.420681 0.757066
vt 0.714393 0.889311
vt 0.714168 0.939083
vt 0.420616 0.803564
vt 0.726912 0.840712
vt 0.693998 0.819251
vt 0.843397 0.766143
vt 0.842668 0.814157
vt 0.420952 0.813491
vt 0.420519 0.919310
vt 0.342421 0.919310
vt 0.342421 0.813491
vt 0.325579 0.919310
vt 0.325562 0.813491
vt 0.321004 0.848879
vt 0.320796 0.903364
vt 0.278067 0.903008
vt 0.278421 0.848669
vt 0.367977 0.622359
vt 0.360147 0.711871
vt 0.375344 0.711606
vt 0.342426 0.802456
vt 0.741407 0.764661
vt 0.325574 0.813491
vt 0.325591 0.919310
vt 0.928846 0.238454
vt 0.955163 0.238449
vt 0.958342 0.201882
vt 0.925667 0.201882
vt 0.928846 0.238452
vt 0.955163 0.238456
vt 0.955119 0.169575
vt 0.928798 0.169575
vt 0.293485 0.577328
vt 0.255393 0.577328
vt 0.250861 0.624083
vt 0.298149 0.624083
vt 0.255462 0.677010
vt 0.293548 0.677003
vt 0.595373 0.720752
vt 0.595373 0.727266
vt 0.599532 0.727266
vt 0.599532 0.720752
vt 0.599532 0.713925
vt 0.595373 0.713925
vt 0.856994 0.676371
vt 0.856994 0.692316
vt 0.865952 0.692316
vt 0.865952 0.676370
vt 0.856993 0.669547
vt 0.865952 0.669547
vt 0.561124 0.713515
vt 0.561124 0.720739
vt 0.566061 0.720739
vt 0.566062 0.713515
vt 0.561124 0.707194
vt 0.566061 0.707194
vt 0.603626 0.727267
vt 0.603626 0.720752
vt 0.603626 0.713925
vt 0.874771 0.692316
vt 0.874771 0.676370
vt 0.874771 0.669547
vt 0.570922 0.720739
vt 0.570922 0.713515
vt 0.570922 0.707194
vt 0.607882 0.727266
vt 0.607882 0.720752
vt 0.607882 0.713925
vt 0.883941 0.692316
vt 0.883941 0.676370
vt 0.883941 0.669547
vt 0.575975 0.720739
vt 0.575975 0.713515
vt 0.575975 0.707194
vt 0.612524 0.713925
vt 0.612524 0.720752
vt 0.612524 0.727266
vt 0.893936 0.692316
vt 0.893938 0.676370
vt 0.893936 0.669547
vt 0.581485 0.720739
vt 0.581485 0.713515
vt 0.581485 0.707194
vt 0.616770 0.713925
vt 0.903084 0.692316
vt 0.903084 0.676370
vt 0.903084 0.669547
vt 0.586525 0.720739
vt 0.586525 0.713515
vt 0.586526 0.707194
vt 0.621440 0.713925
vt 0.913145 0.676371
vt 0.913145 0.692316
vt 0.913145 0.669547
vt 0.592071 0.713515
vt 0.592071 0.720739
vt 0.592071 0.707194
vt 0.561124 0.726221
vt 0.566062 0.726221
vt 0.586526 0.726221
vt 0.592071 0.726221
vt 0.581485 0.726221
vt 0.575975 0.726221
vt 0.570922 0.726221
vt 0.592071 0.705581
vt 0.586525 0.705581
vt 0.566061 0.705580
vt 0.561124 0.705581
vt 0.570922 0.705581
vt 0.575975 0.705580
vt 0.581485 0.705581
vt 0.561124 0.727869
vt 0.566062 0.727869
vt 0.586525 0.727869
vt 0.592071 0.727869
vt 0.581485 0.727869
vt 0.575975 0.727869
vt 0.570922 0.727869
vt 0.747637 0.758623
vt 0.756599 0.758623
vt 0.756599 0.747687
vt 0.747637 0.747687
vt 0.634474 0.758623
vt 0.645304 0.758623
vt 0.645304 0.747687
vt 0.634474 0.747687
vt 0.654934 0.758623
vt 0.654934 0.747687
vt 0.665270 0.758623
vt 0.665270 0.747687
vt 0.675491 0.758623
vt 0.675491 0.747687
vt 0.685636 0.758623
vt 0.685636 0.747687
vt 0.695509 0.758623
vt 0.695509 0.747687
vt 0.705178 0.758623
vt 0.705178 0.747687
vt 0.716021 0.758623
vt 0.716021 0.747687
vt 0.726917 0.758623
vt 0.726917 0.747687
vt 0.737640 0.758623
vt 0.737640 0.747687
vt 0.699611 0.737629
vt 0.709390 0.737629
vt 0.709390 0.728639
vt 0.699611 0.728639
vt 0.690890 0.737629
vt 0.690890 0.728639
vt 0.681985 0.737629
vt 0.681985 0.728639
vt 0.672836 0.737629
vt 0.672836 0.728639
vt 0.663617 0.737629
vt 0.663617 0.728639
vt 0.654295 0.737629
vt 0.654295 0.728639
vt 0.645609 0.737629
vt 0.645609 0.728639
vt 0.635841 0.737629
vt 0.635841 0.728639
vt 0.737905 0.737629
vt 0.745988 0.737629
vt 0.745988 0.728639
vt 0.737905 0.728639
vt 0.728889 0.737629
vt 0.728889 0.728639
vt 0.719217 0.737629
vt 0.719217 0.728639
vt 0.586105 0.759121
vt 0.595477 0.759121
vt 0.595477 0.731390
vt 0.586105 0.731390
vt 0.577747 0.759121
vt 0.577747 0.731390
vt 0.569212 0.759121
vt 0.569212 0.731390
vt 0.560443 0.759121
vt 0.560443 0.731390
vt 0.551607 0.759121
vt 0.551607 0.731390
vt 0.542673 0.759121
vt 0.542673 0.731390
vt 0.534348 0.759121
vt 0.534348 0.731390
vt 0.524987 0.759121
vt 0.524987 0.731390
vt 0.622807 0.759121
vt 0.630554 0.759121
vt 0.630554 0.731390
vt 0.622807 0.731390
vt 0.614165 0.759121
vt 0.614165 0.731390
vt 0.604896 0.759121
vt 0.604896 0.731390
vt 0.756599 0.743685
vt 0.747637 0.743685
vt 0.645304 0.743685
vt 0.634474 0.743685
vt 0.654934 0.743685
vt 0.665270 0.743685
vt 0.675491 0.743685
vt 0.685636 0.743685
vt 0.695509 0.743685
vt 0.705178 0.743685
vt 0.716021 0.743685
vt 0.726917 0.743685
vt 0.737640 0.743685
vt 0.699611 0.740018
vt 0.709390 0.740018
vt 0.690890 0.740018
vt 0.681985 0.740018
vt 0.672836 0.740018
vt 0.663617 0.740018
vt 0.654295 0.740018
vt 0.645609 0.740018
vt 0.635841 0.740018
vt 0.737905 0.740018
vt 0.745988 0.740018
vt 0.728889 0.740018
vt 0.719217 0.740018
vt 0.745988 0.723912
vt 0.737905 0.723912
vt 0.645609 0.723912
vt 0.635841 0.723912
vt 0.654295 0.723912
vt 0.663617 0.723912
vt 0.672836 0.723912
vt 0.681985 0.723912
vt 0.690890 0.723912
vt 0.699611 0.723912
vt 0.709390 0.723912
vt 0.719217 0.723912
vt 0.728889 0.723912
vt 0.972643 0.711952
vt 0.585126 0.660273
vt 0.968933 0.602040
vt 0.990302 0.602040
vt 0.832599 0.220025
vt 0.832599 0.242946
vt 0.743574 0.004685
vt 0.874107 0.088298
vt 0.874107 0.147522
vt 0.887681 0.834634
vt 0.872827 0.839011
vt 0.877263 0.993981
vt 0.889869 0.995168
vt 0.862885 0.858991
vt 0.868188 0.873530
vt 0.914042 0.872083
vt 0.920439 0.856190
vt 0.914115 0.980316
vt 0.911058 0.972195
vt 0.868396 0.971865
vt 0.865750 0.979998
vt 0.905493 0.835033
vt 0.902012 0.994943
vt 0.875440 0.921242
vt 0.903952 0.919621
vt 0.913021 0.919889
vt 0.866390 0.921260
vt 0.699648 0.948281
vt 0.703024 0.963093
vt 0.862856 0.959286
vt 0.861806 0.945918
vt 0.730020 0.993369
vt 0.738191 0.987277
vt 0.738020 0.932516
vt 0.729094 0.925627
vt 0.862882 0.974810
vt 0.705509 0.977442
vt 0.778391 0.975353
vt 0.779001 0.945164
vt 0.779225 0.932086
vt 0.778187 0.988191
vt 0.840872 0.929298
vt 0.827900 0.934040
vt 0.829627 0.988919
vt 0.842546 0.993311
vt 0.964984 0.833800
vt 0.951820 0.836633
vt 0.990713 0.968848
vt 0.984178 0.962364
vt 0.932031 0.956549
vt 0.925678 0.966767
vt 0.928983 0.858811
vt 0.933210 0.865106
vt 0.981805 0.859541
vt 0.985608 0.851314
vt 0.938975 0.992992
vt 0.940448 0.839911
vt 0.932698 0.907687
vt 0.944597 0.907822
vt 0.983276 0.912869
vt 0.971340 0.913129
vt 0.263387 0.820968
vt 0.260536 0.830772
vt 0.256313 0.814849
vt 0.246400 0.818415
vt 0.243450 0.828163
vt 0.250511 0.834400
vt 0.263341 0.817739
vt 0.260016 0.829144
vt 0.255109 0.810639
vt 0.243571 0.814783
vt 0.240112 0.826113
vt 0.248325 0.833374
vt 0.260162 0.815582
vt 0.257240 0.825524
vt 0.252981 0.809384
vt 0.242889 0.813007
vt 0.239864 0.822891
vt 0.247031 0.829211
vt 0.273779 0.846308
vt 0.268600 0.851651
vt 0.275811 0.837484
vt 0.272655 0.834114
vt 0.267535 0.839468
vt 0.265509 0.848181
vt 0.270482 0.845127
vt 0.264499 0.851328
vt 0.272847 0.834896
vt 0.269220 0.831016
vt 0.263314 0.837231
vt 0.260958 0.847313
vt 0.266182 0.842857
vt 0.261006 0.848258
vt 0.268246 0.833980
vt 0.265129 0.830614
vt 0.260012 0.836023
vt 0.257954 0.844789
vt 0.610201 0.993026
vt 0.622646 0.997530
vt 0.635725 0.994072
vt 0.644223 0.983536
vt 0.638750 0.981532
vt 0.644854 0.970053
vt 0.637480 0.958808
vt 0.624946 0.954015
vt 0.611984 0.957453
vt 0.603448 0.967843
vt 0.602536 0.981548
vt 0.223917 0.932574
vt 0.232999 0.932574
vt 0.233000 0.920753
vt 0.223917 0.920753
vt 0.242220 0.932574
vt 0.242221 0.920753
vt 0.251160 0.932574
vt 0.251160 0.920753
vt 0.260035 0.932574
vt 0.260035 0.920753
vt 0.268544 0.932574
vt 0.268544 0.920753
vt 0.277163 0.932574
vt 0.277163 0.920753
vt 0.207906 0.932574
vt 0.215683 0.932574
vt 0.215684 0.920753
vt 0.207906 0.920753
vt 0.515161 0.920274
vt 0.508480 0.920274
vt 0.513159 0.935389
vt 0.482685 0.920274
vt 0.482685 0.935389
vt 0.843661 0.831557
vt 0.819500 0.827674
vt 0.819713 0.842626
vt 0.821588 0.854563
vt 0.820635 0.869631
vt 0.838933 0.868515
vt 0.783801 0.855202
vt 0.763696 0.873734
vt 0.786416 0.871830
vt 0.782820 0.842597
vt 0.783786 0.825691
vt 0.759320 0.826753
vt 0.802566 0.854047
vt 0.803938 0.869997
vt 0.801575 0.826974
vt 0.800737 0.842863
vt 0.542787 0.946218
vt 0.536571 0.965426
vt 0.542788 0.984598
vt 0.559123 0.996488
vt 0.579316 0.996466
vt 0.595626 0.984618
vt 0.601901 0.965425
vt 0.595647 0.946198
vt 0.579308 0.934361
vt 0.559139 0.934348
vt 0.782819 0.842597
vt 0.224206 0.989148
vt 0.238950 0.989148
vt 0.238950 0.961720
vt 0.224206 0.961720
vt 0.255949 0.989148
vt 0.255949 0.961720
vt 0.272788 0.989148
vt 0.272788 0.961720
vt 0.288974 0.989148
vt 0.288974 0.961720
vt 0.306463 0.989148
vt 0.306463 0.961720
vt 0.323231 0.989148
vt 0.323231 0.961720
vt 0.339239 0.989148
vt 0.339239 0.961720
vt 0.355049 0.989148
vt 0.355049 0.961720
vt 0.368223 0.989148
vt 0.368223 0.961720
vt 0.207121 0.989148
vt 0.207121 0.961720
vt 0.207395 0.958377
vt 0.221277 0.958377
vt 0.221277 0.940272
vt 0.207395 0.940272
vt 0.236980 0.958377
vt 0.236980 0.940272
vt 0.252534 0.958377
vt 0.252534 0.940272
vt 0.267492 0.958377
vt 0.267492 0.940272
vt 0.282960 0.958377
vt 0.282960 0.940272
vt 0.297506 0.958377
vt 0.297506 0.940272
vt 0.312107 0.958377
vt 0.312107 0.940272
vt 0.326609 0.958377
vt 0.326609 0.940272
vt 0.340477 0.958377
vt 0.340477 0.940272
vt 0.353511 0.958377
vt 0.353511 0.940272
vt 0.244109 0.761706
vt 0.254564 0.761442
vt 0.254755 0.752994
vt 0.243283 0.752660
vt 0.265432 0.762039
vt 0.265848 0.753583
vt 0.276282 0.763408
vt 0.277002 0.753908
vt 0.286803 0.765604
vt 0.288526 0.754549
vt 0.296804 0.768765
vt 0.300125 0.756467
vt 0.246936 0.782374
vt 0.254690 0.781015
vt 0.262737 0.781821
vt 0.270448 0.784814
vt 0.277369 0.789342
vt 0.283527 0.794494
vt 0.248280 0.806800
vt 0.253085 0.805996
vt 0.257812 0.806614
vt 0.262222 0.808685
vt 0.266210 0.811780
vt 0.269832 0.815302
vt 0.792508 0.888345
vt 0.799010 0.924296
vt 0.783049 0.885021
vt 0.755406 0.909143
vt 0.780759 0.882646
vt 0.747574 0.894536
vt 0.433241 0.397430
vt 0.456386 0.397430
vt 0.325524 0.397430
vt 0.351838 0.397430
vt 0.371053 0.397430
vt 0.390364 0.397430
vt 0.412002 0.397430
vt 0.433587 0.254843
vt 0.445877 0.254833
vt 0.445709 0.192432
vt 0.434165 0.192550
vt 0.422955 0.254845
vt 0.424181 0.192806
vt 0.410655 0.254588
vt 0.412743 0.193408
vt 0.390056 0.254089
vt 0.391217 0.194966
vt 0.458216 0.255010
vt 0.468927 0.254922
vt 0.467250 0.192560
vt 0.457255 0.192394
vt 0.444716 0.005849
vt 0.427037 0.006031
vt 0.411726 0.006585
vt 0.394088 0.008055
vt 0.371787 0.010630
vt 0.478706 0.193054
vt 0.500278 0.194393
vt 0.517699 0.009834
vt 0.495369 0.007501
vt 0.477713 0.006223
vt 0.462396 0.005837
vt 0.390363 0.397430
vt 0.505253 0.397430
vt 0.505253 0.347763
vt 0.478889 0.397430
vt 0.458216 0.255011
vt 0.467249 0.192560
vt 0.481304 0.254550
vt 0.502013 0.253817
vt 0.500278 0.194392
vt 0.325523 0.334431
vt 0.325523 0.347763
vt 0.505253 0.334431
vt 0.517699 0.009835
vt 0.573963 0.010867
vt 0.546586 0.196227
vt 0.546586 0.196228
vt 0.546788 0.255153
vt 0.559262 0.334313
vt 0.505244 0.334437
vt 0.433234 0.397436
vt 0.456379 0.397436
vt 0.456379 0.347769
vt 0.478881 0.397436
vt 0.478881 0.347769
vt 0.325517 0.397436
vt 0.351830 0.397436
vt 0.371046 0.397436
vt 0.390356 0.397436
vt 0.411994 0.397436
vt 0.433579 0.254849
vt 0.445870 0.254839
vt 0.445702 0.192438
vt 0.434159 0.192556
vt 0.422947 0.254850
vt 0.424174 0.192811
vt 0.410648 0.254593
vt 0.412736 0.193413
vt 0.390049 0.254094
vt 0.391210 0.194972
vt 0.481297 0.254555
vt 0.502006 0.253823
vt 0.500270 0.194399
vt 0.478698 0.193060
vt 0.468920 0.254927
vt 0.467242 0.192566
vt 0.458209 0.255016
vt 0.457247 0.192400
vt 0.478881 0.334437
vt 0.444709 0.005856
vt 0.427029 0.006038
vt 0.411720 0.006592
vt 0.394081 0.008062
vt 0.371780 0.010637
vt 0.517692 0.009840
vt 0.495361 0.007508
vt 0.477706 0.006230
vt 0.462389 0.005844
vt 0.573080 0.111794
vt 0.617867 0.111794
vt 0.617853 0.089806
vt 0.573071 0.089806
vt 0.623897 0.111794
vt 0.647030 0.111794
vt 0.647029 0.089806
vt 0.623887 0.089806
vt 0.670910 0.111794
vt 0.670920 0.089806
vt 0.616463 0.083451
vt 0.573144 0.083451
vt 0.624826 0.083451
vt 0.647085 0.083451
vt 0.669990 0.083451
vt 0.573159 0.118205
vt 0.616489 0.118205
vt 0.647086 0.118205
vt 0.669977 0.118205
vt 0.624841 0.118205
vt 0.721801 0.089806
vt 0.678175 0.089806
vt 0.678162 0.111794
vt 0.721792 0.111794
vt 0.721708 0.083451
vt 0.679462 0.083451
vt 0.679434 0.118205
vt 0.721693 0.118205
vt 0.715725 0.056066
vt 0.715723 0.032352
vt 0.682043 0.032352
vt 0.682041 0.056066
vt 0.715726 0.078252
vt 0.682040 0.078251
vt 0.710043 0.029956
vt 0.687722 0.029957
vt 0.687718 0.080599
vt 0.710048 0.080599
vt 0.715724 0.056066
vt 0.682043 0.032353
vt 0.715722 0.032353
vt 0.715725 0.078251
vt 0.710043 0.029957
vt 0.687723 0.029957
vt 0.202559 0.197150
vt 0.202544 0.207042
vt 0.180225 0.157496
vt 0.168351 0.158737
vt 0.169209 0.175931
vt 0.179621 0.174454
vt 0.181754 0.189784
vt 0.187389 0.183595
vt 0.203120 0.194920
vt 0.202461 0.187693
vt 0.180231 0.157515
vt 0.179629 0.174456
vt 0.169227 0.175931
vt 0.168368 0.158755
vt 0.187388 0.183587
vt 0.181758 0.189769
vt 0.202444 0.187681
vt 0.203102 0.194901
vt 0.144716 0.126890
vt 0.143601 0.143303
vt 0.153187 0.143957
vt 0.155341 0.127980
vt 0.166833 0.147117
vt 0.167453 0.130088
vt 0.156468 0.130088
vt 0.157086 0.147117
vt 0.143677 0.162180
vt 0.151780 0.162337
vt 0.166138 0.159930
vt 0.157899 0.159930
vt 0.145001 0.185061
vt 0.150461 0.185078
vt 0.164736 0.176598
vt 0.157603 0.176598
vt 0.166909 0.908600
vt 0.166909 0.944868
vt 0.201591 0.944868
vt 0.201591 0.908600
vt 0.166909 0.981830
vt 0.201591 0.981830
vt 0.168368 0.158754
vt 0.151778 0.162337
vt 0.157900 0.159930
vt 0.890755 0.733858
vt 0.898922 0.733858
vt 0.898869 0.702745
vt 0.891741 0.702745
vt 0.907283 0.733858
vt 0.906193 0.702745
vt 0.915853 0.733858
vt 0.913663 0.702745
vt 0.924218 0.733858
vt 0.920871 0.702745
vt 0.932056 0.733858
vt 0.927442 0.702745
vt 0.849772 0.733858
vt 0.857324 0.733858
vt 0.862545 0.702745
vt 0.856201 0.702745
vt 0.865355 0.733858
vt 0.869515 0.702745
vt 0.873860 0.733858
vt 0.876967 0.702745
vt 0.882431 0.733858
vt 0.884482 0.702745
vt 0.877212 0.695801
vt 0.869967 0.695801
vt 0.863093 0.695801
vt 0.855827 0.695801
vt 0.927610 0.695801
vt 0.919918 0.695801
vt 0.912946 0.695801
vt 0.906382 0.695801
vt 0.899676 0.695801
vt 0.892485 0.695801
vt 0.884848 0.695801
vt 0.890755 0.733859
vt 0.898921 0.733859
vt 0.898869 0.702746
vt 0.891741 0.702746
vt 0.907283 0.733859
vt 0.906193 0.702746
vt 0.915852 0.733859
vt 0.913663 0.702746
vt 0.924219 0.733859
vt 0.920872 0.702746
vt 0.932056 0.733859
vt 0.927442 0.702746
vt 0.849772 0.733859
vt 0.857325 0.733859
vt 0.862545 0.702746
vt 0.856201 0.702746
vt 0.865356 0.733859
vt 0.869515 0.702746
vt 0.873860 0.733859
vt 0.876967 0.702746
vt 0.882430 0.733859
vt 0.884482 0.702746
vt 0.877212 0.695802
vt 0.869967 0.695802
vt 0.863093 0.695802
vt 0.855827 0.695802
vt 0.927610 0.695802
vt 0.919918 0.695802
vt 0.912946 0.695802
vt 0.906382 0.695802
vt 0.899675 0.695802
vt 0.892485 0.695802
vt 0.884849 0.695802
vt 0.532627 0.915094
vt 0.692740 0.609015
vt 0.717206 0.609015
vt 0.717206 0.593044
vt 0.692740 0.593044
vt 0.742813 0.609015
vt 0.742813 0.593044
vt 0.765585 0.609015
vt 0.765585 0.593044
vt 0.790694 0.609015
vt 0.790694 0.593044
vt 0.814694 0.609015
vt 0.814694 0.593044
vt 0.842015 0.609015
vt 0.842015 0.593044
vt 0.867997 0.609015
vt 0.867997 0.593044
vt 0.893928 0.609015
vt 0.893928 0.593044
vt 0.918320 0.609015
vt 0.918320 0.593044
vt 0.939929 0.609015
vt 0.939929 0.593044
vt 0.692740 0.557075
vt 0.717206 0.557075
vt 0.717206 0.549366
vt 0.692740 0.549445
vt 0.742813 0.557075
vt 0.742813 0.549430
vt 0.765585 0.557075
vt 0.765585 0.549427
vt 0.790694 0.557075
vt 0.790694 0.549449
vt 0.814694 0.557075
vt 0.814694 0.549420
vt 0.842015 0.557075
vt 0.842015 0.549403
vt 0.867997 0.557075
vt 0.867997 0.549417
vt 0.893928 0.557075
vt 0.893928 0.549408
vt 0.918320 0.557075
vt 0.918320 0.549438
vt 0.939929 0.557075
vt 0.939929 0.549388
vt 0.717206 0.539500
vt 0.692740 0.539500
vt 0.742813 0.539500
vt 0.765585 0.539500
vt 0.790694 0.539500
vt 0.814694 0.539500
vt 0.842015 0.539500
vt 0.867997 0.539500
vt 0.893928 0.539500
vt 0.918320 0.539500
vt 0.939929 0.539500
vt 0.867997 0.575341
vt 0.893928 0.575341
vt 0.842015 0.575341
vt 0.814694 0.575341
vt 0.790694 0.575341
vt 0.765585 0.575341
vt 0.742813 0.575341
vt 0.717206 0.575341
vt 0.692740 0.575341
vt 0.918320 0.575341
vt 0.939929 0.575341
vt 0.692520 0.407616
vt 0.692520 0.438477
vt 0.725542 0.438477
vt 0.725542 0.407616
vt 0.725542 0.502057
vt 0.725542 0.470710
vt 0.692520 0.470710
vt 0.692520 0.502057
vt 0.692520 0.453555
vt 0.725542 0.453555
vt 0.692520 0.518117
vt 0.692520 0.533770
vt 0.725542 0.533770
vt 0.725542 0.518117
vt 0.729861 0.438477
vt 0.729861 0.407616
vt 0.729861 0.453555
vt 0.729861 0.502057
vt 0.729861 0.470710
vt 0.729861 0.533770
vt 0.729861 0.518117
vt 0.734306 0.534676
vt 0.783426 0.534676
vt 0.783469 0.485554
vt 0.734878 0.485438
vt 0.832497 0.535082
vt 0.832123 0.485559
vt 0.783453 0.436543
vt 0.734464 0.436118
vt 0.832472 0.436098
vt 0.872792 0.613786
vt 0.853734 0.612237
vt 0.853944 0.628134
vt 0.870679 0.629661
vt 0.835799 0.613290
vt 0.838282 0.628773
vt 0.967861 0.746371
vt 0.969147 0.727937
vt 0.954108 0.728889
vt 0.952982 0.745012
vt 0.967303 0.710321
vt 0.952588 0.713255
vt 0.962781 0.693028
vt 0.948703 0.697853
vt 0.955664 0.677432
vt 0.942633 0.684041
vt 0.946876 0.660263
vt 0.935073 0.669134
vt 0.935251 0.646255
vt 0.924899 0.657066
vt 0.921006 0.634921
vt 0.912418 0.647359
vt 0.904397 0.625334
vt 0.897971 0.639224
vt 0.889902 0.617976
vt 0.885409 0.633104
vt 0.901593 0.655573
vt 0.912975 0.663108
vt 0.922153 0.673181
vt 0.928680 0.686158
vt 0.933454 0.698178
vt 0.936531 0.711408
vt 0.937902 0.724912
vt 0.937623 0.739175
vt 0.835075 0.645702
vt 0.848902 0.644436
vt 0.863596 0.644341
vt 0.876775 0.645744
vt 0.888347 0.649729
vt 0.962965 0.664735
vt 0.886088 0.455685
vt 0.908393 0.456087
vt 0.905257 0.438109
vt 0.894941 0.438976
vt 0.887521 0.462014
vt 0.884886 0.480072
vt 0.907170 0.479053
vt 0.897857 0.462595
vt 0.847207 0.533353
vt 0.855382 0.534309
vt 0.855548 0.527683
vt 0.848043 0.526833
vt 0.862861 0.534750
vt 0.862763 0.528041
vt 0.870463 0.534212
vt 0.870024 0.527636
vt 0.878425 0.532921
vt 0.877410 0.526607
vt 0.886229 0.530982
vt 0.884225 0.525367
vt 0.838944 0.531680
vt 0.840988 0.525864
vt 0.852208 0.453817
vt 0.962381 0.379198
vt 0.953391 0.379190
vt 0.953390 0.413333
vt 0.962382 0.413326
vt 0.917809 0.379193
vt 0.908728 0.379195
vt 0.908738 0.413338
vt 0.917814 0.413327
vt 0.926085 0.379194
vt 0.926086 0.413331
vt 0.934492 0.379190
vt 0.934492 0.413330
vt 0.943951 0.379193
vt 0.943950 0.413327
vt 0.868850 0.504464
vt 0.875480 0.503975
vt 0.874188 0.479446
vt 0.868089 0.479673
vt 0.862513 0.504601
vt 0.862369 0.479702
vt 0.856262 0.504404
vt 0.856737 0.479596
vt 0.849604 0.504006
vt 0.850631 0.479418
vt 0.843080 0.503581
vt 0.844681 0.479216
vt 0.881858 0.503313
vt 0.880025 0.479065
vt 0.873834 0.461243
vt 0.867888 0.461225
vt 0.862304 0.461148
vt 0.856808 0.461156
vt 0.850857 0.461215
vt 0.845260 0.461190
vt 0.879332 0.461065
vt 0.869830 0.402958
vt 0.889269 0.401140
vt 0.887019 0.394049
vt 0.865905 0.392227
vt 0.838928 0.405387
vt 0.852082 0.404251
vt 0.842487 0.424429
vt 0.855934 0.421234
vt 0.874402 0.417067
vt 0.892210 0.410176
vt 0.879060 0.431597
vt 0.896100 0.422242
vt 0.874402 0.417068
vt 0.888298 0.385681
vt 0.868699 0.380390
vt 0.886975 0.440720
vt 0.900786 0.429337
vt 0.633364 0.720187
vt 0.638579 0.720186
vt 0.638579 0.712444
vt 0.633364 0.712444
vt 0.644023 0.720186
vt 0.644023 0.712444
vt 0.649218 0.720186
vt 0.649218 0.712444
vt 0.654439 0.720187
vt 0.654439 0.712444
vt 0.659886 0.720187
vt 0.659886 0.712444
vt 0.664767 0.720187
vt 0.664767 0.712444
vt 0.669811 0.720187
vt 0.669811 0.712444
vt 0.674133 0.720187
vt 0.674133 0.712444
vt 0.678858 0.720187
vt 0.678858 0.712444
vt 0.628491 0.720187
vt 0.628491 0.712444
vt 0.792183 0.720849
vt 0.787280 0.722822
vt 0.792578 0.733394
vt 0.798474 0.732060
vt 0.781962 0.724601
vt 0.783205 0.735394
vt 0.776964 0.725977
vt 0.777420 0.736479
vt 0.772509 0.726942
vt 0.772195 0.738293
vt 0.768639 0.727374
vt 0.767334 0.739780
vt 0.765173 0.727165
vt 0.762744 0.740196
vt 0.761857 0.726292
vt 0.758332 0.739158
vt 0.758568 0.724783
vt 0.754157 0.736648
vt 0.755269 0.722753
vt 0.750471 0.733127
vt 0.796793 0.718681
vt 0.804814 0.731182
vt 0.784474 0.708630
vt 0.781942 0.710985
vt 0.778738 0.712706
vt 0.775456 0.713462
vt 0.772572 0.713380
vt 0.770099 0.712831
vt 0.767818 0.712139
vt 0.765544 0.711481
vt 0.763215 0.710934
vt 0.760759 0.710454
vt 0.786309 0.706096
vt 0.778292 0.701635
vt 0.777305 0.703052
vt 0.775945 0.704020
vt 0.774335 0.704328
vt 0.772685 0.704039
vt 0.771079 0.703415
vt 0.769474 0.702737
vt 0.767834 0.702192
vt 0.766168 0.701851
vt 0.764476 0.701658
vt 0.779008 0.700064
vt 0.754541 0.691970
vt 0.765745 0.698617
vt 0.751732 0.687455
vt 0.751968 0.674424
vt 0.754373 0.689200
vt 0.764915 0.683031
f 1/1/1 2/2/1 3/3/1
f 4/4/1 5/5/1 1/1/1
f 1/1/1 5/5/1 2/2/1
f 6/6/2 7/7/2 8/8/2
f 9/9/2 10/10/2 11/11/2
f 12/12/2 13/13/2 14/14/2
f 15/15/1 16/16/1 17/17/1
f 18/15/1 19/17/1 20/16/1
f 21/18/3 22/19/3 23/20/3
f 24/21/3 25/22/3 26/23/3
f 27/24/2 28/25/2 29/26/2
f 30/24/2 31/25/2 32/26/2
f 33/27/2 34/28/2 35/29/2
f 36/30/2 37/31/2 38/32/2
f 39/33/2 38/32/2 40/34/2
f 41/35/4 42/36/4 43/37/4
f 44/38/4 41/35/4 45/39/4
f 46/30/2 47/31/2 48/32/2
f 49/33/2 48/32/2 50/34/2
f 51/35/4 52/36/4 53/37/4
f 54/38/4 51/35/4 55/39/4
f 56/30/2 57/32/2 58/31/2
f 59/33/2 60/34/2 57/32/2
f 61/35/4 62/37/4 63/36/4
f 64/38/4 65/39/4 61/35/4
f 66/40/5 67/41/5 68/42/5
f 69/43/6 70/44/6 71/45/6
f 72/40/5 73/41/5 74/42/5
f 75/43/6 76/44/6 77/45/6
f 78/40/5 79/41/5 80/42/5
f 81/40/6 82/42/6 83/41/6
f 84/40/5 85/41/5 86/42/5
f 87/40/6 88/42/6 89/41/6
f 90/46/7 91/47/7 92/48/7
f 93/49/7 94/50/7 95/51/7
f 96/52/8 97/47/8 98/53/8
f 99/49/8 100/50/8 101/51/8
f 102/54/9 103/55/9 104/56/9
f 105/57/10 106/58/10 107/59/10
f 108/57/11 109/58/11 110/59/11
f 111/57/12 112/59/12 113/58/12
f 114/60/13 115/61/13 116/62/13
f 114/60/13 116/62/13 117/63/13
f 118/64/14 119/60/14 120/63/14
f 118/64/14 120/63/14 121/65/14
f 122/60/15 123/64/15 124/65/15
f 122/60/15 124/65/15 125/63/15
f 126/66/1 127/67/1 128/68/1
f 126/66/1 128/68/1 129/69/1
f 130/68/1 131/67/1 132/66/1
f 130/68/1 133/69/1 134/70/1
f 130/68/1 134/70/1 135/71/1
f 136/72/1 130/68/1 135/71/1
f 136/72/1 135/71/1 137/73/1
f 129/69/1 128/68/1 138/71/1
f 128/68/1 136/72/1 137/73/1
f 128/68/1 137/73/1 138/71/1
f 139/74/5 140/75/5 141/76/5
f 139/74/5 141/76/5 142/77/5
f 143/78/5 144/79/5 145/80/5
f 143/78/5 145/80/5 146/81/5
f 146/81/5 145/80/5 147/82/5
f 146/81/5 147/82/5 148/83/5
f 148/83/5 147/82/5 149/84/5
f 148/83/5 149/84/5 150/85/5
f 150/85/5 151/86/5 152/87/5
f 153/88/16 154/89/16 155/90/16
f 153/88/16 155/90/16 156/91/16
f 157/92/17 158/93/17 159/94/17
f 157/92/17 159/94/17 160/95/17
f 161/96/18 162/97/18 163/98/18
f 161/96/18 163/98/18 164/99/18
f 161/96/18 164/99/18 165/100/18
f 166/101/19 167/102/19 168/103/19
f 169/101/20 170/103/20 171/102/20
f 172/104/21 173/105/21 174/106/21
f 172/104/21 174/106/21 175/107/21
f 176/105/22 177/108/22 178/109/22
f 176/105/22 178/109/22 179/106/22
f 180/110/23 181/111/23 182/112/23
f 183/113/24 184/110/24 185/114/24
f 186/115/25 187/113/25 188/116/25
f 186/115/25 188/116/25 189/117/25
f 190/118/26 191/115/26 192/117/26
f 190/118/26 192/117/26 193/119/26
f 194/120/27 195/118/27 196/119/27
f 194/120/27 196/119/27 197/121/27
f 198/111/28 199/122/28 200/123/28
f 198/111/28 200/123/28 201/112/28
f 202/124/29 203/125/29 204/126/29
f 202/124/29 204/126/29 205/127/29
f 206/128/29 204/126/29 203/125/29
f 206/128/29 203/125/29 207/129/29
f 208/130/30 209/131/30 210/132/30
f 208/130/30 210/132/30 211/133/30
f 212/134/31 213/135/31 214/136/31
f 212/134/31 214/136/31 215/137/31
f 208/130/30 216/138/30 209/131/30
f 215/137/31 214/136/31 217/139/31
f 215/137/31 217/139/31 218/140/31
f 219/141/30 220/142/30 221/143/30
f 219/141/30 221/143/30 216/138/30
f 222/133/31 223/131/31 224/130/31
f 225/144/30 226/145/30 227/135/30
f 225/144/30 227/135/30 228/146/30
f 224/130/31 223/131/31 229/138/31
f 224/130/31 229/138/31 230/147/31
f 226/145/30 231/137/30 232/136/30
f 230/147/31 229/138/31 233/143/31
f 230/147/31 233/143/31 234/142/31
f 231/137/30 235/140/30 236/139/30
f 231/137/30 236/139/30 232/136/30
f 212/134/31 237/148/31 238/146/31
f 212/134/31 238/146/31 213/135/31
f 239/149/32 240/115/32 241/118/32
f 242/150/33 243/151/33 244/113/33
f 242/150/33 244/113/33 245/115/33
f 246/151/34 247/152/34 248/110/34
f 246/151/34 248/110/34 249/113/34
f 250/152/35 251/153/35 252/111/35
f 250/152/35 252/111/35 253/110/35
f 254/153/36 255/122/36 256/111/36
f 257/154/37 258/149/37 259/118/37
f 260/155/38 261/156/38 262/157/38
f 260/155/38 262/157/38 263/158/38
f 264/159/39 265/160/39 266/161/39
f 267/162/40 268/163/40 269/164/40
f 267/162/40 269/164/40 270/165/40
f 271/160/41 272/159/41 273/166/41
f 271/160/41 273/166/41 274/161/42
f 275/163/43 276/165/43 277/164/44
f 278/167/1 279/168/1 280/169/1
f 281/170/45 282/169/45 283/171/45
f 281/170/45 283/171/45 284/172/45
f 285/173/46 286/174/46 287/168/46
f 285/173/46 287/168/46 288/167/46
f 289/175/47 290/167/47 291/170/47
f 289/175/47 291/170/47 292/176/47
f 293/177/1 294/178/1 295/179/1
f 293/177/1 295/179/1 296/180/1
f 297/180/48 298/179/48 299/181/48
f 297/180/48 299/181/48 300/182/48
f 301/183/49 302/184/49 303/178/49
f 301/183/49 303/178/49 304/177/49
f 305/178/50 306/185/50 307/186/50
f 305/178/50 307/186/50 308/179/50
f 309/187/51 310/180/51 311/188/51
f 312/189/52 313/190/52 314/191/52
f 312/189/52 314/191/52 315/192/52
f 316/193/53 317/194/53 318/195/53
f 316/193/53 318/195/53 319/196/53
f 320/197/1 321/198/1 322/199/1
f 320/197/1 322/199/1 323/200/1
f 323/200/1 322/199/1 324/201/1
f 323/200/1 324/201/1 325/202/1
f 326/197/1 327/200/1 328/199/1
f 327/200/1 329/202/1 330/201/1
f 331/203/1 332/204/1 333/205/1
f 331/203/1 333/205/1 334/206/1
f 335/206/54 336/205/54 337/207/54
f 335/206/54 337/207/54 338/208/54
f 339/209/55 340/210/55 341/204/55
f 339/209/55 341/204/55 342/203/55
f 343/211/56 344/212/56 345/213/56
f 343/211/56 345/213/56 346/214/56
f 347/215/57 348/216/57 349/217/57
f 347/215/57 349/217/57 350/218/57
f 8/8/2 7/7/2 351/219/2
f 8/8/2 351/219/2 352/220/2
f 353/221/5 354/222/5 355/12/5
f 353/221/5 355/12/5 356/14/5
f 357/223/5 353/221/5 356/14/5
f 357/223/5 356/14/5 358/10/5
f 359/224/5 357/223/5 358/10/5
f 359/224/5 358/10/5 360/9/5
f 361/225/6 362/226/6 363/220/6
f 361/225/6 363/220/6 364/227/6
f 362/226/6 365/228/6 366/8/6
f 362/226/6 366/8/6 363/220/6
f 365/228/6 367/6/6 366/8/6
f 6/6/2 9/9/2 11/11/2
f 368/227/2 351/219/2 13/13/2
f 368/227/2 13/13/2 12/12/2
f 369/229/58 370/227/58 371/12/58
f 369/229/58 371/12/58 372/230/58
f 373/6/1 374/231/1 375/232/1
f 373/6/1 375/232/1 376/9/1
f 13/13/2 11/11/2 10/10/2
f 13/13/2 10/10/2 14/14/2
f 377/233/59 378/234/59 379/235/59
f 377/233/59 379/235/59 380/236/59
f 381/234/1 382/237/1 383/238/1
f 381/234/1 383/238/1 384/239/1
f 385/240/60 386/239/60 387/238/60
f 385/240/60 387/238/60 388/241/60
f 389/242/61 390/237/61 391/234/61
f 389/242/61 391/234/61 392/233/61
f 393/233/62 394/236/62 395/243/62
f 393/233/62 395/243/62 396/234/62
f 397/234/1 398/244/1 399/238/1
f 397/234/1 399/238/1 400/237/1
f 401/240/63 402/241/63 403/238/63
f 401/240/63 403/238/63 404/244/63
f 405/242/64 406/233/64 407/234/64
f 405/242/64 407/234/64 408/237/64
f 409/245/1 410/246/1 411/247/1
f 409/245/1 411/247/1 412/248/1
f 15/15/1 17/17/1 410/246/1
f 15/15/1 413/249/1 414/250/1
f 15/15/1 414/250/1 16/16/1
f 16/16/1 415/251/1 416/252/1
f 417/245/1 418/248/1 419/247/1
f 417/245/1 419/247/1 420/246/1
f 18/15/1 417/245/1 420/246/1
f 18/15/1 420/246/1 19/17/1
f 18/15/1 20/16/1 421/250/1
f 20/16/1 19/17/1 422/252/1
f 20/16/1 422/252/1 423/251/1
f 412/248/1 411/247/1 424/253/1
f 419/247/1 418/248/1 425/254/1
f 419/247/1 425/254/1 424/253/1
f 426/255/65 427/256/65 428/257/65
f 426/255/65 428/257/65 429/258/65
f 430/259/66 431/255/66 432/258/66
f 430/259/66 432/258/66 433/260/66
f 434/261/67 435/262/67 436/263/67
f 434/261/67 436/263/67 437/264/67
f 438/265/68 439/266/68 440/267/68
f 438/265/68 440/267/68 441/268/68
f 442/266/69 443/259/69 444/260/69
f 442/266/69 444/260/69 445/267/69
f 446/256/70 447/269/70 448/270/70
f 446/256/70 448/270/70 449/257/70
f 450/256/71 451/255/71 452/258/71
f 450/256/71 452/258/71 453/257/71
f 454/262/72 455/261/72 456/264/72
f 454/262/72 456/264/72 457/263/72
f 458/259/73 459/266/73 460/267/73
f 458/259/73 460/267/73 461/260/73
f 462/266/74 463/265/74 464/268/74
f 462/266/74 464/268/74 465/267/74
f 466/271/75 467/272/75 468/273/75
f 466/271/75 468/273/75 469/274/75
f 467/272/75 470/275/75 468/273/75
f 471/276/76 472/277/76 473/272/76
f 471/276/76 473/272/76 474/271/76
f 475/277/77 476/278/77 477/279/77
f 475/277/77 477/279/77 478/272/77
f 479/279/78 480/280/78 481/281/78
f 479/279/78 481/281/78 482/275/78
f 483/282/79 484/271/79 485/274/79
f 483/282/79 485/274/79 486/283/79
f 487/284/3 488/285/3 489/286/3
f 489/286/3 490/287/3 491/288/3
f 489/286/3 491/288/3 487/284/3
f 492/289/3 25/22/3 24/21/3
f 492/289/3 24/21/3 488/285/3
f 490/287/3 23/20/3 22/19/3
f 490/287/3 22/19/3 491/288/3
f 493/290/4 494/291/4 495/292/4
f 493/290/4 495/292/4 496/293/4
f 497/290/4 498/293/4 499/292/4
f 497/290/4 499/292/4 500/291/4
f 501/294/2 502/295/2 503/296/2
f 501/294/2 503/296/2 504/297/2
f 501/294/2 504/297/2 505/298/2
f 501/294/2 505/298/2 506/299/2
f 507/300/2 508/301/2 509/302/2
f 507/300/2 509/302/2 510/303/2
f 507/300/2 510/303/2 511/304/2
f 507/300/2 511/304/2 512/305/2
f 513/306/80 514/307/80 515/308/80
f 513/306/81 515/308/81 516/309/81
f 517/310/82 518/311/82 519/312/82
f 517/310/82 519/312/82 520/313/82
f 518/311/82 521/314/82 522/315/82
f 518/311/82 522/315/82 519/312/82
f 520/313/82 523/316/82 524/317/82
f 525/318/83 524/317/83 523/316/83
f 522/315/82 521/314/82 526/319/82
f 522/315/82 526/319/82 527/320/82
f 528/321/84 529/322/84 530/323/84
f 531/322/85 532/324/85 533/325/85
f 531/322/85 533/325/85 534/323/85
f 535/324/86 536/326/86 537/327/86
f 535/324/86 537/327/86 538/325/86
f 539/328/87 540/329/87 541/330/87
f 539/328/87 541/330/87 542/331/87
f 543/329/88 544/332/88 545/333/88
f 543/329/88 545/333/88 546/330/88
f 547/334/89 548/335/89 549/336/89
f 547/334/89 549/336/89 550/337/89
f 547/334/89 550/337/89 551/338/89
f 547/334/89 551/338/89 552/339/89
f 553/340/90 554/341/90 555/342/90
f 553/340/90 555/342/90 556/343/90
f 557/343/91 558/344/91 559/345/91
f 560/345/92 561/344/92 562/346/92
f 560/345/92 562/346/92 563/347/92
f 564/348/93 565/349/93 566/344/93
f 564/348/93 566/344/93 567/342/93
f 568/350/94 569/351/94 570/343/94
f 568/350/94 570/343/94 571/345/94
f 572/352/94 573/353/94 574/354/94
f 572/352/94 574/354/94 575/355/94
f 576/356/93 577/357/93 578/358/93
f 576/356/93 578/358/93 579/359/93
f 580/359/92 581/352/92 582/355/92
f 580/359/92 582/355/92 583/356/92
f 584/360/95 585/361/95 586/362/95
f 584/360/95 586/362/95 587/363/95
f 588/363/93 589/362/93 590/364/93
f 588/363/93 590/364/93 591/365/93
f 592/366/96 593/367/96 594/368/96
f 592/366/96 594/368/96 595/369/96
f 596/370/90 597/371/90 598/362/90
f 596/370/90 598/362/90 599/361/90
f 600/372/94 601/373/94 602/374/94
f 600/372/94 602/374/94 603/375/94
f 604/376/93 605/377/93 606/378/93
f 604/376/93 606/378/93 607/379/93
f 608/380/97 609/378/97 610/377/97
f 608/380/97 610/377/97 611/381/97
f 612/379/98 613/382/98 614/383/98
f 612/379/98 614/383/98 615/376/98
f 616/384/99 617/385/99 618/386/99
f 616/384/99 618/386/99 619/387/99
f 620/387/2 621/386/2 622/388/2
f 620/387/2 622/388/2 623/389/2
f 624/389/100 625/388/100 626/390/100
f 627/391/90 628/392/90 629/388/90
f 627/391/90 629/388/90 630/386/90
f 631/393/92 632/394/92 633/387/92
f 631/393/92 633/387/92 634/389/92
f 635/395/94 636/396/94 637/397/94
f 638/398/2 639/397/2 640/399/2
f 638/398/2 640/399/2 641/400/2
f 642/400/93 643/399/93 644/401/93
f 642/400/93 644/401/93 645/402/93
f 646/403/101 647/404/101 648/405/101
f 646/403/101 648/405/101 649/406/101
f 650/407/92 651/408/92 652/398/92
f 650/407/92 652/398/92 653/400/92
f 654/409/102 655/410/102 656/411/102
f 654/409/102 656/411/102 657/412/102
f 658/413/103 659/414/103 660/415/103
f 660/415/103 661/416/103 658/413/103
f 662/417/103 661/416/103 663/418/103
f 664/419/103 665/420/103 666/421/103
f 664/419/103 666/421/103 659/414/103
f 667/422/2 668/423/2 669/424/2
f 667/422/2 669/424/2 670/425/2
f 668/423/2 671/426/2 672/427/2
f 668/423/2 672/427/2 669/424/2
f 671/426/2 673/428/2 674/429/2
f 671/426/2 674/429/2 672/427/2
f 673/428/2 675/430/2 676/431/2
f 673/428/2 676/431/2 674/429/2
f 675/430/2 677/432/2 678/433/2
f 675/430/2 678/433/2 676/431/2
f 677/432/2 679/434/2 680/435/2
f 677/432/2 680/435/2 678/433/2
f 681/436/2 682/437/2 683/438/2
f 681/436/2 683/438/2 684/439/2
f 682/437/2 667/422/2 670/425/2
f 682/437/2 670/425/2 683/438/2
f 685/440/104 686/441/104 687/442/104
f 685/440/104 687/442/104 688/443/104
f 689/444/105 690/445/105 691/446/105
f 689/444/105 691/446/105 692/447/105
f 693/448/106 694/449/106 695/450/106
f 693/448/106 695/450/106 696/451/106
f 697/450/107 698/452/107 699/453/107
f 697/450/107 699/453/107 700/451/107
f 701/448/108 702/445/108 703/444/108
f 701/448/108 703/444/108 704/449/108
f 705/454/109 706/455/109 707/456/109
f 705/454/109 707/456/109 708/457/109
f 709/458/110 710/459/110 711/460/110
f 709/458/110 711/460/110 712/461/110
f 713/460/111 714/459/111 715/456/111
f 713/460/111 715/456/111 716/455/111
f 717/458/112 718/461/112 719/462/112
f 717/458/112 719/462/112 720/463/112
f 721/464/113 722/465/113 723/446/113
f 721/464/113 723/446/113 724/466/113
f 725/467/114 726/468/114 727/469/114
f 725/467/114 727/469/114 728/470/114
f 729/469/115 730/471/115 731/453/115
f 729/469/115 731/453/115 732/470/115
f 733/467/116 734/465/116 735/464/116
f 733/467/116 735/464/116 736/468/116
f 737/454/117 738/472/117 739/473/117
f 737/454/117 739/473/117 740/474/117
f 741/458/118 742/459/118 743/460/118
f 741/458/118 743/460/118 744/461/118
f 745/460/119 746/459/119 747/473/119
f 745/460/119 747/473/119 748/472/119
f 749/458/120 750/461/120 751/475/120
f 749/458/120 751/475/120 752/476/120
f 753/477/2 754/478/2 755/479/2
f 753/477/2 755/479/2 756/480/2
f 756/480/2 757/481/2 758/482/2
f 756/480/2 758/482/2 753/477/2
f 759/483/2 758/482/2 757/481/2
f 759/483/2 757/481/2 760/484/2
f 754/478/2 761/485/2 762/486/2
f 754/478/2 762/486/2 755/479/2
f 763/487/121 764/488/121 765/489/121
f 763/487/121 765/489/121 766/490/121
f 767/488/122 768/491/122 769/492/122
f 767/488/122 769/492/122 770/489/122
f 771/493/123 772/494/123 773/495/123
f 771/493/123 773/495/123 774/496/123
f 775/494/124 776/490/124 777/495/124
f 778/497/125 779/498/125 780/499/125
f 778/497/125 780/499/125 781/500/125
f 782/498/126 783/501/126 784/502/126
f 785/503/127 786/504/127 787/505/127
f 785/503/127 787/505/127 788/506/127
f 789/504/128 790/497/128 791/500/128
f 789/504/128 791/500/128 792/505/128
f 793/497/129 794/498/129 795/499/129
f 793/497/129 795/499/129 796/500/129
f 797/498/130 798/507/130 799/502/130
f 800/508/131 801/504/131 802/505/131
f 800/508/131 802/505/131 803/506/131
f 804/504/132 805/497/132 806/500/132
f 804/504/132 806/500/132 807/505/132
f 808/487/133 809/488/133 810/489/133
f 808/487/133 810/489/133 811/490/133
f 812/488/134 813/491/134 814/492/134
f 812/488/134 814/492/134 815/489/134
f 816/493/135 817/495/135 818/496/135
f 819/494/136 820/487/136 821/490/136
f 819/494/136 821/490/136 822/495/136
f 823/487/129 824/488/129 825/489/129
f 823/487/129 825/489/129 826/490/129
f 827/488/130 828/491/130 829/492/130
f 827/488/130 829/492/130 830/489/130
f 831/493/131 832/494/131 833/495/131
f 831/493/131 833/495/131 834/496/131
f 835/494/132 836/487/132 837/490/132
f 838/477/2 839/478/2 840/479/2
f 838/477/2 840/479/2 841/480/2
f 841/480/2 842/481/2 843/482/2
f 841/480/2 843/482/2 838/477/2
f 844/483/2 843/482/2 842/481/2
f 844/483/2 842/481/2 845/484/2
f 839/478/2 846/485/2 847/486/2
f 839/478/2 847/486/2 840/479/2
f 848/487/137 849/488/137 850/489/137
f 848/487/125 850/489/125 851/490/125
f 852/488/126 853/491/126 854/492/126
f 852/488/126 854/492/126 855/489/126
f 856/493/127 857/495/127 858/496/127
f 859/494/128 860/487/128 861/490/128
f 859/494/128 861/490/128 862/495/128
f 863/487/121 864/488/121 865/489/121
f 863/487/121 865/489/121 866/490/121
f 867/488/122 868/492/122 869/489/122
f 870/493/123 871/494/123 872/495/123
f 870/493/123 872/495/123 873/496/123
f 874/494/124 875/487/124 876/490/124
f 874/494/124 876/490/124 877/495/124
f 878/487/133 879/488/133 880/489/133
f 878/487/133 880/489/133 881/490/133
f 882/488/138 883/491/138 884/492/138
f 882/488/134 884/492/134 885/489/134
f 886/493/135 887/494/135 888/495/135
f 886/493/135 888/495/135 889/496/135
f 890/494/136 891/487/136 892/490/136
f 890/494/136 892/490/136 893/495/136
f 894/509/139 895/510/139 896/511/139
f 894/509/139 896/511/139 897/512/139
f 898/513/140 899/441/140 900/442/140
f 898/513/140 900/442/140 901/443/140
f 902/514/2 903/515/2 904/516/2
f 902/514/2 904/516/2 905/517/2
f 905/517/2 906/518/2 907/519/2
f 908/520/2 904/516/2 903/515/2
f 908/520/2 903/515/2 909/521/2
f 906/518/2 910/522/2 911/523/2
f 906/518/2 911/523/2 907/519/2
f 912/524/4 913/525/4 914/526/4
f 912/524/4 914/526/4 915/527/4
f 916/528/4 912/524/4 915/527/4
f 916/528/4 915/527/4 917/529/4
f 918/530/4 916/528/4 917/529/4
f 918/530/4 917/529/4 919/531/4
f 913/525/4 920/532/4 921/533/4
f 913/525/4 921/533/4 914/526/4
f 922/534/141 923/535/141 924/536/141
f 925/537/142 926/538/142 927/539/142
f 925/537/142 927/539/142 928/540/142
f 929/541/143 930/542/143 931/543/143
f 929/541/143 931/543/143 932/544/143
f 933/545/143 934/546/143 932/544/143
f 933/545/143 932/544/143 931/543/143
f 935/547/144 936/548/144 937/549/144
f 935/547/144 938/550/144 939/551/144
f 935/547/144 939/551/144 940/552/144
f 941/514/2 942/515/2 943/516/2
f 941/514/2 943/516/2 944/517/2
f 944/517/2 945/518/2 946/519/2
f 944/517/2 946/519/2 941/514/2
f 947/520/2 943/516/2 942/515/2
f 947/520/2 942/515/2 948/521/2
f 945/518/2 949/522/2 950/523/2
f 945/518/2 950/523/2 946/519/2
f 951/524/4 952/526/4 953/527/4
f 954/528/4 951/524/4 953/527/4
f 954/528/4 953/527/4 955/529/4
f 956/530/4 954/528/4 955/529/4
f 957/525/4 958/532/4 959/533/4
f 957/525/4 959/533/4 952/526/4
f 960/534/145 961/553/145 962/535/145
f 960/534/146 962/535/146 963/536/146
f 964/537/147 965/538/147 966/539/147
f 964/537/148 966/539/148 967/540/148
f 968/541/149 969/542/149 970/543/149
f 968/541/149 970/543/149 971/544/149
f 972/545/149 971/544/149 970/543/149
f 973/547/150 974/550/150 975/551/150
f 976/554/2 977/555/2 978/556/2
f 979/557/2 980/558/2 981/559/2
f 979/557/2 981/559/2 982/560/2
f 983/561/2 979/557/2 982/560/2
f 983/561/2 982/560/2 984/562/2
f 985/563/2 983/561/2 984/562/2
f 985/563/2 984/562/2 986/564/2
f 987/565/2 985/563/2 986/564/2
f 987/565/2 986/564/2 988/566/2
f 977/555/2 987/565/2 988/566/2
f 977/555/2 988/566/2 978/556/2
f 989/567/2 990/568/2 991/569/2
f 989/567/2 991/569/2 992/570/2
f 993/571/2 991/569/2 990/568/2
f 993/571/2 990/568/2 994/572/2
f 28/25/2 993/571/2 994/572/2
f 28/25/2 994/572/2 29/26/2
f 995/561/2 996/573/2 997/574/2
f 998/554/2 999/575/2 1000/576/2
f 998/554/2 1000/576/2 1001/577/2
f 1002/555/2 1003/556/2 999/575/2
f 1002/555/2 999/575/2 998/554/2
f 1004/565/2 1005/566/2 1003/556/2
f 1004/565/2 1003/556/2 1002/555/2
f 997/574/2 996/573/2 1005/566/2
f 997/574/2 1005/566/2 1004/565/2
f 1006/578/151 1007/579/151 1008/580/151
f 1006/578/151 1008/580/151 1009/581/151
f 1010/570/2 1011/567/2 1012/568/2
f 1010/570/2 1012/568/2 1013/569/2
f 1014/572/2 1015/571/2 1013/569/2
f 1014/572/2 1013/569/2 1012/568/2
f 32/26/2 31/25/2 1015/571/2
f 32/26/2 1015/571/2 1014/572/2
f 1016/582/2 1017/583/2 1018/584/2
f 1019/585/2 1020/586/2 1021/587/2
f 1019/585/2 1021/587/2 1022/588/2
f 1023/589/2 1019/585/2 1022/588/2
f 1024/590/2 1023/589/2 1025/591/2
f 1024/590/2 1025/591/2 1026/592/2
f 1027/593/2 1024/590/2 1026/592/2
f 1027/593/2 1026/592/2 1028/594/2
f 1017/583/2 1027/593/2 1028/594/2
f 1017/583/2 1028/594/2 1018/584/2
f 1029/595/2 1030/596/2 1031/597/2
f 1029/595/2 1031/597/2 1032/598/2
f 1033/599/2 1031/597/2 1030/596/2
f 34/28/2 1033/599/2 1034/600/2
f 34/28/2 1034/600/2 35/29/2
f 1035/601/2 36/30/2 38/32/2
f 1035/601/2 38/32/2 1036/602/2
f 1037/603/4 41/35/4 44/38/4
f 1037/603/4 44/38/4 1038/604/4
f 1036/602/2 38/32/2 39/33/2
f 1036/602/2 39/33/2 1039/605/2
f 1040/606/4 42/36/4 41/35/4
f 1040/606/4 41/35/4 1037/603/4
f 1041/601/2 46/30/2 48/32/2
f 1041/601/2 48/32/2 1042/602/2
f 1043/603/4 51/35/4 54/38/4
f 1043/603/4 54/38/4 1044/604/4
f 1042/602/2 48/32/2 49/33/2
f 1042/602/2 49/33/2 1045/605/2
f 1046/606/4 52/36/4 51/35/4
f 1046/606/4 51/35/4 1043/603/4
f 1047/601/2 1048/602/2 57/32/2
f 1047/601/2 57/32/2 56/30/2
f 1049/603/4 1050/604/4 64/38/4
f 1049/603/4 64/38/4 61/35/4
f 1048/602/2 1051/605/2 59/33/2
f 1052/606/4 1049/603/4 61/35/4
f 1052/606/4 61/35/4 63/36/4
f 1053/607/5 1054/608/5 1055/609/5
f 1053/607/5 1055/609/5 1056/610/5
f 1055/609/5 1054/608/5 67/41/5
f 1055/609/5 67/41/5 66/40/5
f 68/42/5 67/41/5 1057/611/5
f 68/42/5 1057/611/5 1058/612/5
f 1059/613/6 1060/614/6 1061/615/6
f 1059/613/6 1061/615/6 1062/616/6
f 1061/615/6 69/43/6 71/45/6
f 1061/615/6 71/45/6 1062/616/6
f 70/44/6 1063/617/6 1064/618/6
f 70/44/6 1064/618/6 71/45/6
f 1065/619/152 1066/620/152 1067/621/152
f 1065/619/152 1067/621/152 1068/622/152
f 1069/623/153 1070/624/153 1071/625/153
f 1069/623/153 1071/625/153 1072/626/153
f 1073/624/4 1074/627/4 1075/628/4
f 1073/624/4 1075/628/4 1076/625/4
f 1077/629/1 1078/630/1 1079/631/1
f 1077/629/1 1079/631/1 1080/632/1
f 1081/633/58 1082/634/58 1083/635/58
f 1081/633/58 1083/635/58 1084/636/58
f 1085/637/5 1086/638/5 1087/639/5
f 1085/637/5 1087/639/5 1088/640/5
f 1089/641/6 1090/642/6 1091/632/6
f 1089/641/6 1091/632/6 1092/633/6
f 1083/635/58 1082/634/58 1093/639/58
f 1083/635/58 1093/639/58 1094/643/58
f 1079/631/1 1078/630/1 1095/644/1
f 1079/631/1 1095/644/1 1096/640/1
f 1097/607/5 1098/608/5 1099/609/5
f 1097/607/5 1099/609/5 1100/610/5
f 1099/609/5 1098/608/5 73/41/5
f 1099/609/5 73/41/5 72/40/5
f 74/42/5 73/41/5 1101/611/5
f 74/42/5 1101/611/5 1102/612/5
f 1103/613/6 1104/614/6 1105/615/6
f 1103/613/6 1105/615/6 1106/616/6
f 1105/615/6 75/43/6 77/45/6
f 1105/615/6 77/45/6 1106/616/6
f 76/44/6 1107/617/6 1108/618/6
f 76/44/6 1108/618/6 77/45/6
f 1109/619/152 1110/620/152 1111/621/152
f 1109/619/152 1111/621/152 1112/645/152
f 1113/623/153 1114/624/153 1115/625/153
f 1113/623/153 1115/625/153 1116/626/153
f 1117/624/4 1118/627/4 1119/628/4
f 1117/624/4 1119/628/4 1120/625/4
f 1121/607/5 1122/608/5 1123/609/5
f 1121/607/5 1123/609/5 1124/610/5
f 1123/609/5 1122/608/5 79/41/5
f 1123/609/5 79/41/5 78/40/5
f 80/42/5 79/41/5 1125/618/5
f 1126/607/6 1127/610/6 1128/609/6
f 1126/607/6 1128/609/6 1129/608/6
f 1128/609/6 81/40/6 83/41/6
f 1128/609/6 83/41/6 1129/608/6
f 82/42/6 1130/618/6 83/41/6
f 1131/646/154 1132/620/154 1133/621/154
f 1131/646/154 1133/621/154 1134/645/154
f 1135/623/155 1136/624/155 1137/625/155
f 1135/623/155 1137/625/155 1138/626/155
f 1139/624/4 1140/627/4 1141/628/4
f 1139/624/4 1141/628/4 1142/625/4
f 1143/629/1 1144/630/1 1145/631/1
f 1143/629/1 1145/631/1 1146/632/1
f 1147/633/58 1148/634/58 1149/635/58
f 1147/633/58 1149/635/58 1150/647/58
f 1151/637/5 1152/638/5 1153/639/5
f 1151/637/5 1153/639/5 1154/640/5
f 1155/641/6 1156/642/6 1157/632/6
f 1155/641/6 1157/632/6 1158/633/6
f 1149/635/58 1148/634/58 1159/639/58
f 1149/635/58 1159/639/58 1160/643/58
f 1145/631/1 1144/630/1 1161/644/1
f 1145/631/1 1161/644/1 1162/640/1
f 1163/607/5 1164/608/5 1165/609/5
f 1163/607/5 1165/609/5 1166/610/5
f 1165/609/5 1164/608/5 85/41/5
f 1165/609/5 85/41/5 84/40/5
f 86/42/5 85/41/5 1167/618/5
f 1168/607/6 1169/610/6 1170/609/6
f 1168/607/6 1170/609/6 1171/608/6
f 1170/609/6 87/40/6 89/41/6
f 1170/609/6 89/41/6 1171/608/6
f 88/42/6 1172/618/6 89/41/6
f 1173/623/155 1174/624/155 1175/625/155
f 1173/623/155 1175/625/155 1176/626/155
f 1177/624/4 1178/627/4 1179/628/4
f 1177/624/4 1179/628/4 1180/625/4
f 1181/648/7 1182/649/7 1183/650/7
f 1181/648/7 1183/650/7 1184/651/7
f 1182/649/7 90/46/7 92/48/7
f 1182/649/7 92/48/7 1183/650/7
f 95/51/7 1181/648/7 1184/651/7
f 95/51/7 1184/651/7 93/49/7
f 1185/648/8 1186/649/8 1187/652/8
f 1185/648/8 1187/652/8 1188/651/8
f 1186/649/8 96/52/8 98/53/8
f 1186/649/8 98/53/8 1187/652/8
f 101/51/8 1185/648/8 1188/651/8
f 101/51/8 1188/651/8 99/49/8
f 1189/653/1 1190/654/1 1191/655/1
f 1189/653/1 1191/655/1 1192/656/1
f 1193/657/156 1194/655/156 1195/658/156
f 1193/657/156 1195/658/156 1196/659/156
f 1197/660/157 1198/661/157 1199/662/157
f 1197/660/157 1199/662/157 1200/663/157
f 1201/664/1 1202/665/1 1203/655/1
f 1204/657/158 1205/659/158 1206/658/158
f 1204/657/158 1206/658/158 1207/655/158
f 1208/654/159 1209/655/159 1210/658/159
f 1208/654/159 1210/658/159 1211/666/159
f 1212/667/160 1213/668/160 1214/662/160
f 1212/667/160 1214/662/160 1215/669/160
f 1216/670/161 1217/671/161 1218/672/161
f 1216/670/161 1218/672/161 1219/673/161
f 1220/670/1 1221/674/1 1222/675/1
f 1220/670/1 1222/675/1 1223/671/1
f 1224/676/2 1225/677/2 1226/678/2
f 1224/676/2 1226/678/2 1227/679/2
f 1227/679/2 1226/678/2 1228/680/2
f 1227/679/2 1228/680/2 1229/681/2
f 1230/682/162 1231/683/162 1232/684/162
f 1233/685/163 1234/686/163 1235/687/163
f 1236/688/163 1233/685/163 1235/687/163
f 1236/688/163 1235/687/163 1237/689/163
f 1238/690/162 1239/691/162 1240/692/162
f 1238/690/162 1240/692/162 1241/693/162
f 1242/694/163 1236/688/163 1237/689/163
f 1242/694/163 1237/689/163 1243/695/163
f 1244/683/164 1245/690/164 1246/693/164
f 1244/683/164 1246/693/164 1247/684/164
f 1248/688/165 1249/687/165 1250/689/165
f 1245/690/164 1251/691/164 1252/692/164
f 1253/694/165 1248/688/165 1250/689/165
f 1253/694/165 1250/689/165 1254/695/165
f 1255/676/2 1256/677/2 1257/678/2
f 1255/676/2 1257/678/2 1258/679/2
f 1258/679/2 1257/678/2 1259/680/2
f 1258/679/2 1259/680/2 1260/681/2
f 1261/682/5 1262/683/5 1263/684/5
f 1261/682/5 1263/684/5 1264/696/5
f 1265/685/6 1266/686/6 1267/687/6
f 1262/683/5 1268/690/5 1269/693/5
f 1262/683/5 1269/693/5 1263/684/5
f 1270/688/6 1265/685/6 1267/687/6
f 1270/688/6 1267/687/6 1271/689/6
f 1272/676/2 1273/677/2 1274/678/2
f 1272/676/2 1274/678/2 1275/679/2
f 1275/679/2 1274/678/2 1276/680/2
f 1275/679/2 1276/680/2 1277/681/2
f 1278/682/166 1279/683/166 1280/684/166
f 1278/682/166 1280/684/166 1281/696/166
f 1282/685/167 1283/697/167 1284/686/167
f 1282/685/167 1284/686/167 1285/687/167
f 1279/683/166 1286/690/166 1287/693/166
f 1279/683/166 1287/693/166 1280/684/166
f 1288/688/167 1285/687/167 1289/689/167
f 1286/690/166 1290/691/166 1291/692/166
f 1286/690/166 1291/692/166 1287/693/166
f 1292/694/167 1288/688/167 1289/689/167
f 1292/694/167 1289/689/167 1293/695/167
f 1294/676/2 1295/677/2 1296/678/2
f 1294/676/2 1296/678/2 1297/679/2
f 1297/679/2 1296/678/2 1298/680/2
f 1297/679/2 1298/680/2 1299/681/2
f 1300/698/168 1301/699/168 1302/700/168
f 1300/698/168 1302/700/168 1303/701/168
f 1304/702/168 1300/698/168 1303/701/168
f 1304/702/168 1303/701/168 1305/703/168
f 1306/704/168 1304/702/168 1305/703/168
f 1306/704/168 1305/703/168 1307/705/168
f 1306/704/168 1307/705/168 1308/706/168
f 1306/704/168 1308/706/168 1309/707/168
f 1301/699/168 1310/708/168 1302/700/168
f 1311/709/169 1312/710/169 1313/711/169
f 1311/709/169 1313/711/169 1314/712/169
f 1315/710/170 1316/713/170 1317/711/170
f 1318/714/171 1319/715/171 1320/716/171
f 1318/714/171 1320/716/171 1321/717/171
f 1322/715/172 1323/709/172 1324/712/172
f 1322/715/173 1324/712/173 1325/716/173
f 1326/709/174 1327/710/174 1328/711/174
f 1329/710/175 1330/718/175 1331/713/175
f 1329/710/175 1331/713/175 1332/711/175
f 1333/714/176 1334/715/176 1335/716/176
f 1333/714/176 1335/716/176 1336/717/176
f 1337/715/177 1338/712/177 1339/716/177
f 1340/719/178 1341/720/178 1342/721/178
f 1343/722/178 1344/723/178 1342/721/178
f 1343/722/178 1342/721/178 1341/720/178
f 1345/724/179 1346/725/179 1347/726/179
f 1345/724/179 1348/727/179 1349/728/179
f 1345/724/179 1349/728/179 1350/729/179
f 1351/730/180 1352/731/180 1353/732/180
f 1351/730/180 1353/732/180 1354/733/180
f 1355/734/181 1356/730/181 1357/733/181
f 1355/734/181 1357/733/181 1358/735/181
f 1359/736/182 1360/734/182 1361/735/182
f 1359/736/182 1361/735/182 1362/737/182
f 1363/738/183 1364/736/183 1365/737/183
f 1363/738/184 1365/737/184 1366/739/184
f 1367/740/185 1368/738/185 1369/739/185
f 1367/740/185 1369/739/185 1370/741/185
f 1371/731/186 1372/742/186 1373/743/186
f 1371/731/186 1373/743/186 1374/732/186
f 1375/744/187 1376/745/187 1377/746/187
f 1378/747/188 1379/748/188 1380/749/188
f 1378/747/188 1380/749/188 1381/750/188
f 1382/751/189 1383/747/189 1384/750/189
f 1382/751/189 1384/750/189 1385/752/189
f 1386/753/190 1387/751/190 1388/752/190
f 1386/753/190 1388/752/190 1389/754/190
f 1390/755/191 1391/753/191 1392/754/191
f 1390/755/191 1392/754/191 1393/756/191
f 1394/757/192 1395/755/192 1396/756/192
f 1394/757/192 1396/756/192 1397/745/192
f 1398/758/193 1399/759/193 1400/760/193
f 1398/758/193 1400/760/193 1401/761/193
f 1402/762/193 1398/758/193 1401/761/193
f 1402/762/193 1401/761/193 1403/763/193
f 1404/764/193 1402/762/193 1403/763/193
f 1404/764/193 1403/763/193 1405/765/193
f 1399/759/193 1406/766/193 1407/767/193
f 1408/768/194 1409/769/194 1410/770/194
f 1408/768/194 1410/770/194 1411/771/194
f 1412/772/195 1413/773/195 1414/774/195
f 1412/772/195 1414/774/195 1415/775/195
f 1416/776/196 1417/777/196 1418/778/196
f 1416/776/196 1418/778/196 1419/779/196
f 1420/780/197 1421/781/197 1419/779/197
f 1420/780/196 1419/779/196 1418/778/196
f 1422/782/198 1423/783/198 1424/784/198
f 1422/782/199 1424/784/199 1425/785/199
f 1422/782/198 1425/785/198 1426/786/198
f 1427/758/200 1428/761/200 1429/760/200
f 1427/758/200 1429/760/200 1430/759/200
f 1431/762/200 1432/763/200 1428/761/200
f 1431/762/200 1428/761/200 1427/758/200
f 1433/764/200 1432/763/200 1431/762/200
f 1430/759/200 1429/760/200 1434/767/200
f 1430/759/200 1434/767/200 1435/766/200
f 1436/768/201 1437/771/201 1438/770/201
f 1436/768/201 1438/770/201 1439/769/201
f 1440/772/202 1441/775/202 1442/774/202
f 1440/772/202 1442/774/202 1443/773/202
f 1444/776/203 1445/779/203 1446/778/203
f 1444/776/204 1446/778/204 1447/777/204
f 1448/780/203 1446/778/203 1445/779/203
f 1448/780/204 1445/779/204 1449/781/204
f 1450/782/205 1451/783/205 1452/787/205
f 1450/782/205 1453/786/205 1454/785/205
f 1450/782/206 1454/785/206 1455/784/206
f 1456/788/207 1457/789/207 1458/790/207
f 1459/791/207 1460/792/207 1461/793/207
f 1459/791/207 1461/793/207 1457/789/207
f 1462/788/208 1463/790/208 1464/789/208
f 1462/788/208 1464/789/208 1465/791/208
f 1465/791/208 1464/789/208 1466/793/208
f 1465/791/208 1466/793/208 1467/792/208
f 1467/792/208 1466/793/208 1468/794/209
f 1469/788/210 1470/791/210 1471/789/210
f 1470/791/210 1472/792/210 1473/793/210
f 1470/791/210 1473/793/210 1471/789/210
f 1474/788/211 1475/789/211 1476/791/211
f 1476/791/211 1477/793/211 1478/792/211
f 1478/792/211 1477/793/211 1479/794/212
f 1480/795/10 1481/796/10 1482/797/10
f 1480/795/10 1482/797/10 1483/798/10
f 1481/796/213 105/57/213 107/59/213
f 1481/796/10 107/59/10 1482/797/10
f 1484/795/214 1485/798/214 1486/797/214
f 1484/795/214 1486/797/214 1487/796/214
f 1487/796/214 1486/797/214 1488/59/214
f 1487/796/215 1488/59/215 1489/57/215
f 1490/795/11 1491/796/11 1492/797/11
f 1490/795/11 1492/797/11 1493/798/11
f 1491/796/216 108/57/216 110/59/216
f 1491/796/11 110/59/11 1492/797/11
f 1494/795/217 1495/798/217 1496/797/217
f 1494/795/12 1496/797/12 1497/796/12
f 1497/796/217 1496/797/217 112/59/217
f 1497/796/218 112/59/218 111/57/218
f 1498/799/2 1499/800/2 1500/801/2
f 1498/799/2 1500/801/2 1501/802/2
f 1502/101/219 1503/803/220 1504/804/221
f 1505/106/222 1506/805/223 1507/107/224
f 1508/101/225 1509/804/226 1510/803/227
f 1511/106/228 1512/107/229 1513/805/230
f 1514/806/231 1515/807/232 1516/102/233
f 1517/808/234 1518/809/234 1519/810/234
f 1520/811/235 1521/812/236 1522/813/237
f 1523/814/238 1524/815/239 1525/816/240
f 1526/817/241 1527/818/242 1528/819/243
f 1529/820/244 1527/818/242 1526/817/241
f 1530/821/245 1531/822/246 1532/823/247
f 1533/817/248 1534/819/249 1535/818/250
f 1536/820/251 1533/817/248 1535/818/250
f 1537/821/252 1538/823/253 1539/822/254
f 352/220/2 351/219/2 368/227/2
f 1540/824/255 1541/825/256 1542/826/257
f 1543/827/258 1544/828/259 1545/829/260
f 1546/830/261 1547/831/262 1548/832/263
f 1549/833/264 1550/834/265 1551/835/266
f 1552/836/267 1553/837/268 1554/838/269
f 1555/839/270 1556/840/271 1557/841/272
f 1558/842/273 1559/843/274 1560/844/275
f 1561/845/276 1562/846/277 1563/847/278
f 1564/848/279 1565/849/280 1566/850/281
f 1567/851/282 1568/852/283 1569/853/284
f 1570/854/285 1571/855/286 1572/856/287
f 1573/857/288 1574/858/289 1575/859/290
f 1576/860/291 1577/861/292 1578/862/293
f 1579/863/294 1580/864/295 1581/865/296
f 1580/864/295 1582/866/297 1581/865/296
f 1582/866/297 1583/867/298 1581/865/296
f 1583/867/298 1584/868/299 1581/865/296
f 1584/868/299 1585/869/300 1581/865/296
f 1585/869/300 1586/870/301 1581/865/296
f 1586/870/301 1587/871/302 1581/865/296
f 1587/871/302 1588/872/303 1581/865/296
f 1588/872/303 1589/873/304 1581/865/296
f 1589/873/304 1590/874/305 1581/865/296
f 1590/874/305 1591/875/306 1581/865/296
f 1591/875/306 1592/876/307 1581/865/296
f 1592/876/307 1579/863/294 1581/865/296
f 1593/877/308 1594/878/309 1595/879/310
f 1594/878/309 1596/880/311 1595/879/310
f 1596/880/311 1597/881/312 1595/879/310
f 1597/881/312 1598/882/313 1595/879/310
f 1598/882/313 1599/883/314 1595/879/310
f 1600/884/315 1601/885/316 1595/879/310
f 1601/885/316 1602/886/317 1595/879/310
f 1602/886/317 1603/887/318 1595/879/310
f 1603/887/318 1604/888/319 1595/879/310
f 1604/888/319 1605/889/320 1595/879/310
f 1605/889/320 1606/890/321 1595/879/310
f 1606/890/321 1593/877/308 1595/879/310
f 1607/891/322 1608/892/323 1609/893/324
f 1609/893/324 1608/892/323 1610/894/325
f 1611/895/326 1612/896/327 1613/897/328
f 1613/897/328 1612/896/327 1614/898/329
f 1615/899/330 1609/893/324 1610/894/325
f 1611/895/326 1613/897/328 1616/900/331
f 1617/901/332 1618/902/333 1619/903/334
f 1619/903/334 1618/902/333 1620/904/335
f 1620/904/335 1618/902/333 1621/905/336
f 1622/906/337 1623/907/338 1624/908/339
f 1622/906/337 1625/909/340 1623/907/338
f 1623/907/338 1625/909/340 1626/910/341
f 1627/411/342 1628/911/343 1629/412/344
f 1629/412/344 1628/911/343 1630/912/345
f 1631/913/346 1632/914/347 1633/915/348
f 1633/915/348 1632/914/347 1634/916/349
f 1635/917/350 1629/412/344 1630/912/345
f 1631/913/346 1633/915/348 1636/918/351
f 1637/919/352 1638/920/353 1639/921/354
f 1640/922/355 1637/919/352 1639/921/354
f 1641/923/356 1640/922/355 1639/921/354
f 1642/924/357 1641/923/356 1639/921/354
f 1643/925/358 1642/924/357 1639/921/354
f 1638/920/353 1643/925/358 1639/921/354
f 1644/926/359 1645/927/360 1646/928/361
f 1645/927/360 1647/929/362 1646/928/361
f 1647/929/362 1648/930/363 1646/928/361
f 1648/930/363 1649/931/364 1646/928/361
f 1649/931/364 1650/932/365 1646/928/361
f 1650/932/365 1644/926/359 1646/928/361
f 1651/933/366 1652/934/367 1653/935/368
f 1654/936/369 1651/933/366 1653/935/368
f 1655/937/370 1654/936/369 1653/935/368
f 1656/938/371 1655/937/370 1653/935/368
f 1657/939/372 1656/938/371 1653/935/368
f 1652/934/367 1657/939/372 1653/935/368
f 1658/940/373 1659/941/374 1660/942/375
f 1659/941/374 1661/943/376 1660/942/375
f 1661/943/376 1662/944/377 1660/942/375
f 1662/944/377 1663/945/378 1660/942/375
f 1663/945/378 1664/946/379 1660/942/375
f 1664/946/379 1658/940/373 1660/942/375
f 1665/947/380 1666/948/381 1667/949/382
f 1668/950/383 1669/951/384 1670/952/385
f 1671/953/386 1672/954/387 1673/955/388
f 1674/956/389 1675/957/390 1676/958/2
f 1675/957/390 1677/959/391 1676/958/2
f 1677/959/391 1678/960/392 1676/958/2
f 1678/960/392 1679/961/393 1676/958/2
f 1679/961/393 1680/962/394 1676/958/2
f 1680/962/394 1681/963/395 1676/958/2
f 1681/963/395 1682/964/396 1676/958/2
f 1682/964/396 1683/965/397 1676/958/2
f 1683/965/397 1684/966/398 1676/958/2
f 1684/966/398 1674/956/389 1676/958/2
f 1685/956/399 1686/957/400 1687/958/2
f 1686/957/400 1688/959/401 1687/958/2
f 1688/959/401 1689/960/402 1687/958/2
f 1689/960/402 1690/961/403 1687/958/2
f 1690/961/403 1691/962/404 1687/958/2
f 1691/962/404 1692/963/405 1687/958/2
f 1692/963/405 1693/964/406 1687/958/2
f 1693/964/406 1694/965/407 1687/958/2
f 1694/965/407 1695/966/408 1687/958/2
f 1695/966/408 1685/956/399 1687/958/2
f 1696/967/409 1697/968/410 1698/969/411
f 1697/968/410 1699/970/412 1698/969/411
f 1699/970/412 1700/971/413 1698/969/411
f 1700/971/413 1701/972/414 1698/969/411
f 1701/972/414 1702/973/415 1698/969/411
f 1702/973/415 1703/974/416 1698/969/411
f 1703/974/416 1704/975/417 1698/969/411
f 1704/975/417 1705/976/418 1698/969/411
f 1705/976/418 1706/977/419 1698/969/411
f 1706/977/419 1696/967/409 1698/969/411
f 1707/978/420 1708/979/420 1709/980/420
f 1710/981/421 1711/982/422 1712/794/423
f 1713/981/424 1468/794/425 1714/982/426
f 1715/981/427 1716/982/428 1717/794/429
f 1718/981/430 1479/794/431 1719/982/432
f 1489/57/214 1488/59/214 1720/58/214
f 1721/61/433 1722/60/433 1723/63/433
f 1721/61/433 1723/63/433 1724/62/433
f 130/68/1 132/66/1 133/69/1
f 1725/983/2 1726/2/2 1727/5/2
f 1725/983/2 1727/5/2 1728/984/2
f 129/69/1 138/71/1 1729/70/1
f 1730/985/434 1731/986/435 1732/987/436
f 1730/985/434 1732/987/436 1733/988/437
f 1734/986/438 1735/989/438 1736/990/439
f 1734/986/438 1736/990/439 1737/987/440
f 1738/991/441 1739/985/441 1740/988/442
f 1738/991/441 1740/988/442 1741/992/443
f 1737/987/440 1736/990/439 1742/993/444
f 1737/987/440 1742/993/444 1743/994/445
f 1740/988/442 1744/995/446 1745/996/447
f 1740/988/442 1745/996/447 1741/992/443
f 1732/987/436 1746/994/448 1747/995/449
f 1732/987/436 1747/995/449 1733/988/437
f 1748/997/450 1749/998/451 1750/999/452
f 1748/997/450 1750/999/452 1751/1000/453
f 1752/1001/454 1753/1002/455 1754/1003/456
f 1752/1001/454 1754/1003/456 1755/1004/457
f 1756/997/458 1757/1000/459 1758/1002/460
f 1756/997/458 1758/1002/460 1759/1001/461
f 1743/994/445 1742/993/444 1749/998/451
f 1743/994/445 1749/998/451 1748/997/450
f 1744/995/446 1752/1001/454 1755/1004/457
f 1744/995/446 1755/1004/457 1745/996/447
f 1746/994/448 1756/997/458 1759/1001/461
f 1746/994/448 1759/1001/461 1747/995/449
f 1760/78/462 1761/81/463 1762/1005/464
f 1760/78/462 1762/1005/464 1763/1006/462
f 1764/1007/465 1765/1008/465 1766/1009/466
f 1764/1007/465 1766/1009/466 1767/1010/467
f 1761/81/463 1768/83/468 1769/1011/469
f 1761/81/463 1769/1011/469 1762/1005/464
f 1767/1010/467 1766/1009/466 1770/1012/470
f 1767/1010/467 1770/1012/470 1771/1013/471
f 1768/83/468 1772/85/472 1773/1014/473
f 1768/83/468 1773/1014/473 1769/1011/469
f 1771/1013/471 1770/1012/470 1774/1015/474
f 1771/1013/471 1774/1015/474 1775/1016/475
f 1772/85/472 1776/87/476 1777/1017/476
f 1772/85/472 1777/1017/476 1773/1014/473
f 1775/1016/475 1774/1015/474 1778/1018/477
f 1775/1016/475 1778/1018/477 1779/1019/477
f 150/85/5 149/84/5 151/86/5
f 1780/95/478 1781/94/479 1782/1020/480
f 1780/95/478 1782/1020/480 1783/1021/481
f 1784/1022/482 1785/1023/483 1786/89/482
f 1784/1022/482 1786/89/482 1787/88/484
f 1788/91/485 1789/90/486 1790/1024/485
f 1788/91/485 1790/1024/485 1791/1025/487
f 1792/1025/488 1793/1024/489 1794/93/488
f 1792/1025/488 1794/93/488 1795/92/490
f 161/96/18 1796/1026/18 162/97/18
f 1797/1027/491 1798/1028/492 1799/1029/493
f 1797/1027/491 1799/1029/493 1800/1030/494
f 1801/1031/495 1802/1032/496 1803/1033/497
f 1801/1031/495 1803/1033/497 1804/1034/498
f 1800/1030/494 1799/1029/493 1805/1035/499
f 1800/1030/494 1805/1035/499 1806/1036/500
f 1806/1036/500 1805/1035/499 1802/1032/496
f 1806/1036/500 1802/1032/496 1801/1031/495
f 1807/1037/501 1504/804/221 1503/803/220
f 1807/1037/501 1503/803/220 1808/1038/502
f 1506/805/223 1807/1037/501 1808/1038/502
f 1506/805/223 1808/1038/502 1507/107/224
f 1798/1028/492 1797/1027/491 1809/806/503
f 1798/1028/492 1809/806/503 1810/102/504
f 1804/1034/498 1803/1033/497 1811/810/505
f 1804/1034/498 1811/810/505 1812/809/506
f 1502/101/219 1798/1028/492 1810/102/504
f 1799/1029/493 1798/1028/492 1502/101/219
f 1799/1029/493 1502/101/219 1504/804/221
f 1805/1035/499 1799/1029/493 1504/804/221
f 1805/1035/499 1504/804/221 1807/1037/501
f 1802/1032/496 1805/1035/499 1807/1037/501
f 1802/1032/496 1807/1037/501 1506/805/223
f 1803/1033/497 1802/1032/496 1506/805/223
f 1803/1033/497 1506/805/223 1505/106/222
f 1811/810/505 1803/1033/497 1505/106/222
f 1811/810/505 1505/106/222 1813/109/507
f 1814/1027/508 1815/1030/509 1816/1029/510
f 1814/1027/508 1816/1029/510 1817/1028/511
f 1818/1031/512 1819/1034/513 1820/1033/514
f 1818/1031/512 1820/1033/514 1821/1032/515
f 1815/1030/509 1822/1036/516 1823/1035/517
f 1815/1030/509 1823/1035/517 1816/1029/510
f 1822/1036/516 1818/1031/512 1821/1032/515
f 1822/1036/516 1821/1032/515 1823/1035/517
f 1824/1037/518 1825/1038/519 1510/803/227
f 1824/1037/518 1510/803/227 1509/804/226
f 1513/805/230 1512/107/229 1825/1038/519
f 1513/805/230 1825/1038/519 1824/1037/518
f 1817/1028/511 1826/102/520 1827/806/521
f 1817/1028/511 1827/806/521 1814/1027/508
f 1819/1034/513 1828/809/522 1829/810/523
f 1819/1034/513 1829/810/523 1820/1033/514
f 1508/101/225 1826/102/520 1817/1028/511
f 1816/1029/510 1509/804/226 1508/101/225
f 1816/1029/510 1508/101/225 1817/1028/511
f 1823/1035/517 1824/1037/518 1509/804/226
f 1823/1035/517 1509/804/226 1816/1029/510
f 1821/1032/515 1513/805/230 1824/1037/518
f 1821/1032/515 1824/1037/518 1823/1035/517
f 1820/1033/514 1511/106/228 1513/805/230
f 1820/1033/514 1513/805/230 1821/1032/515
f 1829/810/523 1830/109/524 1511/106/228
f 1829/810/523 1511/106/228 1820/1033/514
f 1831/1039/525 1832/1040/526 1833/803/526
f 1831/1039/525 1833/803/526 1834/101/527
f 1515/807/232 1835/1041/528 1836/103/529
f 1515/807/232 1836/103/529 1516/102/233
f 1835/1041/528 1831/1039/525 1834/101/527
f 1835/1041/528 1834/101/527 1836/103/529
f 1837/108/234 1517/808/234 1519/810/234
f 1837/108/234 1519/810/234 1838/109/234
f 180/110/23 182/112/23 1839/114/23
f 183/113/24 185/114/24 1840/116/24
f 1841/1042/530 1842/1043/531 1843/1044/532
f 1841/1042/530 1843/1044/532 1844/1045/533
f 1845/1043/534 1846/1046/535 1847/1047/536
f 1845/1043/534 1847/1047/536 1848/1044/537
f 1849/1046/538 1850/1048/539 1851/1049/540
f 1849/1046/538 1851/1049/540 1852/1047/541
f 1853/1050/542 1854/1051/543 1855/1052/544
f 1853/1050/542 1855/1052/544 1856/1053/545
f 1857/1051/546 1858/1054/547 1859/1055/548
f 1857/1051/546 1859/1055/548 1860/1052/549
f 1861/1054/550 1862/1042/551 1863/1045/552
f 1861/1054/550 1863/1045/552 1864/1055/553
f 1865/1056/554 1866/1057/555 1867/130/556
f 1865/1056/554 1867/130/556 1868/133/557
f 1869/1057/558 1870/1058/559 1871/141/560
f 1869/1057/558 1871/141/560 1872/130/561
f 1873/1058/562 1874/1059/563 1875/142/564
f 1873/1058/562 1875/142/564 1876/141/565
f 1877/1056/566 1878/1057/567 1879/145/568
f 1877/1056/566 1879/145/568 1880/144/569
f 1881/1057/570 1882/1060/571 1883/137/572
f 1881/1057/570 1883/137/572 1884/145/573
f 1885/1060/574 1886/1059/575 1887/140/576
f 1885/1060/574 1887/140/576 1888/137/577
f 1889/1061/578 1890/1062/579 1891/1063/580
f 1889/1061/578 1891/1063/580 1892/1064/580
f 1893/1062/581 1894/1065/582 1895/1066/583
f 1893/1062/581 1895/1066/583 1896/1063/583
f 1897/1065/584 1898/1067/585 1899/1068/586
f 1897/1065/584 1899/1068/586 1900/1066/586
f 1901/1069/587 1902/1070/588 1903/1071/589
f 1901/1069/587 1903/1071/589 1904/1072/589
f 1905/1070/590 1906/1073/591 1907/1074/592
f 1905/1070/590 1907/1074/592 1908/1071/592
f 1909/1073/593 1910/1061/594 1911/1064/595
f 1909/1073/593 1911/1064/595 1912/1074/595
f 1913/1075/596 1914/1076/597 1915/1077/598
f 1913/1075/596 1915/1077/598 1916/1078/599
f 1917/1075/600 1918/1079/601 1919/1080/602
f 1917/1075/600 1919/1080/602 1920/1076/603
f 1921/1081/604 1922/1082/605 1923/1083/606
f 1921/1081/604 1923/1083/606 1924/1084/606
f 1925/1082/607 1926/1085/608 1927/1086/609
f 1925/1082/607 1927/1086/609 1928/1083/610
f 1929/1085/611 1930/1087/612 1931/1088/613
f 1929/1085/611 1931/1088/613 1932/1086/613
f 1933/1087/614 1934/1078/615 1935/1077/616
f 1933/1087/614 1935/1077/616 1936/1088/616
f 1937/1089/617 1938/1090/618 1939/1091/619
f 1937/1089/617 1939/1091/619 1940/1092/620
f 1941/1090/621 1942/1093/622 1943/1094/623
f 1941/1090/621 1943/1094/623 1944/1091/624
f 1945/1095/625 1946/1096/626 1947/1097/627
f 1945/1095/625 1947/1097/627 1948/1098/628
f 1949/1096/629 1950/1099/630 1951/1100/631
f 1949/1096/629 1951/1100/631 1952/1097/632
f 1953/1099/633 1954/1101/634 1955/1102/635
f 1953/1099/633 1955/1102/635 1956/1100/636
f 1957/1089/637 1958/1092/638 1959/1102/639
f 1957/1089/637 1959/1102/639 1960/1101/640
f 208/130/30 219/141/30 216/138/30
f 222/133/31 1961/132/31 223/131/31
f 226/145/30 232/136/30 227/135/30
f 1962/134/641 1963/137/642 1870/1058/559
f 1962/134/641 1870/1058/559 1869/1057/558
f 1964/137/643 1965/140/644 1874/1059/563
f 1964/137/643 1874/1059/563 1873/1058/562
f 1966/133/645 1967/130/646 1878/1057/567
f 1966/133/645 1878/1057/567 1877/1056/566
f 1968/130/647 1969/147/648 1882/1060/571
f 1968/130/647 1882/1060/571 1881/1057/570
f 1970/147/649 1971/142/650 1886/1059/575
f 1970/147/649 1886/1059/575 1885/1060/574
f 1972/134/651 1866/1057/555 1865/1056/554
f 1972/134/651 1865/1056/554 1973/148/652
f 1974/1103/653 1846/1046/535 1845/1043/534
f 1974/1103/653 1845/1043/534 1975/1104/654
f 1976/1105/655 1850/1048/539 1849/1046/538
f 1976/1105/655 1849/1046/538 1977/1103/656
f 1978/1106/657 1854/1051/543 1853/1050/542
f 1978/1106/657 1853/1050/542 1979/1107/658
f 1980/1108/659 1858/1054/547 1857/1051/546
f 1980/1108/659 1857/1051/546 1981/1106/660
f 1982/1108/661 1983/1109/662 1862/1042/551
f 1982/1108/661 1862/1042/551 1861/1054/550
f 1984/1104/663 1842/1043/531 1841/1042/530
f 1984/1104/663 1841/1042/530 1985/1109/664
f 239/149/32 1986/150/32 240/115/32
f 254/153/36 1987/1110/36 255/122/36
f 257/154/37 259/118/37 1988/120/37
f 1989/1111/665 1990/1112/666 1991/1113/667
f 1989/1111/665 1991/1113/667 1992/1114/668
f 1993/1077/669 1994/1076/670 1995/1115/671
f 1993/1077/669 1995/1115/671 1996/1116/672
f 1992/1114/668 1991/1113/667 1997/1117/673
f 1992/1114/668 1997/1117/673 1998/1118/674
f 1994/1076/670 1999/1080/675 2000/1119/676
f 1994/1076/670 2000/1119/676 1995/1115/671
f 2001/1120/674 2002/1121/673 2003/1122/677
f 2001/1120/674 2003/1122/677 2004/1123/678
f 2005/1084/675 2006/1083/679 2007/1124/680
f 2005/1084/675 2007/1124/680 2008/1125/676
f 2004/1123/678 2003/1122/677 2009/1126/681
f 2004/1123/678 2009/1126/681 2010/1127/682
f 2006/1083/679 2011/1086/683 2012/1128/684
f 2006/1083/679 2012/1128/684 2007/1124/680
f 2010/1127/682 2009/1126/681 2013/1129/685
f 2010/1127/682 2013/1129/685 2014/1130/686
f 2011/1086/683 2015/1088/687 2016/1131/688
f 2011/1086/683 2016/1131/688 2012/1128/684
f 2014/1130/686 2013/1129/685 1990/1112/666
f 2014/1130/686 1990/1112/666 1989/1111/665
f 2015/1088/687 1993/1077/669 1996/1116/672
f 2015/1088/687 1996/1116/672 2016/1131/688
f 2017/1132/689 2018/1133/690 1894/1065/582
f 2017/1132/689 1894/1065/582 1893/1062/581
f 2019/1133/691 2020/1134/692 1898/1067/585
f 2019/1133/691 1898/1067/585 1897/1065/584
f 2021/1135/693 2022/1136/694 1902/1070/588
f 2021/1135/693 1902/1070/588 1901/1069/587
f 2023/1136/695 2024/1137/696 1906/1073/591
f 2023/1136/695 1906/1073/591 1905/1070/590
f 2025/1137/697 2026/1138/698 1910/1061/594
f 2025/1137/697 1910/1061/594 1909/1073/593
f 2027/1138/699 2028/1132/700 1890/1062/579
f 2027/1138/699 1890/1062/579 1889/1061/578
f 2029/1111/701 2030/1114/702 1913/1075/596
f 2029/1111/701 1913/1075/596 1916/1078/599
f 2031/1114/703 2032/1118/704 1918/1079/601
f 2031/1114/703 1918/1079/601 1917/1075/600
f 2033/1120/705 2034/1123/706 1922/1082/605
f 2033/1120/705 1922/1082/605 1921/1081/604
f 2035/1123/707 2036/1127/708 1926/1085/608
f 2035/1123/707 1926/1085/608 1925/1082/607
f 2037/1127/709 2038/1130/710 1930/1087/612
f 2037/1127/709 1930/1087/612 1929/1085/611
f 2039/1130/711 2040/1111/712 1934/1078/615
f 2039/1130/711 1934/1078/615 1933/1087/614
f 1940/1092/620 1939/1091/619 2018/1133/690
f 1940/1092/620 2018/1133/690 2017/1132/689
f 1944/1091/624 1943/1094/623 2020/1134/692
f 1944/1091/624 2020/1134/692 2019/1133/691
f 1948/1098/628 1947/1097/627 2022/1136/694
f 1948/1098/628 2022/1136/694 2021/1135/693
f 1952/1097/632 1951/1100/631 2024/1137/696
f 1952/1097/632 2024/1137/696 2023/1136/695
f 1956/1100/636 1955/1102/635 2026/1138/698
f 1956/1100/636 2026/1138/698 2025/1137/697
f 1959/1102/639 1958/1092/638 2028/1132/700
f 1959/1102/639 2028/1132/700 2027/1138/699
f 263/158/38 2041/1139/38 2042/1140/38
f 263/158/38 2042/1140/38 260/155/38
f 2043/1141/713 1524/815/239 1523/814/238
f 2043/1141/713 1523/814/238 2044/1142/714
f 2045/1142/715 2046/814/716 2047/811/717
f 2045/1142/715 2047/811/717 2048/1143/718
f 2049/1143/719 1520/811/235 1522/813/237
f 2049/1143/719 1522/813/237 2050/1144/720
f 2047/811/717 2046/814/716 2051/816/721
f 2047/811/717 2051/816/721 2052/812/722
f 1521/812/236 2053/1145/58 2054/1146/723
f 1521/812/236 2054/1146/723 1522/813/237
f 1525/816/240 1524/815/239 2055/1147/724
f 1525/816/240 2055/1147/724 2056/1148/725
f 2052/812/722 2051/816/721 2057/1148/726
f 2052/812/722 2057/1148/726 2058/1145/727
f 264/159/39 266/161/39 2059/166/39
f 2060/166/728 2061/161/729 2062/1149/730
f 2060/166/728 2062/1149/730 2063/1150/731
f 2064/1151/732 2065/1152/733 2066/1149/734
f 2064/1151/732 2066/1149/734 2067/161/732
f 2068/1153/735 2069/1154/736 2070/166/736
f 2068/1153/735 2070/166/736 2071/1150/737
f 2072/1155/738 2068/1153/735 2071/1150/737
f 2072/1155/738 2071/1150/737 2073/162/738
f 2066/1149/734 2065/1152/733 2074/1156/739
f 2066/1149/734 2074/1156/739 2075/163/739
f 2063/1150/731 2062/1149/730 2076/163/740
f 2063/1150/731 2076/163/740 2077/162/741
f 2078/161/742 2079/166/743 2080/1150/744
f 2078/161/742 2080/1150/744 2081/1149/745
f 275/163/43 2082/162/746 276/165/43
f 2083/1154/747 2084/1153/748 2085/1150/748
f 2083/1154/747 2085/1150/748 2086/166/747
f 2087/1152/749 2088/1151/750 2089/161/750
f 2087/1152/749 2089/161/750 2090/1149/751
f 2081/1149/745 2080/1150/744 2091/162/752
f 2081/1149/745 2091/162/752 2092/163/753
f 2093/1156/754 2087/1152/749 2090/1149/751
f 2093/1156/754 2090/1149/751 2094/163/754
f 2085/1150/748 2084/1153/748 2095/1155/755
f 2085/1150/748 2095/1155/755 2096/162/755
f 2097/1157/756 2098/1158/757 2099/1159/758
f 2097/1157/756 2099/1159/758 2100/1160/759
f 2101/1158/760 2102/1161/760 2103/1162/761
f 2101/1158/760 2103/1162/761 2104/1159/762
f 2105/1163/763 2106/1157/763 2107/1160/764
f 2105/1163/763 2107/1160/764 2108/1164/765
f 2100/1160/759 2099/1159/758 2109/1165/766
f 2100/1160/759 2109/1165/766 2110/1166/766
f 2108/1164/765 2107/1160/764 2111/1166/767
f 2108/1164/765 2111/1166/767 2112/1167/767
f 2104/1159/762 2103/1162/761 2113/1168/768
f 2104/1159/762 2113/1168/768 2114/1165/768
f 278/167/1 280/169/1 2115/170/1
f 2116/168/769 2117/1169/769 2118/1170/769
f 2116/168/769 2118/1170/769 2119/169/769
f 309/187/51 2120/177/51 310/180/51
f 2121/1171/770 2122/1172/771 2123/1173/772
f 2121/1171/770 2123/1173/772 2124/1174/773
f 2125/1172/774 2126/1175/774 2127/1176/775
f 2125/1172/774 2127/1176/775 2128/1173/776
f 2124/1174/773 2123/1173/772 2129/1177/777
f 2124/1174/773 2129/1177/777 2130/1178/778
f 2128/1173/776 2127/1176/775 2131/1179/779
f 2128/1173/776 2131/1179/779 2132/1177/779
f 2133/1174/780 2134/1178/781 2135/1180/781
f 2133/1174/780 2135/1180/781 2136/1181/782
f 2136/1181/782 2137/1182/783 2138/1171/783
f 2136/1181/782 2138/1171/783 2133/1174/780
f 2139/196/784 2140/195/785 2141/1183/786
f 2139/196/784 2141/1183/786 2142/1184/787
f 2143/1185/788 2144/1186/789 2145/1187/790
f 2143/1185/788 2145/1187/790 2146/1188/791
f 2147/1189/792 2148/1190/793 2149/1191/794
f 2147/1189/792 2149/1191/794 2150/1192/795
f 2142/1184/787 2141/1183/786 2151/190/796
f 2142/1184/787 2151/190/796 2152/189/797
f 2150/1192/795 2149/1191/794 2153/1193/798
f 2150/1192/795 2153/1193/798 2154/1194/799
f 2146/1188/791 2145/1187/790 2155/1195/800
f 2146/1188/791 2155/1195/800 2156/1196/801
f 2157/198/802 2158/1197/802 2159/1198/803
f 2157/198/802 2159/1198/803 2160/199/804
f 2161/1199/805 2162/197/805 2163/200/806
f 2161/1199/805 2163/200/806 2164/1200/807
f 2164/1200/807 2163/200/806 2165/202/808
f 2164/1200/807 2165/202/808 2166/1201/808
f 2160/199/804 2159/1198/803 2167/1202/809
f 2160/199/804 2167/1202/809 2168/201/809
f 326/197/1 328/199/1 2169/198/1
f 2170/198/810 2171/199/811 2172/1198/812
f 2170/198/810 2172/1198/812 2173/1197/810
f 2174/1199/813 2175/1200/814 2176/200/815
f 2174/1199/813 2176/200/815 2177/197/813
f 327/200/1 330/201/1 328/199/1
f 2175/1200/814 2178/1201/816 2179/202/816
f 2175/1200/814 2179/202/816 2176/200/815
f 2171/199/811 2180/201/817 2181/1202/817
f 2171/199/811 2181/1202/817 2172/1198/812
f 2182/216/818 2183/1203/819 2184/1204/820
f 2182/216/818 2184/1204/820 2185/217/821
f 2186/1205/822 2187/1206/823 2188/1187/824
f 2186/1205/822 2188/1187/824 2189/1207/825
f 2190/1208/826 2191/1209/827 2192/1191/828
f 2190/1208/826 2192/1191/828 2193/1210/829
f 2183/1203/819 2194/211/830 2195/214/831
f 2183/1203/819 2195/214/831 2184/1204/820
f 2191/1209/827 2196/1211/832 2197/1212/833
f 2191/1209/827 2197/1212/833 2192/1191/828
f 2187/1206/823 2198/1213/834 2199/1214/835
f 2187/1206/823 2199/1214/835 2188/1187/824
f 2200/1215/836 1527/818/242 1529/820/244
f 2200/1215/836 1529/820/244 2201/1216/837
f 2202/1217/838 2203/1218/839 1527/818/242
f 2202/1217/838 1527/818/242 2200/1215/836
f 2204/1219/840 2205/1220/841 2203/1218/839
f 2204/1219/840 2203/1218/839 2202/1217/838
f 2206/1221/842 1530/821/245 1532/823/247
f 2206/1221/842 1532/823/247 2207/1222/843
f 1531/822/246 2208/1223/844 2209/1224/845
f 1531/822/246 2209/1224/845 1532/823/247
f 2203/1218/839 2205/1220/841 2210/1225/846
f 2203/1218/839 2210/1225/846 2211/1226/847
f 1527/818/242 2203/1218/839 2211/1226/847
f 1527/818/242 2211/1226/847 2212/1227/848
f 1528/819/243 1527/818/242 2212/1227/848
f 1528/819/243 2212/1227/848 2213/1228/849
f 2207/1222/843 1532/823/247 2205/1220/841
f 2207/1222/843 2205/1220/841 2204/1219/840
f 2210/1225/846 2205/1220/841 1532/823/247
f 2210/1225/846 1532/823/247 2209/1224/845
f 2214/1215/850 2215/1216/837 2216/820/851
f 2214/1215/850 2216/820/851 1535/818/250
f 2217/1217/852 2214/1215/850 1535/818/250
f 2217/1217/852 1535/818/250 2218/1218/853
f 2219/1219/854 2217/1217/852 2218/1218/853
f 2219/1219/854 2218/1218/853 2220/1220/855
f 2221/1221/856 2222/1222/857 1538/823/253
f 2221/1221/856 1538/823/253 1537/821/252
f 1539/822/254 1538/823/253 2223/1224/858
f 1539/822/254 2223/1224/858 2224/1223/844
f 2218/1218/853 2225/1226/847 2226/1225/846
f 2218/1218/853 2226/1225/846 2220/1220/855
f 1535/818/250 2227/1227/848 2225/1226/847
f 1535/818/250 2225/1226/847 2218/1218/853
f 1534/819/249 2228/1228/849 2227/1227/848
f 1534/819/249 2227/1227/848 1535/818/250
f 2222/1222/857 2219/1219/854 2220/1220/855
f 2222/1222/857 2220/1220/855 1538/823/253
f 2226/1225/846 2223/1224/858 1538/823/253
f 2226/1225/846 1538/823/253 2220/1220/855
f 365/228/6 2229/1229/6 367/6/6
f 6/6/2 11/11/2 7/7/2
f 15/15/1 410/246/1 409/245/1
f 16/16/1 416/252/1 17/17/1
f 18/15/1 421/250/1 2230/249/1
f 412/248/1 424/253/1 425/254/1
f 2231/1230/859 2232/1231/860 2233/1232/860
f 2231/1230/859 2233/1232/860 2234/1233/861
f 2235/1231/862 2236/1234/863 2237/1235/864
f 2235/1231/862 2237/1235/864 2238/1232/865
f 2236/1234/863 2239/1236/866 2240/1237/866
f 2236/1234/863 2240/1237/866 2237/1235/864
f 2241/262/867 2242/1238/868 2243/1239/869
f 2241/262/867 2243/1239/869 2244/263/867
f 2242/1238/868 2245/265/870 2246/268/870
f 2242/1238/868 2246/268/870 2243/1239/869
f 2247/1240/871 2231/1230/859 2234/1233/861
f 2247/1240/871 2234/1233/861 2248/1241/871
f 2249/1231/872 2250/1230/873 2251/1233/874
f 2249/1231/872 2251/1233/874 2252/1232/872
f 2253/1234/875 2254/1231/876 2255/1232/876
f 2253/1234/875 2255/1232/876 2256/1235/877
f 2257/255/878 2258/259/878 2259/260/878
f 2257/255/878 2259/260/878 2260/258/878
f 2261/1238/879 2262/262/880 2263/263/880
f 2261/1238/879 2263/263/880 2264/1239/881
f 2265/1236/882 2253/1234/875 2256/1235/877
f 2265/1236/882 2256/1235/877 2266/1237/882
f 2267/265/883 2261/1238/879 2264/1239/881
f 2267/265/883 2264/1239/881 2268/268/883
f 2250/1230/873 2269/1240/884 2270/1241/884
f 2250/1230/873 2270/1241/884 2251/1233/874
f 2271/269/885 2272/256/885 2273/257/885
f 2271/269/885 2273/257/885 2274/270/885
f 467/272/75 2275/279/75 470/275/75
f 2276/1242/886 2277/1243/887 2278/1244/888
f 2276/1242/886 2278/1244/888 2279/1245/889
f 2277/1243/887 2280/1246/890 2281/1247/891
f 2277/1243/887 2281/1247/891 2278/1244/888
f 2280/1246/890 2282/1248/892 2283/1249/893
f 2280/1246/890 2283/1249/893 2281/1247/891
f 2282/1248/892 2284/1250/894 2285/1251/895
f 2282/1248/892 2285/1251/895 2283/1249/893
f 2284/1250/894 2286/1252/896 2287/1253/897
f 2284/1250/894 2287/1253/897 2285/1251/895
f 2286/1252/896 2288/1254/898 2289/1255/899
f 2286/1252/896 2289/1255/899 2287/1253/897
f 2288/1254/898 2290/1256/900 2291/1257/901
f 2288/1254/898 2291/1257/901 2289/1255/899
f 2290/1256/900 2292/1258/902 2293/1259/903
f 2290/1256/900 2293/1259/903 2291/1257/901
f 2292/1258/902 2294/1260/904 2295/1261/905
f 2292/1258/902 2295/1261/905 2293/1259/903
f 2296/1262/904 2297/1263/906 2298/1264/907
f 2296/1262/904 2298/1264/907 2299/1265/905
f 2297/1263/906 2300/1266/908 2301/1267/909
f 2297/1263/906 2301/1267/909 2298/1264/907
f 2300/1266/908 2302/1268/910 2303/1269/911
f 2300/1266/908 2303/1269/911 2301/1267/909
f 2302/1268/910 2276/1242/886 2279/1245/889
f 2302/1268/910 2279/1245/889 2303/1269/911
f 2279/1245/889 2278/1244/888 2304/1270/912
f 2279/1245/889 2304/1270/912 2305/1271/913
f 2278/1244/888 2281/1247/891 2306/1272/914
f 2278/1244/888 2306/1272/914 2304/1270/912
f 2281/1247/891 2283/1249/893 2307/1273/915
f 2281/1247/891 2307/1273/915 2306/1272/914
f 2283/1249/893 2285/1251/895 2308/1274/916
f 2283/1249/893 2308/1274/916 2307/1273/915
f 2285/1251/895 2287/1253/897 2309/1275/917
f 2285/1251/895 2309/1275/917 2308/1274/916
f 2287/1253/897 2289/1255/899 2310/1276/918
f 2287/1253/897 2310/1276/918 2309/1275/917
f 2289/1255/899 2291/1257/901 2311/1277/919
f 2289/1255/899 2311/1277/919 2310/1276/918
f 2291/1257/901 2293/1259/903 2312/1278/920
f 2291/1257/901 2312/1278/920 2311/1277/919
f 2293/1259/903 2295/1261/905 2313/1279/921
f 2293/1259/903 2313/1279/921 2312/1278/920
f 2299/1265/905 2298/1264/907 2314/1280/922
f 2299/1265/905 2314/1280/922 2315/1281/923
f 2298/1264/907 2301/1267/909 2316/1282/924
f 2298/1264/907 2316/1282/924 2314/1280/922
f 2301/1267/909 2303/1269/911 2317/1283/925
f 2301/1267/909 2317/1283/925 2316/1282/924
f 2303/1269/911 2279/1245/889 2305/1271/913
f 2303/1269/911 2305/1271/913 2317/1283/925
f 2305/1271/913 2304/1270/912 2318/1284/926
f 2305/1271/913 2318/1284/926 2319/1285/927
f 2304/1270/912 2306/1272/914 2320/1286/928
f 2304/1270/912 2320/1286/928 2318/1284/926
f 2306/1272/914 2307/1273/915 2321/1287/929
f 2306/1272/914 2321/1287/929 2320/1286/928
f 2307/1273/915 2308/1274/916 2322/1288/930
f 2307/1273/915 2322/1288/930 2321/1287/929
f 2308/1274/916 2309/1275/917 2323/1289/931
f 2308/1274/916 2323/1289/931 2322/1288/930
f 2309/1275/917 2310/1276/918 2324/1290/932
f 2309/1275/917 2324/1290/932 2323/1289/931
f 2310/1276/918 2311/1277/919 2325/1291/933
f 2310/1276/918 2325/1291/933 2324/1290/932
f 2311/1277/919 2312/1278/920 2326/1292/934
f 2311/1277/919 2326/1292/934 2325/1291/933
f 2312/1278/920 2313/1279/921 2327/1293/935
f 2312/1278/920 2327/1293/935 2326/1292/934
f 2315/1281/923 2314/1280/922 2328/1294/936
f 2315/1281/923 2328/1294/936 2329/1295/935
f 2314/1280/922 2316/1282/924 2330/1296/937
f 2314/1280/922 2330/1296/937 2328/1294/936
f 2316/1282/924 2317/1283/925 2331/1297/938
f 2316/1282/924 2331/1297/938 2330/1296/937
f 2317/1283/925 2305/1271/913 2319/1285/927
f 2317/1283/925 2319/1285/927 2331/1297/938
f 2319/1285/927 2318/1284/926 2332/1298/939
f 2319/1285/927 2332/1298/939 2333/1299/940
f 2318/1284/926 2320/1286/928 2334/1300/941
f 2318/1284/926 2334/1300/941 2332/1298/939
f 2320/1286/928 2321/1287/929 2335/1301/942
f 2320/1286/928 2335/1301/942 2334/1300/941
f 2321/1287/929 2322/1288/930 2336/1302/943
f 2321/1287/929 2336/1302/943 2335/1301/942
f 2322/1288/930 2323/1289/931 2337/1303/944
f 2322/1288/930 2337/1303/944 2336/1302/943
f 2323/1289/931 2324/1290/932 2338/1304/945
f 2323/1289/931 2338/1304/945 2337/1303/944
f 2324/1290/932 2325/1291/933 2339/1305/946
f 2324/1290/932 2339/1305/946 2338/1304/945
f 2325/1291/933 2326/1292/934 2340/1306/947
f 2325/1291/933 2340/1306/947 2339/1305/946
f 2326/1292/934 2327/1293/935 2341/1307/948
f 2326/1292/934 2341/1307/948 2340/1306/947
f 2329/1295/935 2328/1294/936 2342/1308/949
f 2329/1295/935 2342/1308/949 2343/1309/950
f 2328/1294/936 2330/1296/937 2344/1310/951
f 2328/1294/936 2344/1310/951 2342/1308/949
f 2330/1296/937 2331/1297/938 2345/1311/952
f 2330/1296/937 2345/1311/952 2344/1310/951
f 2331/1297/938 2319/1285/927 2333/1299/940
f 2331/1297/938 2333/1299/940 2345/1311/952
f 2333/1299/940 2332/1298/939 2346/1312/953
f 2333/1299/940 2346/1312/953 2347/1313/954
f 2332/1298/939 2334/1300/941 2348/1314/955
f 2332/1298/939 2348/1314/955 2346/1312/953
f 2334/1300/941 2335/1301/942 2349/1315/956
f 2334/1300/941 2349/1315/956 2348/1314/955
f 2335/1301/942 2336/1302/943 2350/1316/957
f 2335/1301/942 2350/1316/957 2349/1315/956
f 2336/1302/943 2337/1303/944 2351/1317/958
f 2336/1302/943 2351/1317/958 2350/1316/957
f 2337/1303/944 2338/1304/945 2352/1318/959
f 2337/1303/944 2352/1318/959 2351/1317/958
f 2338/1304/945 2339/1305/946 2353/1319/960
f 2338/1304/945 2353/1319/960 2352/1318/959
f 2339/1305/946 2340/1306/947 2354/1320/961
f 2339/1305/946 2354/1320/961 2353/1319/960
f 2340/1306/947 2341/1307/948 2355/1321/962
f 2340/1306/947 2355/1321/962 2354/1320/961
f 2343/1309/950 2342/1308/949 2356/1322/963
f 2343/1309/950 2356/1322/963 2357/1323/962
f 2342/1308/949 2344/1310/951 2358/1324/964
f 2342/1308/949 2358/1324/964 2356/1322/963
f 2344/1310/951 2345/1311/952 2359/1325/965
f 2344/1310/951 2359/1325/965 2358/1324/964
f 2345/1311/952 2333/1299/940 2347/1313/954
f 2345/1311/952 2347/1313/954 2359/1325/965
f 2360/826/966 2361/825/967 2362/829/967
f 2360/826/966 2362/829/967 2363/828/968
f 2360/826/966 2363/828/968 2364/832/969
f 2360/826/966 2364/832/969 2365/834/970
f 2365/834/970 2364/832/969 2366/831/971
f 2365/834/970 2366/831/971 2367/835/972
f 2367/835/972 2366/831/971 2368/838/973
f 2367/835/972 2368/838/973 2369/840/974
f 2369/840/974 2368/838/973 2370/837/975
f 2369/840/974 2370/837/975 2371/841/976
f 2371/841/976 2370/837/975 2372/1326/977
f 2371/841/976 2372/1326/977 2373/1327/978
f 2373/1327/978 2372/1326/977 2374/844/979
f 2373/1327/978 2374/844/979 2375/846/980
f 2375/846/980 2374/844/979 2376/843/981
f 2375/846/980 2376/843/981 2377/847/982
f 2377/847/982 2376/843/981 2378/850/983
f 2377/847/982 2378/850/983 2379/852/984
f 2379/852/984 2378/850/983 2380/849/985
f 2379/852/984 2380/849/985 2381/853/986
f 2381/853/986 2380/849/985 2382/856/987
f 2381/853/986 2382/856/987 2383/858/988
f 2383/858/988 2382/856/987 2384/855/989
f 2383/858/988 2384/855/989 2385/859/989
f 1543/827/258 1546/830/261 1548/832/263
f 1543/827/258 1548/832/263 1544/828/259
f 1549/833/264 1540/824/255 1542/826/257
f 1549/833/264 1542/826/257 1550/834/265
f 1546/830/261 1552/836/267 1554/838/269
f 1546/830/261 1554/838/269 1547/831/262
f 1555/839/270 1549/833/264 1551/835/266
f 1555/839/270 1551/835/266 1556/840/271
f 1552/836/267 2386/1328/990 2387/1326/991
f 1552/836/267 2387/1326/991 1553/837/268
f 2388/1329/992 1555/839/270 1557/841/272
f 2388/1329/992 1557/841/272 2389/1327/993
f 2386/1328/990 1558/842/273 1560/844/275
f 2386/1328/990 1560/844/275 2387/1326/991
f 1561/845/276 2388/1329/992 2389/1327/993
f 1561/845/276 2389/1327/993 1562/846/277
f 1558/842/273 1564/848/279 1566/850/281
f 1558/842/273 1566/850/281 1559/843/274
f 1567/851/282 1561/845/276 1563/847/278
f 1567/851/282 1563/847/278 1568/852/283
f 1564/848/279 1570/854/285 1572/856/287
f 1564/848/279 1572/856/287 1565/849/280
f 1573/857/288 1567/851/282 1569/853/284
f 1573/857/288 1569/853/284 1574/858/289
f 2390/1330/994 2391/1331/995 2392/1332/996
f 2390/1330/994 2392/1332/996 2393/1333/997
f 2391/1331/995 2394/1334/998 2395/1335/999
f 2391/1331/995 2395/1335/999 2392/1332/996
f 2394/1334/998 2396/1336/1000 2397/1337/1001
f 2394/1334/998 2397/1337/1001 2395/1335/999
f 2396/1336/1000 2398/1338/1002 2399/1339/1003
f 2396/1336/1000 2399/1339/1003 2397/1337/1001
f 2400/1340/1002 2401/1341/1004 2402/1342/1005
f 2400/1340/1002 2402/1342/1005 2403/1343/1003
f 2401/1341/1004 2404/1344/1006 2405/1345/1007
f 2401/1341/1004 2405/1345/1007 2402/1342/1005
f 2404/1344/1006 2406/1346/1008 2407/1347/1009
f 2404/1344/1006 2407/1347/1009 2405/1345/1007
f 2406/1346/1008 2408/1348/1010 2409/1349/1011
f 2406/1346/1008 2409/1349/1011 2407/1347/1009
f 2408/1348/1010 2410/1350/1012 2411/1351/1013
f 2408/1348/1010 2411/1351/1013 2409/1349/1011
f 2410/1350/1012 2412/1352/1014 2413/1353/1015
f 2410/1350/1012 2413/1353/1015 2411/1351/1013
f 2412/1352/1014 2414/1354/1016 2415/1355/1017
f 2412/1352/1014 2415/1355/1017 2413/1353/1015
f 2414/1354/1016 2390/1330/994 2393/1333/997
f 2414/1354/1016 2393/1333/997 2415/1355/1017
f 487/284/3 492/289/3 488/285/3
f 2416/1356/1018 2417/1357/1019 2418/1358/1020
f 2416/1356/1018 2418/1358/1020 2419/1359/1021
f 2420/1360/1022 2421/1361/1023 2417/1357/1019
f 2420/1360/1022 2417/1357/1019 2416/1356/1018
f 2422/1362/1024 2423/1363/1025 2421/1361/1023
f 2422/1362/1024 2421/1361/1023 2420/1360/1022
f 2424/1364/1026 2425/1365/1027 2423/1363/1025
f 2424/1364/1026 2423/1363/1025 2422/1362/1024
f 2426/1366/1028 2427/1367/1029 2425/1365/1027
f 2426/1366/1028 2425/1365/1027 2424/1364/1026
f 2428/1368/1030 2429/1369/1031 2427/1367/1029
f 2428/1368/1030 2427/1367/1029 2426/1366/1028
f 2430/1370/1032 2431/1371/1033 2429/1369/1031
f 2430/1370/1032 2429/1369/1031 2428/1368/1030
f 2432/1372/1034 2433/1373/1035 2431/1371/1033
f 2432/1372/1034 2431/1371/1033 2430/1370/1032
f 2419/1359/1021 2418/1358/1020 2433/1373/1035
f 2419/1359/1021 2433/1373/1035 2432/1372/1034
f 2434/1358/1036 2417/1357/1019 2435/1374/1037
f 2434/1358/1036 2435/1374/1037 2436/1375/1038
f 2417/1357/1019 2421/1361/1023 2437/1376/1039
f 2417/1357/1019 2437/1376/1039 2435/1374/1037
f 2421/1361/1023 2423/1363/1025 1576/860/291
f 2421/1361/1023 1576/860/291 2437/1376/1039
f 2423/1363/1025 2425/1365/1027 1577/861/292
f 2423/1363/1025 1577/861/292 1576/860/291
f 2425/1365/1027 2427/1367/1029 1578/862/293
f 2425/1365/1027 1578/862/293 1577/861/292
f 2427/1367/1029 2429/1369/1031 2438/1377/1040
f 2427/1367/1029 2438/1377/1040 1578/862/293
f 2429/1369/1031 2431/1371/1033 2439/1378/1041
f 2429/1369/1031 2439/1378/1041 2438/1377/1040
f 2431/1371/1033 2440/1373/1042 2441/1379/1043
f 2431/1371/1033 2441/1379/1043 2439/1378/1041
f 2440/1373/1042 2434/1358/1036 2436/1375/1038
f 2440/1373/1042 2436/1375/1038 2441/1379/1043
f 2438/1377/1040 2439/1378/1041 2435/1374/1037
f 2438/1377/1040 2435/1374/1037 2437/1376/1039
f 2439/1378/1041 2441/1379/1043 2436/1375/1038
f 2439/1378/1041 2436/1375/1038 2435/1374/1037
f 2437/1376/1039 1576/860/291 1578/862/293
f 2437/1376/1039 1578/862/293 2438/1377/1040
f 2442/1380/1044 2443/1381/1045 2444/1382/1046
f 2442/1380/1044 2444/1382/1046 2445/1383/1047
f 2443/1381/1045 2446/1384/1048 2447/1385/1049
f 2443/1381/1045 2447/1385/1049 2444/1382/1046
f 2446/1384/1048 2448/1386/1050 2449/1387/1051
f 2446/1384/1048 2449/1387/1051 2447/1385/1049
f 2450/1386/1052 2451/1388/1053 2452/1389/1054
f 2450/1386/1052 2452/1389/1054 2453/1387/1055
f 2451/1388/1053 2454/1390/1056 2455/1391/1057
f 2451/1388/1053 2455/1391/1057 2452/1389/1054
f 2456/1390/1058 2457/1392/1059 2458/1393/1060
f 2456/1390/1058 2458/1393/1060 2459/1391/1061
f 2457/1392/1059 2460/1394/1062 2461/1395/1063
f 2457/1392/1059 2461/1395/1063 2458/1393/1060
f 2460/1394/1062 2462/1396/1064 2463/1397/1065
f 2460/1394/1062 2463/1397/1065 2461/1395/1063
f 2462/1396/1064 2464/1398/1066 2465/1399/1067
f 2462/1396/1064 2465/1399/1067 2463/1397/1065
f 2464/1398/1066 2466/1400/1068 2467/1401/1069
f 2464/1398/1066 2467/1401/1069 2465/1399/1067
f 2466/1400/1068 2468/1402/1070 2469/1403/1071
f 2466/1400/1068 2469/1403/1071 2467/1401/1069
f 2468/1402/1070 2470/1404/1072 2471/1405/1073
f 2468/1402/1070 2471/1405/1073 2469/1403/1071
f 2470/1404/1072 2442/1380/1044 2445/1383/1047
f 2470/1404/1072 2445/1383/1047 2471/1405/1073
f 2472/1383/1074 2473/1382/1075 2474/1406/1076
f 2472/1383/1074 2474/1406/1076 2475/1407/1077
f 2473/1382/1075 2476/1385/1078 2477/1408/1079
f 2473/1382/1075 2477/1408/1079 2474/1406/1076
f 2476/1385/1078 2478/1387/1080 2479/1409/1081
f 2476/1385/1078 2479/1409/1081 2477/1408/1079
f 2478/1387/1080 2480/1389/1082 2481/1410/1083
f 2478/1387/1080 2481/1410/1083 2479/1409/1081
f 2480/1389/1082 2482/1391/1084 2483/1411/1085
f 2480/1389/1082 2483/1411/1085 2481/1410/1083
f 2482/1391/1084 2484/1393/1086 2485/1412/1087
f 2482/1391/1084 2485/1412/1087 2483/1411/1085
f 2484/1393/1086 2486/1395/1088 2487/1413/1089
f 2484/1393/1086 2487/1413/1089 2485/1412/1087
f 2486/1395/1088 2488/1397/1090 2489/1414/1091
f 2486/1395/1088 2489/1414/1091 2487/1413/1089
f 2488/1397/1090 2490/1399/1092 2491/1415/1093
f 2488/1397/1090 2491/1415/1093 2489/1414/1091
f 2490/1399/1092 2492/1401/1094 2493/1416/1095
f 2490/1399/1092 2493/1416/1095 2491/1415/1093
f 2492/1401/1094 2494/1403/1096 2495/1417/1097
f 2492/1401/1094 2495/1417/1097 2493/1416/1095
f 2494/1403/1096 2496/1405/1098 2497/1418/1099
f 2494/1403/1096 2497/1418/1099 2495/1417/1097
f 2496/1405/1098 2472/1383/1074 2475/1407/1077
f 2496/1405/1098 2475/1407/1077 2497/1418/1099
f 2498/1407/1100 2499/1406/1101 2500/864/1102
f 2498/1407/1100 2500/864/1102 2501/863/1103
f 2499/1406/1101 2502/1408/1104 2503/866/1105
f 2499/1406/1101 2503/866/1105 2500/864/1102
f 2502/1408/1104 2504/1409/1106 2505/867/1107
f 2502/1408/1104 2505/867/1107 2503/866/1105
f 2506/1409/1108 2507/1410/1109 2508/868/1110
f 2506/1409/1108 2508/868/1110 2509/867/1111
f 2507/1410/1109 2510/1411/1112 2511/869/1112
f 2507/1410/1109 2511/869/1112 2508/868/1110
f 2512/1411/1113 2513/1412/1114 2514/870/1115
f 2512/1411/1113 2514/870/1115 2515/869/1116
f 2513/1412/1114 2516/1413/1117 2517/871/1118
f 2513/1412/1114 2517/871/1118 2514/870/1115
f 2516/1413/1117 2518/1414/1119 2519/872/1120
f 2516/1413/1117 2519/872/1120 2517/871/1118
f 2518/1414/1119 2520/1415/1121 2521/873/1122
f 2518/1414/1119 2521/873/1122 2519/872/1120
f 2520/1415/1121 2522/1416/1123 2523/874/1124
f 2520/1415/1121 2523/874/1124 2521/873/1122
f 2522/1416/1123 2524/1417/1125 2525/875/1126
f 2522/1416/1123 2525/875/1126 2523/874/1124
f 2524/1417/1125 2526/1418/1127 2527/876/1128
f 2524/1417/1125 2527/876/1128 2525/875/1126
f 2526/1418/1127 2498/1407/1100 2501/863/1103
f 2526/1418/1127 2501/863/1103 2527/876/1128
f 2528/1419/1129 2529/1420/1130 2530/1421/1131
f 2528/1419/1129 2530/1421/1131 2531/1422/1129
f 2529/1420/1130 2532/1423/1132 2533/1424/1133
f 2529/1420/1130 2533/1424/1133 2530/1421/1131
f 2532/1423/1132 2534/1425/1134 2535/1426/1135
f 2532/1423/1132 2535/1426/1135 2533/1424/1133
f 2534/1425/1134 2536/1427/1136 2537/1428/1137
f 2534/1425/1134 2537/1428/1137 2535/1426/1135
f 2538/1429/1138 2539/1430/1139 2540/1431/1140
f 2538/1429/1138 2540/1431/1140 2541/1432/1137
f 2542/293/1141 2543/292/1141 2544/1433/1142
f 2542/293/1141 2544/1433/1142 2545/1434/1143
f 2546/1435/1144 2547/1420/1145 2548/1419/5
f 2546/1435/1144 2548/1419/5 2549/1436/5
f 2545/1434/1143 2544/1433/1142 2550/1437/1146
f 2545/1434/1143 2550/1437/1146 2551/1438/1147
f 2552/1439/1148 2553/1423/1149 2547/1420/1145
f 2552/1439/1148 2547/1420/1145 2546/1435/1144
f 2551/1438/1147 2550/1437/1146 2554/1440/1150
f 2551/1438/1147 2554/1440/1150 2555/1441/1151
f 2556/1442/1152 2557/1425/1153 2553/1423/1149
f 2556/1442/1152 2553/1423/1149 2552/1439/1148
f 2555/1441/1151 2554/1440/1150 2558/1443/1154
f 2555/1441/1151 2558/1443/1154 2559/1444/1155
f 2560/1445/1156 2561/1427/1157 2557/1425/1153
f 2560/1445/1156 2557/1425/1153 2556/1442/1152
f 2562/1446/1155 2563/1432/1154 2564/1431/1158
f 2562/1446/1155 2564/1431/1158 2565/1447/1159
f 2566/1448/1160 2567/1430/1161 2568/1429/1157
f 2566/1448/1160 2568/1429/1157 2569/1449/1156
f 2570/1450/1160 2571/1451/1162 2572/1452/1163
f 2570/1450/1160 2572/1452/1163 2573/1453/1164
f 2574/1453/1139 2575/1452/1 2576/1454/1
f 2574/1453/1139 2576/1454/1 2577/1455/1140
f 2578/1456/1165 2579/1457/1166 2580/1458/1167
f 2578/1456/1165 2580/1458/1167 2581/1459/1168
f 2582/1460/1129 2583/1422/1129 2584/1421/1169
f 2582/1460/1129 2584/1421/1169 2585/1420/1170
f 2585/1420/1170 2584/1421/1169 2586/1461/1171
f 2585/1420/1170 2586/1461/1171 2587/1462/1172
f 2587/1462/1172 2586/1461/1171 2588/1426/1173
f 2587/1462/1172 2588/1426/1173 2589/1425/1174
f 2589/1425/1174 2588/1426/1173 2590/1428/1175
f 2589/1425/1174 2590/1428/1175 2591/1463/1176
f 2592/1429/1176 2593/1432/1175 2594/1431/1177
f 2592/1429/1176 2594/1431/1177 2595/1464/1178
f 2596/293/1179 2597/1434/1180 2598/1433/1181
f 2596/293/1179 2598/1433/1181 2599/292/1179
f 2600/1435/1182 2601/1436/6 2602/1460/6
f 2600/1435/1182 2602/1460/6 2603/1420/1183
f 2597/1434/1180 2604/1438/1184 2605/1437/1185
f 2597/1434/1180 2605/1437/1185 2598/1433/1181
f 2606/1439/1186 2600/1435/1182 2603/1420/1183
f 2606/1439/1186 2603/1420/1183 2607/1462/1187
f 2604/1438/1184 2608/1441/1188 2609/1440/1189
f 2604/1438/1184 2609/1440/1189 2605/1437/1185
f 2610/1442/1190 2606/1439/1186 2607/1462/1187
f 2610/1442/1190 2607/1462/1187 2611/1425/1191
f 2608/1441/1188 2612/1444/1192 2613/1443/1193
f 2608/1441/1188 2613/1443/1193 2609/1440/1189
f 2614/1445/1194 2610/1442/1190 2611/1425/1191
f 2614/1445/1194 2611/1425/1191 2615/1463/1195
f 2616/1446/1196 2617/1447/1197 2618/1431/1198
f 2616/1446/1196 2618/1431/1198 2619/1432/1193
f 2620/1448/1199 2621/1449/1194 2622/1429/1195
f 2620/1448/1199 2622/1429/1195 2623/1464/1200
f 2624/1450/1201 2625/1453/1200 2572/1452/1163
f 2624/1450/1201 2572/1452/1163 2571/1451/1162
f 2626/1453/1202 2627/1465/1177 2628/1466/1
f 2626/1453/1202 2628/1466/1 2575/1452/1
f 2629/1456/1198 2630/1459/1203 2580/1458/1167
f 2629/1456/1198 2580/1458/1167 2579/1457/1166
f 2631/1467/1204 2632/1468/1204 2633/1469/1205
f 2631/1467/1204 2633/1469/1205 2634/1470/1206
f 2635/1471/1207 2636/1472/1207 2637/1469/1208
f 2635/1471/1207 2637/1469/1208 2638/1470/1209
f 2639/1471/1210 2640/1472/1210 2641/1469/1211
f 2639/1471/1210 2641/1469/1211 2642/1470/1212
f 2643/1471/1213 2644/1472/1213 2645/1469/1214
f 2643/1471/1213 2645/1469/1214 2646/1470/1215
f 2647/1471/1216 2648/1472/1216 2649/1469/1217
f 2647/1471/1216 2649/1469/1217 2650/1470/1218
f 2651/1471/1219 2652/1472/1219 2653/1469/1220
f 2651/1471/1219 2653/1469/1220 2654/1470/1221
f 2646/1470/1215 2645/1469/1214 2655/1473/1222
f 2646/1470/1215 2655/1473/1222 2656/1474/1222
f 2642/1470/1212 2641/1469/1211 2657/1473/1223
f 2642/1470/1212 2657/1473/1223 2658/1474/1223
f 2638/1470/1209 2637/1469/1208 2659/1473/1224
f 2638/1470/1209 2659/1473/1224 2660/1474/1224
f 2634/1470/1206 2633/1469/1205 2661/1473/1225
f 2634/1470/1206 2661/1473/1225 2662/1474/1225
f 2654/1470/1221 2653/1469/1220 2663/1473/1226
f 2654/1470/1221 2663/1473/1226 2664/1474/1226
f 2650/1470/1218 2649/1469/1217 2665/1473/1227
f 2650/1470/1218 2665/1473/1227 2666/1474/1227
f 2667/1475/1228 2668/1476/1228 2669/1477/1229
f 2667/1475/1228 2669/1477/1229 2670/1478/1230
f 2671/1479/1231 2672/1480/1231 2673/1478/1232
f 2671/1479/1231 2673/1478/1232 2674/1477/1233
f 2675/1479/1234 2676/1480/1234 2677/1478/1235
f 2675/1479/1234 2677/1478/1235 2678/1477/1236
f 2679/1479/1237 2680/1480/1237 2681/1478/1238
f 2679/1479/1237 2681/1478/1238 2682/1477/1239
f 2683/1479/1240 2684/1480/1240 2685/1478/1241
f 2683/1479/1240 2685/1478/1241 2686/1477/1242
f 2687/1479/1243 2688/1480/1243 2689/1478/1244
f 2687/1479/1243 2689/1478/1244 2690/1477/1245
f 2682/1477/1239 2681/1478/1238 2691/1475/1246
f 2682/1477/1239 2691/1475/1246 2692/1476/1246
f 2678/1477/1236 2677/1478/1235 2693/1475/1247
f 2678/1477/1236 2693/1475/1247 2694/1476/1247
f 2674/1477/1233 2673/1478/1232 2695/1475/1248
f 2674/1477/1233 2695/1475/1248 2696/1476/1248
f 2670/1478/1230 2669/1477/1229 2697/1479/1249
f 2670/1478/1230 2697/1479/1249 2698/1480/1249
f 2690/1477/1245 2689/1478/1244 2699/1475/1250
f 2690/1477/1245 2699/1475/1250 2700/1476/1250
f 2686/1477/1242 2685/1478/1241 2701/1475/1251
f 2686/1477/1242 2701/1475/1251 2702/1476/1251
f 2703/1481/1252 2704/1482/1253 2705/1483/1254
f 2703/1481/1252 2705/1483/1254 2706/1484/1255
f 2707/1485/1256 2708/1486/1257 2703/1481/1252
f 2707/1485/1256 2703/1481/1252 2706/1484/1255
f 2709/1487/1258 2710/1488/1259 2711/1489/1260
f 2709/1487/1258 2711/1489/1260 2712/1490/1261
f 2713/1491/1262 2709/1487/1258 2712/1490/1261
f 2713/1491/1262 2712/1490/1261 2714/1492/1263
f 2715/1493/1264 2716/1494/1265 2717/1495/1266
f 2715/1493/1264 2717/1495/1266 2718/1496/1267
f 2719/1497/1268 2715/1493/1264 2718/1496/1267
f 2719/1497/1268 2718/1496/1267 2720/1498/1269
f 2721/1484/1270 2722/1483/1271 2723/1499/1272
f 2721/1484/1270 2723/1499/1272 2724/1500/1273
f 2725/1501/1274 2726/1485/1275 2721/1484/1270
f 2725/1501/1274 2721/1484/1270 2724/1500/1273
f 2727/1490/1276 2728/1489/1277 2729/1502/1278
f 2727/1490/1276 2729/1502/1278 2730/1503/1279
f 2731/1504/1280 2732/1492/1281 2727/1490/1276
f 2731/1504/1280 2727/1490/1276 2730/1503/1279
f 2733/1496/1282 2734/1495/1283 2735/1505/1284
f 2733/1496/1282 2735/1505/1284 2736/1506/1285
f 2737/1498/1286 2733/1496/1282 2736/1506/1285
f 2737/1498/1286 2736/1506/1285 2738/1507/1287
f 2739/1500/1288 2740/1499/1289 2741/1508/1290
f 2739/1500/1288 2741/1508/1290 2742/1509/1291
f 2743/1501/1292 2739/1500/1288 2742/1509/1291
f 2743/1501/1292 2742/1509/1291 2744/1510/1293
f 2745/1503/1294 2746/1502/1295 2747/1511/1296
f 2745/1503/1294 2747/1511/1296 2748/1512/1297
f 2749/1504/1298 2745/1503/1294 2748/1512/1297
f 2749/1504/1298 2748/1512/1297 2750/1513/1299
f 2736/1506/1285 2751/1505/1300 2752/1514/1301
f 2736/1506/1285 2752/1514/1301 2753/1515/1302
f 2738/1507/1287 2736/1506/1285 2753/1515/1302
f 2738/1507/1287 2753/1515/1302 2754/1516/1303
f 2755/1517/1304 2756/1510/1305 2757/1509/1306
f 2755/1517/1304 2757/1509/1306 2758/1518/1307
f 2757/1509/1306 2759/1508/1308 2760/1519/1309
f 2757/1509/1306 2760/1519/1309 2758/1518/1307
f 2748/1512/1297 2747/1511/1296 2761/1520/1310
f 2748/1512/1297 2761/1520/1310 2762/1521/1311
f 2763/1522/1312 2764/1513/1313 2748/1512/1297
f 2763/1522/1312 2748/1512/1297 2762/1521/1311
f 2765/1515/1314 2766/1514/1315 2767/1523/1316
f 2765/1515/1314 2767/1523/1316 2768/1524/1317
f 2769/1516/1318 2765/1515/1314 2768/1524/1317
f 2769/1516/1318 2768/1524/1317 2770/1525/1319
f 2771/1518/1320 2772/1519/1321 2773/308/1322
f 2771/1518/1320 2773/308/1322 2774/307/1323
f 2775/1526/1324 2776/1517/1325 2771/1518/1320
f 2775/1526/1324 2771/1518/1320 2774/307/1323
f 2777/1521/1326 2778/1520/1327 2779/1527/1328
f 2777/1521/1326 2779/1527/1328 2780/1528/1329
f 2781/1529/1330 2782/1522/1331 2777/1521/1326
f 2781/1529/1330 2777/1521/1326 2780/1528/1329
f 2783/1524/1332 2784/1523/1333 2785/1530/1334
f 2783/1524/1332 2785/1530/1334 2786/1531/1335
f 2787/1525/1336 2783/1524/1332 2786/1531/1335
f 2787/1525/1336 2786/1531/1335 2788/1532/1337
f 2789/1533/1338 2790/1526/1338 2791/307/1338
f 2789/1533/1338 2791/307/1338 2792/306/1338
f 2793/1534/1339 2794/1528/1340 2795/1527/1341
f 2793/1534/1339 2795/1527/1341 2796/1535/1341
f 2797/1536/1342 2798/1529/1342 2794/1528/1340
f 2797/1536/1342 2794/1528/1340 2793/1534/1339
f 2799/1537/1343 2800/1531/1344 2801/1530/1345
f 2799/1537/1343 2801/1530/1345 2802/1538/1346
f 2803/1539/1347 2804/1532/1348 2800/1531/1344
f 2803/1539/1347 2800/1531/1344 2799/1537/1343
f 2716/1494/1265 2805/1540/1349 2806/1541/1350
f 2716/1494/1265 2806/1541/1350 2717/1495/1266
f 2802/1538/1346 2801/1530/1345 2807/1542/1351
f 2802/1538/1346 2807/1542/1351 2808/1543/1352
f 2784/1523/1333 2809/1544/1353 2810/1542/1354
f 2784/1523/1333 2810/1542/1354 2785/1530/1334
f 2766/1514/1315 2811/1545/1355 2812/1544/1356
f 2766/1514/1315 2812/1544/1356 2767/1523/1316
f 2751/1505/1300 2813/1546/1357 2814/1545/1358
f 2751/1505/1300 2814/1545/1358 2752/1514/1301
f 2734/1495/1283 2815/1541/1359 2816/1546/1360
f 2734/1495/1283 2816/1546/1360 2735/1505/1284
f 2817/1539/1361 2818/1547/1362 2819/1548/1363
f 2817/1539/1361 2819/1548/1363 2820/1532/1364
f 2821/1497/1365 2822/1498/1366 2823/1549/1367
f 2821/1497/1365 2823/1549/1367 2824/1550/1362
f 2822/1498/1366 2825/1507/1368 2826/1551/1369
f 2822/1498/1366 2826/1551/1369 2823/1549/1367
f 2827/1552/1370 2826/1551/1369 2825/1507/1368
f 2827/1552/1370 2825/1507/1368 2828/1516/1371
f 2828/1516/1371 2829/1525/1372 2830/1553/1373
f 2828/1516/1371 2830/1553/1373 2827/1552/1370
f 2829/1525/1372 2820/1532/1364 2819/1548/1363
f 2829/1525/1372 2819/1548/1363 2830/1553/1373
f 2831/1540/1374 2832/1554/1375 2833/1555/1376
f 2831/1540/1374 2833/1555/1376 2834/1541/1377
f 2835/1543/1378 2836/1542/1379 2837/1556/1380
f 2835/1543/1378 2837/1556/1380 2838/1557/1375
f 2836/1542/1379 2839/1544/1381 2840/1558/1382
f 2836/1542/1379 2840/1558/1382 2837/1556/1380
f 2839/1544/1381 2841/1545/1383 2842/1559/1384
f 2839/1544/1381 2842/1559/1384 2840/1558/1382
f 2843/1560/1385 2842/1559/1384 2841/1545/1383
f 2843/1560/1385 2841/1545/1383 2844/1546/1386
f 2844/1546/1386 2834/1541/1377 2833/1555/1376
f 2844/1546/1386 2833/1555/1376 2843/1560/1385
f 2845/1561/1387 2846/1562/1388 2847/1563/1389
f 2845/1561/1387 2847/1563/1389 2848/1564/1390
f 2849/1565/1388 2850/1566/1391 2851/1567/1392
f 2849/1565/1388 2851/1567/1392 2852/1568/1393
f 2850/1566/1391 2853/1569/1394 2854/1570/1395
f 2850/1566/1391 2854/1570/1395 2851/1567/1392
f 2853/1569/1394 2855/1571/1396 2856/1572/1397
f 2853/1569/1394 2856/1572/1397 2854/1570/1395
f 2855/1571/1396 2857/1573/1398 2858/1574/1399
f 2855/1571/1396 2858/1574/1399 2856/1572/1397
f 2857/1573/1398 2859/1575/1400 2860/1576/1401
f 2857/1573/1398 2860/1576/1401 2858/1574/1399
f 2859/1575/1400 2861/1577/1402 2862/1578/1403
f 2859/1575/1400 2862/1578/1403 2860/1576/1401
f 2861/1577/1402 2863/1579/1404 2864/1580/1405
f 2861/1577/1402 2864/1580/1405 2862/1578/1403
f 2863/1579/1404 2865/1581/1406 2866/1582/1407
f 2863/1579/1404 2866/1582/1407 2864/1580/1405
f 2865/1581/1406 2867/1583/1408 2868/1584/1409
f 2865/1581/1406 2868/1584/1409 2866/1582/1407
f 2867/1583/1408 2869/1585/1410 2870/1586/1411
f 2867/1583/1408 2870/1586/1411 2868/1584/1409
f 2869/1585/1410 2845/1561/1387 2848/1564/1390
f 2869/1585/1410 2848/1564/1390 2870/1586/1411
f 2871/1587/1412 2872/1588/1413 2873/1589/1414
f 2871/1587/1412 2873/1589/1414 2874/1590/1415
f 2875/1591/1416 2871/1587/1412 2874/1590/1415
f 2875/1591/1416 2874/1590/1415 2876/1592/1417
f 2877/1593/1418 2875/1591/1416 2876/1592/1417
f 2877/1593/1418 2876/1592/1417 2878/1594/1419
f 2879/1595/1420 2877/1593/1418 2878/1594/1419
f 2879/1595/1420 2878/1594/1419 2880/1596/1421
f 2881/1597/1422 2879/1595/1420 2880/1596/1421
f 2881/1597/1422 2880/1596/1421 2882/1598/1423
f 2883/1599/1424 2881/1597/1422 2882/1598/1423
f 2883/1599/1424 2882/1598/1423 2884/1600/1425
f 2885/1601/1426 2883/1599/1424 2884/1600/1425
f 2885/1601/1426 2884/1600/1425 2886/1602/1427
f 2887/1603/1428 2885/1601/1426 2886/1602/1427
f 2887/1603/1428 2886/1602/1427 2888/1604/1429
f 2889/1605/1430 2890/1606/1428 2891/1607/1429
f 2889/1605/1430 2891/1607/1429 2892/1608/1431
f 2893/1609/1432 2889/1605/1430 2892/1608/1431
f 2893/1609/1432 2892/1608/1431 2894/1610/1433
f 2895/1611/1434 2893/1609/1432 2894/1610/1433
f 2895/1611/1434 2894/1610/1433 2896/1612/1435
f 2872/1588/1413 2895/1611/1434 2896/1612/1435
f 2872/1588/1413 2896/1612/1435 2873/1589/1414
f 2897/1613/1436 2898/1614/1437 2899/1615/1438
f 2897/1613/1436 2899/1615/1438 2900/1616/1439
f 2901/1617/1440 2897/1613/1436 2900/1616/1439
f 2901/1617/1440 2900/1616/1439 2902/1618/1441
f 2903/1619/1442 2901/1617/1440 2902/1618/1441
f 2903/1619/1442 2902/1618/1441 2904/1620/1443
f 2905/1621/1444 2903/1619/1442 2904/1620/1443
f 2905/1621/1444 2904/1620/1443 2906/1622/1445
f 2907/1623/1446 2905/1621/1444 2906/1622/1445
f 2907/1623/1446 2906/1622/1445 2908/1624/1447
f 2909/1625/1448 2907/1623/1446 2908/1624/1447
f 2909/1625/1448 2908/1624/1447 2910/1626/1449
f 2911/1627/1450 2909/1625/1448 2910/1626/1449
f 2911/1627/1450 2910/1626/1449 2912/1628/1451
f 2913/1629/1452 2911/1627/1450 2912/1628/1451
f 2913/1629/1452 2912/1628/1451 2914/1630/1453
f 2915/1631/1454 2916/1632/1455 2917/1633/1453
f 2915/1631/1454 2917/1633/1453 2918/1634/1456
f 2919/1635/1457 2915/1631/1454 2918/1634/1456
f 2919/1635/1457 2918/1634/1456 2920/1636/1458
f 2921/1637/1459 2919/1635/1457 2920/1636/1458
f 2921/1637/1459 2920/1636/1458 2922/1638/1460
f 2898/1614/1437 2921/1637/1459 2922/1638/1460
f 2898/1614/1437 2922/1638/1460 2899/1615/1438
f 2923/1639/1461 2924/1640/1462 2925/1564/1463
f 2923/1639/1461 2925/1564/1463 2926/1563/1464
f 2927/1641/1465 2928/1642/1466 2929/1568/1464
f 2927/1641/1465 2929/1568/1464 2930/1567/1467
f 2931/1643/1468 2927/1641/1465 2930/1567/1467
f 2931/1643/1468 2930/1567/1467 2932/1570/1469
f 2933/1644/1470 2931/1643/1468 2932/1570/1469
f 2933/1644/1470 2932/1570/1469 2934/1572/1471
f 2935/1645/1472 2933/1644/1470 2934/1572/1471
f 2935/1645/1472 2934/1572/1471 2936/1574/1473
f 2937/1646/1474 2935/1645/1472 2936/1574/1473
f 2937/1646/1474 2936/1574/1473 2938/1576/1475
f 2939/1647/1476 2937/1646/1474 2938/1576/1475
f 2939/1647/1476 2938/1576/1475 2940/1578/1477
f 2941/1648/1478 2939/1647/1476 2940/1578/1477
f 2941/1648/1478 2940/1578/1477 2942/1580/1479
f 2943/1649/1480 2941/1648/1478 2942/1580/1479
f 2943/1649/1480 2942/1580/1479 2944/1582/1481
f 2945/1650/1482 2943/1649/1480 2944/1582/1481
f 2945/1650/1482 2944/1582/1481 2946/1584/1483
f 2947/1651/1484 2945/1650/1482 2946/1584/1483
f 2947/1651/1484 2946/1584/1483 2948/1586/1485
f 2924/1640/1462 2947/1651/1484 2948/1586/1485
f 2924/1640/1462 2948/1586/1485 2925/1564/1463
f 2949/1652/1486 2950/1653/1487 2951/1588/1488
f 2949/1652/1486 2951/1588/1488 2952/1587/1489
f 2953/1654/1490 2949/1652/1486 2952/1587/1489
f 2953/1654/1490 2952/1587/1489 2954/1591/1491
f 2955/1655/1492 2953/1654/1490 2954/1591/1491
f 2955/1655/1492 2954/1591/1491 2956/1593/1493
f 2957/1656/1494 2955/1655/1492 2956/1593/1493
f 2957/1656/1494 2956/1593/1493 2958/1595/1495
f 2959/1657/1496 2957/1656/1494 2958/1595/1495
f 2959/1657/1496 2958/1595/1495 2960/1597/1497
f 2961/1658/1498 2959/1657/1496 2960/1597/1497
f 2961/1658/1498 2960/1597/1497 2962/1599/1499
f 2963/1659/1500 2961/1658/1498 2962/1599/1499
f 2963/1659/1500 2962/1599/1499 2964/1601/1501
f 2965/1660/1502 2963/1659/1500 2964/1601/1501
f 2965/1660/1502 2964/1601/1501 2966/1603/1503
f 2967/1661/1504 2968/1662/1502 2969/1606/1503
f 2967/1661/1504 2969/1606/1503 2970/1605/1505
f 2971/1663/1506 2967/1661/1504 2970/1605/1505
f 2971/1663/1506 2970/1605/1505 2972/1609/1507
f 2973/1664/1508 2971/1663/1506 2972/1609/1507
f 2973/1664/1508 2972/1609/1507 2974/1611/1509
f 2950/1653/1487 2973/1664/1508 2974/1611/1509
f 2950/1653/1487 2974/1611/1509 2951/1588/1488
f 2975/1608/1510 2976/1607/1511 2977/1665/1512
f 2975/1608/1510 2977/1665/1512 2978/1666/1513
f 2979/1604/1511 2980/1602/1514 2981/1667/1515
f 2979/1604/1511 2981/1667/1515 2982/1668/1512
f 2980/1602/1514 2983/1600/1516 2984/1669/1517
f 2980/1602/1514 2984/1669/1517 2981/1667/1515
f 2983/1600/1516 2985/1598/1518 2986/1670/1519
f 2983/1600/1516 2986/1670/1519 2984/1669/1517
f 2985/1598/1518 2987/1596/1520 2988/1671/1521
f 2985/1598/1518 2988/1671/1521 2986/1670/1519
f 2987/1596/1520 2989/1594/1522 2990/1672/1523
f 2987/1596/1520 2990/1672/1523 2988/1671/1521
f 2989/1594/1522 2991/1592/1524 2992/1673/1525
f 2989/1594/1522 2992/1673/1525 2990/1672/1523
f 2991/1592/1524 2993/1590/1526 2994/1674/1527
f 2991/1592/1524 2994/1674/1527 2992/1673/1525
f 2993/1590/1526 2995/1589/1528 2996/1675/1529
f 2993/1590/1526 2996/1675/1529 2994/1674/1527
f 2995/1589/1528 2997/1612/1530 2998/1676/1531
f 2995/1589/1528 2998/1676/1531 2996/1675/1529
f 2997/1612/1530 2999/1610/1532 3000/1677/1533
f 2997/1612/1530 3000/1677/1533 2998/1676/1531
f 2999/1610/1532 2975/1608/1510 2978/1666/1513
f 2999/1610/1532 2978/1666/1513 3000/1677/1533
f 520/313/82 524/317/82 517/310/82
f 525/318/82 3001/1678/82 524/317/82
f 528/321/84 530/323/84 3002/1679/84
f 3003/326/1534 3004/328/1534 3005/331/1534
f 3003/326/1534 3005/331/1534 3006/327/1534
f 557/343/91 3007/342/91 558/344/91
f 3008/353/90 3009/1680/90 3010/1681/90
f 3008/353/90 3010/1681/90 3011/354/90
f 3012/1682/92 3013/1683/92 3014/360/92
f 3012/1682/92 3014/360/92 3015/363/92
f 624/389/100 626/390/100 3016/1684/100
f 635/395/94 637/397/94 3017/398/94
f 3018/1685/90 3019/1686/90 3020/399/90
f 3018/1685/90 3020/399/90 3021/397/90
f 3022/1687/1535 3023/1688/1536 3024/891/1536
f 3022/1687/1535 3024/891/1536 3025/893/1537
f 3026/897/1538 3027/898/1539 3028/1689/1539
f 3026/897/1538 3028/1689/1539 3029/1690/1540
f 3030/1691/1541 3031/1692/1542 3032/892/1543
f 3030/1691/1541 3032/892/1543 3033/891/1541
f 3034/1693/1544 3035/1694/1545 3036/899/1545
f 3034/1693/1544 3036/899/1545 3037/894/1546
f 3038/1695/1547 3039/1696/1548 3040/895/1549
f 3038/1695/1547 3040/895/1549 3041/900/1547
f 3042/896/1550 3043/1697/1551 3044/1698/1552
f 3042/896/1550 3044/1698/1552 3045/898/1552
f 3046/1699/1553 3022/1687/1535 3025/893/1537
f 3046/1699/1553 3025/893/1537 3047/899/1553
f 3048/900/1554 3026/897/1538 3029/1690/1540
f 3048/900/1554 3029/1690/1540 3049/1700/1554
f 1610/894/325 1608/892/323 3050/1701/1555
f 1610/894/325 3050/1701/1555 3051/1702/2
f 3052/1703/1556 3034/1693/1544 3037/894/1546
f 3052/1703/1556 3037/894/1546 3053/1702/1557
f 3032/892/1543 3031/1692/1542 3054/1704/1558
f 3032/892/1543 3054/1704/1558 3055/1701/1559
f 1611/895/326 3051/1702/2 3050/1701/1555
f 1611/895/326 3050/1701/1555 1612/896/327
f 3055/1701/1559 3054/1704/1558 3043/1697/1551
f 3055/1701/1559 3043/1697/1551 3042/896/1550
f 3040/895/1549 3039/1696/1548 3052/1703/1556
f 3040/895/1549 3052/1703/1556 3053/1702/1557
f 3056/1705/1560 3057/1706/1561 3058/902/1562
f 3056/1705/1560 3058/902/1562 3059/901/1560
f 3060/908/1563 3061/907/1564 3062/1707/1565
f 3060/908/1563 3062/1707/1565 3063/1708/1563
f 3064/1709/1566 3065/1710/1567 3066/904/1568
f 3064/1709/1566 3066/904/1568 3067/905/1566
f 3068/1711/1569 3069/1712/1545 3070/901/1545
f 3068/1711/1569 3070/901/1545 3071/903/1570
f 3061/907/1564 3072/910/1571 3073/1713/1571
f 3061/907/1564 3073/1713/1571 3062/1707/1565
f 3058/902/1562 3057/1706/1561 3074/1714/1572
f 3058/902/1562 3074/1714/1572 3075/905/1572
f 3076/1715/1573 3077/1716/1574 1619/903/334
f 3076/1715/1573 1619/903/334 1620/904/335
f 3078/1717/1575 3068/1711/1569 3071/903/1570
f 3078/1717/1575 3071/903/1570 3079/1716/1576
f 3066/904/1568 3065/1710/1567 3080/1718/1577
f 3066/904/1568 3080/1718/1577 3081/1715/1578
f 3082/1719/1579 3083/1720/1580 3084/906/1581
f 3082/1719/1579 3084/906/1581 3085/908/1579
f 3086/909/1582 3087/1721/1583 3088/1722/1584
f 3086/909/1582 3088/1722/1584 3089/910/1584
f 3083/1720/1580 3078/1717/1575 3079/1716/1576
f 3083/1720/1580 3079/1716/1576 3084/906/1581
f 3081/1715/1578 3080/1718/1577 3087/1721/1583
f 3081/1715/1578 3087/1721/1583 3086/909/1582
f 1625/909/340 1622/906/337 3077/1716/1574
f 1625/909/340 3077/1716/1574 3076/1715/1573
f 3090/915/1585 3091/916/1586 3092/1723/1586
f 3090/915/1585 3092/1723/1586 3093/1724/1587
f 3094/1725/1588 3095/1726/1589 3096/911/1590
f 3094/1725/1588 3096/911/1590 3097/411/1588
f 3098/1727/1591 3099/1728/1592 3100/917/1593
f 3098/1727/1591 3100/917/1593 3101/912/1594
f 3102/1729/1595 3103/1730/1596 3104/913/1597
f 3102/1729/1595 3104/913/1597 3105/918/1595
f 3106/914/1598 3107/1731/1599 3108/1732/1600
f 3106/914/1598 3108/1732/1600 3109/916/1600
f 3110/1733/1592 3111/409/1601 3112/412/1601
f 3110/1733/1592 3112/412/1601 3100/917/1593
f 3113/918/1602 3090/915/1585 3093/1724/1587
f 3113/918/1602 3093/1724/1587 3114/1734/1602
f 3115/1735/1603 3098/1727/1591 3101/912/1594
f 3115/1735/1603 3101/912/1594 3116/1736/1604
f 3096/911/1590 3095/1726/1589 3117/1737/1605
f 3096/911/1590 3117/1737/1605 3118/1738/1606
f 1630/912/345 1628/911/343 3119/1738/1607
f 1630/912/345 3119/1738/1607 3120/1736/2
f 1631/913/346 3120/1736/2 3119/1738/1607
f 1631/913/346 3119/1738/1607 1632/914/347
f 3118/1738/1606 3117/1737/1605 3107/1731/1599
f 3118/1738/1606 3107/1731/1599 3106/914/1598
f 3104/913/1597 3103/1730/1596 3115/1735/1603
f 3104/913/1597 3115/1735/1603 3116/1736/1604
f 1638/920/353 1637/919/352 3121/1739/1608
f 1638/920/353 3121/1739/1608 3122/1740/1609
f 1637/919/352 1640/922/355 3123/1741/1610
f 1637/919/352 3123/1741/1610 3121/1739/1608
f 1640/922/355 1641/923/356 3124/1742/1611
f 1640/922/355 3124/1742/1611 3123/1741/1610
f 1641/923/356 1642/924/357 3125/1743/1612
f 1641/923/356 3125/1743/1612 3124/1742/1611
f 1642/924/357 1643/925/358 3126/1744/1613
f 1642/924/357 3126/1744/1613 3125/1743/1612
f 1643/925/358 1638/920/353 3122/1740/1609
f 1643/925/358 3122/1740/1609 3127/1744/1614
f 3122/1740/1609 3121/1739/1608 3128/1745/1615
f 3122/1740/1609 3128/1745/1615 3129/1746/1616
f 3121/1739/1608 3123/1741/1610 3130/1747/1617
f 3121/1739/1608 3130/1747/1617 3131/1745/1618
f 3123/1741/1610 3124/1742/1611 3132/1748/1619
f 3123/1741/1610 3132/1748/1619 3133/1747/1620
f 3124/1742/1611 3125/1743/1612 3134/1749/1621
f 3124/1742/1611 3134/1749/1621 3135/1748/1622
f 3125/1743/1612 3126/1744/1613 3136/1750/1623
f 3125/1743/1612 3136/1750/1623 3137/1749/1624
f 3127/1744/1614 3122/1740/1609 3138/1746/1625
f 3127/1744/1614 3138/1746/1625 3139/1750/1626
f 3129/1746/1616 3128/1745/1615 3140/1751/1627
f 3129/1746/1616 3140/1751/1627 3141/1752/1628
f 3131/1745/1618 3130/1747/1617 3142/1753/1629
f 3131/1745/1618 3142/1753/1629 3140/1751/1627
f 3133/1747/1620 3132/1748/1619 3143/1754/1630
f 3133/1747/1620 3143/1754/1630 3144/1753/1631
f 3135/1748/1622 3134/1749/1621 3145/1755/1632
f 3135/1748/1622 3145/1755/1632 3143/1754/1630
f 3137/1749/1624 3136/1750/1623 3146/1756/1633
f 3137/1749/1624 3146/1756/1633 3145/1755/1632
f 3139/1750/1626 3138/1746/1625 3141/1752/1628
f 3139/1750/1626 3141/1752/1628 3146/1756/1633
f 3141/1752/1628 3140/1751/1627 1645/927/360
f 3141/1752/1628 1645/927/360 1644/926/359
f 3140/1751/1627 3142/1753/1629 1647/929/362
f 3140/1751/1627 1647/929/362 1645/927/360
f 3144/1753/1631 3143/1754/1630 1648/930/363
f 3144/1753/1631 1648/930/363 1647/929/362
f 3143/1754/1630 3145/1755/1632 1649/931/364
f 3143/1754/1630 1649/931/364 1648/930/363
f 3145/1755/1632 3146/1756/1633 1650/932/365
f 3145/1755/1632 1650/932/365 1649/931/364
f 3146/1756/1633 3141/1752/1628 1644/926/359
f 3146/1756/1633 1644/926/359 1650/932/365
f 1652/934/367 1651/933/366 3147/1757/1634
f 1652/934/367 3147/1757/1634 3148/1758/1635
f 1651/933/366 1654/936/369 3149/1759/1636
f 1651/933/366 3149/1759/1636 3147/1757/1634
f 1654/936/369 1655/937/370 3150/1760/1637
f 1654/936/369 3150/1760/1637 3149/1759/1636
f 1655/937/370 1656/938/371 3151/1761/1638
f 1655/937/370 3151/1761/1638 3150/1760/1637
f 1656/938/371 1657/939/372 3152/1762/1639
f 1656/938/371 3152/1762/1639 3151/1761/1638
f 1657/939/372 1652/934/367 3148/1758/1635
f 1657/939/372 3148/1758/1635 3153/1762/1640
f 3148/1758/1635 3147/1757/1634 3154/1763/1641
f 3148/1758/1635 3154/1763/1641 3155/1764/1642
f 3147/1757/1634 3149/1759/1636 3156/1765/1643
f 3147/1757/1634 3156/1765/1643 3157/1763/1644
f 3149/1759/1636 3150/1760/1637 3158/1766/1645
f 3149/1759/1636 3158/1766/1645 3159/1765/1646
f 3150/1760/1637 3151/1761/1638 3160/1767/1647
f 3150/1760/1637 3160/1767/1647 3161/1766/1648
f 3151/1761/1638 3152/1762/1639 3162/1768/1649
f 3151/1761/1638 3162/1768/1649 3163/1767/1650
f 3153/1762/1640 3148/1758/1635 3164/1764/1651
f 3153/1762/1640 3164/1764/1651 3165/1768/1652
f 3155/1764/1642 3154/1763/1641 3166/1769/1653
f 3155/1764/1642 3166/1769/1653 3167/1770/1654
f 3157/1763/1644 3156/1765/1643 3168/1771/1655
f 3157/1763/1644 3168/1771/1655 3166/1769/1653
f 3159/1765/1646 3158/1766/1645 3169/1772/1656
f 3159/1765/1646 3169/1772/1656 3170/1771/1657
f 3161/1766/1648 3160/1767/1647 3171/1773/1658
f 3161/1766/1648 3171/1773/1658 3169/1772/1656
f 3163/1767/1650 3162/1768/1649 3172/1774/1659
f 3163/1767/1650 3172/1774/1659 3171/1773/1658
f 3165/1768/1652 3164/1764/1651 3167/1770/1654
f 3165/1768/1652 3167/1770/1654 3172/1774/1659
f 3167/1770/1654 3166/1769/1653 1659/941/374
f 3167/1770/1654 1659/941/374 1658/940/373
f 3166/1769/1653 3168/1771/1655 1661/943/376
f 3166/1769/1653 1661/943/376 1659/941/374
f 3170/1771/1657 3169/1772/1656 1662/944/377
f 3170/1771/1657 1662/944/377 1661/943/376
f 3169/1772/1656 3171/1773/1658 1663/945/378
f 3169/1772/1656 1663/945/378 1662/944/377
f 3171/1773/1658 3172/1774/1659 1664/946/379
f 3171/1773/1658 1664/946/379 1663/945/378
f 3172/1774/1659 3167/1770/1654 1658/940/373
f 3172/1774/1659 1658/940/373 1664/946/379
f 3173/1775/1660 3174/1776/1661 3175/415/1662
f 3173/1775/1660 3175/415/1662 3176/414/1663
f 3174/1776/1661 3177/1777/1664 3178/418/1665
f 3174/1776/1661 3178/418/1665 3175/415/1662
f 3177/1777/1664 3179/1778/1666 3180/1779/1667
f 3177/1777/1664 3180/1779/1667 3178/418/1665
f 3179/1778/1666 3181/1780/1668 3182/417/1669
f 3179/1778/1666 3182/417/1669 3180/1779/1667
f 3181/1780/1668 3183/1781/1670 3184/416/1671
f 3181/1780/1668 3184/416/1671 3182/417/1669
f 3183/1781/1670 3185/1782/1672 3186/413/1673
f 3183/1781/1670 3186/413/1673 3184/416/1671
f 3185/1782/1672 3187/1783/1674 3188/419/1675
f 3185/1782/1672 3188/419/1675 3186/413/1673
f 3187/1783/1674 3189/1784/1676 3190/420/1677
f 3187/1783/1674 3190/420/1677 3188/419/1675
f 3189/1784/1676 3191/1785/1678 3192/421/1679
f 3189/1784/1676 3192/421/1679 3190/420/1677
f 3191/1785/1678 3173/1775/1660 3176/414/1663
f 3191/1785/1678 3176/414/1663 3192/421/1679
f 658/413/103 664/419/103 659/414/103
f 660/415/103 663/418/103 661/416/103
f 662/417/103 663/418/103 3193/1779/103
f 3194/1786/1680 3195/1787/1681 3196/1788/1682
f 3194/1786/1680 3196/1788/1682 3197/1789/1683
f 3195/1787/1681 3198/1790/1684 3199/1791/1685
f 3195/1787/1681 3199/1791/1685 3196/1788/1682
f 3198/1790/1684 3200/1792/1686 3201/1793/1687
f 3198/1790/1684 3201/1793/1687 3199/1791/1685
f 3200/1792/1686 3202/1794/1688 3203/1795/1689
f 3200/1792/1686 3203/1795/1689 3201/1793/1687
f 3202/1794/1688 3204/1796/1690 3205/1797/1691
f 3202/1794/1688 3205/1797/1691 3203/1795/1689
f 3204/1796/1690 3206/1798/1692 3207/1799/1693
f 3204/1796/1690 3207/1799/1693 3205/1797/1691
f 3208/1800/1694 3209/1801/1695 3210/1802/1696
f 3208/1800/1694 3210/1802/1696 3211/1803/1693
f 3209/1801/1695 3194/1786/1680 3197/1789/1683
f 3209/1801/1695 3197/1789/1683 3210/1802/1696
f 3212/1804/1697 3213/1805/1698 3214/1806/1699
f 3213/1805/1698 1665/947/380 1667/949/382
f 3213/1805/1698 1667/949/382 3214/1806/1699
f 1666/948/381 1668/950/383 1670/952/385
f 1666/948/381 1670/952/385 1667/949/382
f 1669/951/384 3215/1807/1700 3216/1808/1701
f 1669/951/384 3216/1808/1701 1670/952/385
f 1672/954/387 3212/1804/1697 3214/1806/1699
f 1672/954/387 3214/1806/1699 1673/955/388
f 3205/1797/1691 3207/1799/1693 3217/434/1702
f 3205/1797/1691 3217/434/1702 3218/432/1703
f 3203/1795/1689 3205/1797/1691 3218/432/1703
f 3203/1795/1689 3218/432/1703 3219/430/1704
f 3201/1793/1687 3203/1795/1689 3219/430/1704
f 3201/1793/1687 3219/430/1704 3220/428/1705
f 3199/1791/1685 3201/1793/1687 3220/428/1705
f 3199/1791/1685 3220/428/1705 3221/426/1706
f 3196/1788/1682 3199/1791/1685 3221/426/1706
f 3196/1788/1682 3221/426/1706 3222/423/1707
f 3197/1789/1683 3196/1788/1682 3222/423/1707
f 3197/1789/1683 3222/423/1707 3223/422/1708
f 3210/1802/1696 3197/1789/1683 3223/422/1708
f 3210/1802/1696 3223/422/1708 3224/437/1709
f 3211/1803/1693 3210/1802/1696 3224/437/1709
f 3211/1803/1693 3224/437/1709 3225/436/1710
f 3226/1809/1711 3227/1810/1712 3228/1811/1713
f 3226/1809/1711 3228/1811/1713 3229/442/1711
f 3230/442/1714 3231/1811/1715 3232/1812/1716
f 3230/442/1714 3232/1812/1716 3233/443/1717
f 3234/443/1718 3235/1812/1719 3236/1813/1720
f 3234/443/1718 3236/1813/1720 3237/1814/1718
f 3238/509/1721 3239/510/1722 3240/511/1721
f 3238/509/1721 3240/511/1721 3241/512/1721
f 3242/1815/1723 3243/511/1724 3244/1816/1724
f 3242/1815/1723 3244/1816/1724 3245/1817/1725
f 3246/1818/1726 3247/1819/1727 3248/1820/1728
f 3246/1818/1726 3248/1820/1728 3249/512/1728
f 3250/1815/1729 3251/1818/1730 3252/512/1731
f 3250/1815/1729 3252/512/1731 3253/511/1732
f 3235/1812/1719 3254/1821/1733 3255/1822/1734
f 3235/1812/1719 3255/1822/1734 3236/1813/1720
f 3228/1811/1713 3227/1810/1712 3256/1823/1735
f 3228/1811/1713 3256/1823/1735 3257/1824/1736
f 3232/1812/1716 3231/1811/1715 3258/1824/1737
f 3232/1812/1716 3258/1824/1737 3259/1821/1738
f 3254/1821/1733 3242/1815/1723 3245/1817/1725
f 3254/1821/1733 3245/1817/1725 3255/1822/1734
f 3257/1824/1736 3256/1823/1735 3247/1819/1727
f 3257/1824/1736 3247/1819/1727 3246/1818/1726
f 3259/1821/1738 3258/1824/1737 3251/1818/1730
f 3259/1821/1738 3251/1818/1730 3250/1815/1729
f 3260/1825/1739 3261/1826/1740 3262/480/1741
f 3260/1825/1739 3262/480/1741 3263/479/1742
f 3261/1826/1740 3264/1827/1743 3265/481/1744
f 3261/1826/1740 3265/481/1744 3262/480/1741
f 3264/1827/1743 3266/1828/1745 3267/484/1746
f 3264/1827/1743 3267/484/1746 3265/481/1744
f 3266/1828/1745 3268/1829/1747 3269/483/1748
f 3266/1828/1745 3269/483/1748 3267/484/1746
f 3268/1829/1747 3270/1830/1749 3271/482/1750
f 3268/1829/1747 3271/482/1750 3269/483/1748
f 3270/1830/1749 3272/1831/1751 3273/477/1752
f 3270/1830/1749 3273/477/1752 3271/482/1750
f 3272/1831/1751 3274/1832/1753 3275/478/1754
f 3272/1831/1751 3275/478/1754 3273/477/1752
f 3274/1832/1753 3276/1833/1755 3277/485/1756
f 3274/1832/1753 3277/485/1756 3275/478/1754
f 3276/1833/1755 3278/1834/1757 3279/486/1758
f 3276/1833/1755 3279/486/1758 3277/485/1756
f 3278/1834/1757 3260/1825/1739 3263/479/1742
f 3278/1834/1757 3263/479/1742 3279/486/1758
f 775/494/124 3280/487/124 776/490/124
f 782/498/126 784/502/126 3281/499/126
f 797/498/130 799/502/130 3282/499/130
f 816/493/135 3283/494/135 817/495/135
f 835/494/132 837/490/132 3284/495/132
f 3285/1825/1739 3286/1826/1740 3287/480/1741
f 3285/1825/1739 3287/480/1741 3288/479/1759
f 3286/1826/1740 3289/1827/1743 3290/481/1744
f 3286/1826/1740 3290/481/1744 3287/480/1741
f 3289/1827/1743 3291/1828/1745 3292/484/1746
f 3289/1827/1743 3292/484/1746 3290/481/1744
f 3291/1828/1745 3293/1829/1747 3294/483/1748
f 3291/1828/1745 3294/483/1748 3292/484/1746
f 3293/1829/1747 3295/1830/1749 3296/482/1750
f 3293/1829/1747 3296/482/1750 3294/483/1748
f 3295/1830/1749 3297/1831/1751 3298/477/1752
f 3295/1830/1749 3298/477/1752 3296/482/1750
f 3297/1831/1751 3299/1832/1753 3300/478/1754
f 3297/1831/1751 3300/478/1754 3298/477/1752
f 3299/1832/1753 3301/1833/1755 3302/485/1756
f 3299/1832/1753 3302/485/1756 3300/478/1754
f 3301/1833/1755 3303/1834/1757 3304/486/1758
f 3301/1833/1755 3304/486/1758 3302/485/1756
f 3303/1834/1757 3285/1825/1739 3288/479/1759
f 3303/1834/1757 3288/479/1759 3304/486/1758
f 856/493/127 3305/494/127 857/495/127
f 867/488/122 3306/491/122 868/492/122
f 3307/1809/1760 3308/1810/1761 3309/1811/1762
f 3307/1809/1760 3309/1811/1762 3310/442/1760
f 3311/442/1763 3312/1811/1764 3313/1812/1765
f 3311/442/1763 3313/1812/1765 3314/443/1766
f 3315/443/1767 3316/1812/1768 3317/1813/1769
f 3315/443/1767 3317/1813/1769 3318/1814/1767
f 3319/1815/1770 3320/511/1723 3321/1816/1723
f 3319/1815/1770 3321/1816/1723 3322/1817/1771
f 3323/1835/1772 3324/1819/1773 3325/1820/1774
f 3323/1835/1772 3325/1820/1774 3326/512/1774
f 3327/1815/1775 3328/1835/1776 3329/512/1777
f 3327/1815/1775 3329/512/1777 3330/511/1778
f 3316/1812/1768 3331/1821/1779 3332/1822/1780
f 3316/1812/1768 3332/1822/1780 3317/1813/1769
f 3309/1811/1762 3308/1810/1761 3333/1823/1781
f 3309/1811/1762 3333/1823/1781 3334/1824/1782
f 3313/1812/1765 3312/1811/1764 3335/1824/1783
f 3313/1812/1765 3335/1824/1783 3336/1821/1784
f 3331/1821/1779 3319/1815/1770 3322/1817/1771
f 3331/1821/1779 3322/1817/1771 3332/1822/1780
f 3334/1824/1782 3333/1823/1781 3324/1819/1773
f 3334/1824/1782 3324/1819/1773 3323/1835/1772
f 3336/1821/1784 3335/1824/1783 3328/1835/1776
f 3336/1821/1784 3328/1835/1776 3327/1815/1775
f 3337/1836/1785 3338/1837/1786 3339/1838/1787
f 3337/1836/1785 3339/1838/1787 3340/1839/1788
f 3338/1837/1786 3341/1840/1789 3342/1841/1790
f 3338/1837/1786 3342/1841/1790 3339/1838/1787
f 3341/1840/1789 3343/1842/1791 3344/1843/1792
f 3341/1840/1789 3344/1843/1792 3342/1841/1790
f 3343/1842/1791 3345/1844/1793 3346/1845/1794
f 3343/1842/1791 3346/1845/1794 3344/1843/1792
f 3345/1844/1793 3347/1846/1795 3348/1847/1796
f 3345/1844/1793 3348/1847/1796 3346/1845/1794
f 3347/1846/1795 3349/1848/1797 3350/1849/1798
f 3347/1846/1795 3350/1849/1798 3348/1847/1796
f 3349/1848/1797 3351/1850/1799 3352/1851/1800
f 3349/1848/1797 3352/1851/1800 3350/1849/1798
f 3351/1850/1799 3353/1852/1801 3354/1853/1802
f 3351/1850/1799 3354/1853/1802 3352/1851/1800
f 3353/1852/1801 3355/1854/1803 3356/1855/1804
f 3353/1852/1801 3356/1855/1804 3354/1853/1802
f 3357/1856/1805 3337/1836/1785 3340/1839/1788
f 3357/1856/1805 3340/1839/1788 3358/1857/1804
f 905/517/2 907/519/2 902/514/2
f 3359/1858/1806 3360/1859/1807 3361/1860/1808
f 3359/1858/1806 3361/1860/1808 3362/1861/1809
f 3360/1859/1807 3363/1862/1810 3364/1863/1811
f 3360/1859/1807 3364/1863/1811 3361/1860/1808
f 3363/1862/1810 3365/1864/1812 3366/1865/1813
f 3363/1862/1810 3366/1865/1813 3364/1863/1811
f 3365/1864/1812 3367/1866/1814 3368/1867/1815
f 3365/1864/1812 3368/1867/1815 3366/1865/1813
f 3367/1866/1814 3369/1868/1816 3370/1869/1817
f 3367/1866/1814 3370/1869/1817 3368/1867/1815
f 3369/1868/1816 3371/1870/1818 3372/1871/1819
f 3369/1868/1816 3372/1871/1819 3370/1869/1817
f 3371/1870/1818 3373/1872/1820 3374/1873/1821
f 3371/1870/1818 3374/1873/1821 3372/1871/1819
f 3373/1872/1820 3375/1874/1822 3376/1875/1823
f 3373/1872/1820 3376/1875/1823 3374/1873/1821
f 3375/1874/1822 3377/1876/1824 3378/1877/1825
f 3375/1874/1822 3378/1877/1825 3376/1875/1823
f 3377/1876/1824 3379/1878/1806 3380/1879/1809
f 3377/1876/1824 3380/1879/1809 3378/1877/1825
f 3381/1880/1826 3382/1881/1827 3383/1882/1828
f 3381/1880/1826 3383/1882/1828 3384/1883/1829
f 3382/1881/1827 3385/1884/1830 3386/1885/1831
f 3382/1881/1827 3386/1885/1831 3383/1882/1828
f 3385/1884/1830 3387/1886/1832 3388/1887/1833
f 3385/1884/1830 3388/1887/1833 3386/1885/1831
f 3387/1886/1832 3389/1888/1834 3390/1889/1835
f 3387/1886/1832 3390/1889/1835 3388/1887/1833
f 3389/1888/1834 3391/1890/1836 3392/1891/1837
f 3389/1888/1834 3392/1891/1837 3390/1889/1835
f 3391/1890/1836 3393/1888/1838 3394/1889/1839
f 3391/1890/1836 3394/1889/1839 3392/1891/1837
f 3393/1888/1838 3395/1886/1840 3396/1887/1841
f 3393/1888/1838 3396/1887/1841 3394/1889/1839
f 3395/1886/1840 3397/1884/1842 3398/1885/1843
f 3395/1886/1840 3398/1885/1843 3396/1887/1841
f 3397/1884/1842 3399/1881/1844 3400/1882/1845
f 3397/1884/1842 3400/1882/1845 3398/1885/1843
f 3399/1881/1844 3381/1880/1826 3384/1883/1829
f 3399/1881/1844 3384/1883/1829 3400/1882/1845
f 3382/1881/1827 3381/1880/1826 3401/1892/1846
f 3382/1881/1827 3401/1892/1846 3402/1893/1847
f 3385/1884/1830 3382/1881/1827 3402/1893/1847
f 3385/1884/1830 3402/1893/1847 3403/1894/1848
f 3387/1886/1832 3385/1884/1830 3403/1894/1848
f 3387/1886/1832 3403/1894/1848 3404/1895/1849
f 3389/1888/1834 3387/1886/1832 3404/1895/1849
f 3389/1888/1834 3404/1895/1849 3405/1896/1850
f 3391/1890/1836 3389/1888/1834 3405/1896/1850
f 3391/1890/1836 3405/1896/1850 3406/1897/1851
f 3393/1888/1838 3391/1890/1836 3406/1897/1851
f 3393/1888/1838 3406/1897/1851 3407/1896/1852
f 3395/1886/1840 3393/1888/1838 3407/1896/1852
f 3395/1886/1840 3407/1896/1852 3408/1895/1853
f 3397/1884/1842 3395/1886/1840 3408/1895/1853
f 3397/1884/1842 3408/1895/1853 3409/1894/1854
f 3399/1881/1844 3397/1884/1842 3409/1894/1854
f 3399/1881/1844 3409/1894/1854 3410/1893/1855
f 3381/1880/1826 3399/1881/1844 3410/1893/1855
f 3381/1880/1826 3410/1893/1855 3401/1892/1846
f 3402/1893/1847 3401/1892/1846 3411/1898/1856
f 3402/1893/1847 3411/1898/1856 3412/1899/1857
f 3403/1894/1848 3402/1893/1847 3412/1899/1857
f 3403/1894/1848 3412/1899/1857 3413/1900/1858
f 3404/1895/1849 3403/1894/1848 3413/1900/1858
f 3404/1895/1849 3413/1900/1858 3414/1901/1859
f 3405/1896/1850 3404/1895/1849 3414/1901/1859
f 3405/1896/1850 3414/1901/1859 3415/1902/1860
f 3406/1897/1851 3405/1896/1850 3415/1902/1860
f 3406/1897/1851 3415/1902/1860 3416/1903/1861
f 3407/1896/1852 3406/1897/1851 3416/1903/1861
f 3407/1896/1852 3416/1903/1861 3417/1902/1862
f 3408/1895/1853 3407/1896/1852 3417/1902/1862
f 3408/1895/1853 3417/1902/1862 3418/1901/1863
f 3409/1894/1854 3408/1895/1853 3418/1901/1863
f 3409/1894/1854 3418/1901/1863 3419/1900/1864
f 3410/1893/1855 3409/1894/1854 3419/1900/1864
f 3410/1893/1855 3419/1900/1864 3420/1899/1865
f 3401/1892/1846 3410/1893/1855 3420/1899/1865
f 3401/1892/1846 3420/1899/1865 3411/1898/1856
f 922/534/141 3421/553/141 923/535/141
f 3422/553/1866 3423/1904/1867 3424/1905/1866
f 3422/553/1866 3424/1905/1866 3425/535/1868
f 3426/1904/1869 3427/537/1870 3428/540/1871
f 3426/1904/1869 3428/540/1871 3429/1905/1872
f 3430/538/1873 3431/1906/1874 3432/1907/1875
f 3430/538/1873 3432/1907/1875 3433/539/1876
f 3434/1906/1877 3435/1908/1878 3436/1909/1877
f 3434/1906/1877 3436/1909/1877 3437/1907/1879
f 935/547/1880 937/549/1880 938/550/1880
f 3438/1836/1881 3439/1837/1882 3440/1838/1883
f 3438/1836/1881 3440/1838/1883 3441/1839/1884
f 3439/1837/1882 3442/1840/1885 3443/1841/1886
f 3439/1837/1882 3443/1841/1886 3440/1838/1883
f 3442/1840/1885 3444/1842/1887 3445/1843/1888
f 3442/1840/1885 3445/1843/1888 3443/1841/1886
f 3444/1842/1887 3446/1844/1889 3447/1845/1890
f 3444/1842/1887 3447/1845/1890 3445/1843/1888
f 3446/1844/1889 3448/1846/1891 3449/1847/1892
f 3446/1844/1889 3449/1847/1892 3447/1845/1890
f 3448/1846/1891 3450/1848/1893 3451/1849/1894
f 3448/1846/1891 3451/1849/1894 3449/1847/1892
f 3450/1848/1893 3452/1850/1895 3453/1851/1896
f 3450/1848/1893 3453/1851/1896 3451/1849/1894
f 3452/1850/1895 3454/1852/1897 3455/1853/1898
f 3452/1850/1895 3455/1853/1898 3453/1851/1896
f 3454/1852/1897 3456/1854/1899 3457/1855/1900
f 3454/1852/1897 3457/1855/1900 3455/1853/1898
f 3458/1856/1899 3438/1836/1881 3441/1839/1884
f 3458/1856/1899 3441/1839/1884 3459/1857/1900
f 951/524/4 957/525/4 952/526/4
f 956/530/4 955/529/4 3460/531/4
f 3461/1858/1901 3462/1859/1902 3463/1860/1903
f 3461/1858/1901 3463/1860/1903 3464/1861/1904
f 3462/1859/1902 3465/1862/1905 3466/1863/1906
f 3462/1859/1902 3466/1863/1906 3463/1860/1903
f 3465/1862/1905 3467/1864/1907 3468/1865/1908
f 3465/1862/1905 3468/1865/1908 3466/1863/1906
f 3467/1864/1907 3469/1866/1909 3470/1867/1910
f 3467/1864/1907 3470/1867/1910 3468/1865/1908
f 3469/1866/1909 3471/1868/1911 3472/1869/1912
f 3469/1866/1909 3472/1869/1912 3470/1867/1910
f 3471/1868/1911 3473/1870/1913 3474/1871/1914
f 3471/1868/1911 3474/1871/1914 3472/1869/1912
f 3473/1870/1913 3475/1872/1915 3476/1873/1916
f 3473/1870/1913 3476/1873/1916 3474/1871/1914
f 3475/1872/1915 3477/1874/1917 3478/1875/1918
f 3475/1872/1915 3478/1875/1918 3476/1873/1916
f 3477/1874/1917 3479/1876/1919 3480/1877/1920
f 3477/1874/1917 3480/1877/1920 3478/1875/1918
f 3479/1876/1919 3481/1878/1901 3482/1879/1904
f 3479/1876/1919 3482/1879/1904 3480/1877/1920
f 3483/1880/1921 3484/1881/1922 3485/1882/1923
f 3483/1880/1921 3485/1882/1923 3486/1883/1924
f 3484/1881/1922 3487/1884/1925 3488/1885/1926
f 3484/1881/1922 3488/1885/1926 3485/1882/1923
f 3487/1884/1925 3489/1886/1927 3490/1887/1928
f 3487/1884/1925 3490/1887/1928 3488/1885/1926
f 3489/1886/1927 3491/1888/1929 3492/1889/1930
f 3489/1886/1927 3492/1889/1930 3490/1887/1928
f 3491/1888/1929 3493/1890/1931 3494/1891/1932
f 3491/1888/1929 3494/1891/1932 3492/1889/1930
f 3493/1890/1931 3495/1888/1933 3496/1889/1934
f 3493/1890/1931 3496/1889/1934 3494/1891/1932
f 3495/1888/1933 3497/1886/1935 3498/1887/1936
f 3495/1888/1933 3498/1887/1936 3496/1889/1934
f 3497/1886/1935 3499/1884/1937 3500/1885/1938
f 3497/1886/1935 3500/1885/1938 3498/1887/1936
f 3499/1884/1937 3501/1881/1939 3502/1882/1940
f 3499/1884/1937 3502/1882/1940 3500/1885/1938
f 3501/1881/1939 3483/1880/1921 3486/1883/1924
f 3501/1881/1939 3486/1883/1924 3502/1882/1940
f 3484/1881/1922 3483/1880/1921 3503/1892/1941
f 3484/1881/1922 3503/1892/1941 3504/1893/1942
f 3487/1884/1925 3484/1881/1922 3504/1893/1942
f 3487/1884/1925 3504/1893/1942 3505/1894/1943
f 3489/1886/1927 3487/1884/1925 3505/1894/1943
f 3489/1886/1927 3505/1894/1943 3506/1895/1944
f 3491/1888/1929 3489/1886/1927 3506/1895/1944
f 3491/1888/1929 3506/1895/1944 3507/1896/1945
f 3493/1890/1931 3491/1888/1929 3507/1896/1945
f 3493/1890/1931 3507/1896/1945 3508/1897/1946
f 3495/1888/1933 3493/1890/1931 3508/1897/1946
f 3495/1888/1933 3508/1897/1946 3509/1896/1947
f 3497/1886/1935 3495/1888/1933 3509/1896/1947
f 3497/1886/1935 3509/1896/1947 3510/1895/1948
f 3499/1884/1937 3497/1886/1935 3510/1895/1948
f 3499/1884/1937 3510/1895/1948 3511/1894/1949
f 3501/1881/1939 3499/1884/1937 3511/1894/1949
f 3501/1881/1939 3511/1894/1949 3512/1893/1950
f 3483/1880/1921 3501/1881/1939 3512/1893/1950
f 3483/1880/1921 3512/1893/1950 3503/1892/1941
f 3504/1893/1942 3503/1892/1941 3513/1898/1951
f 3504/1893/1942 3513/1898/1951 3514/1899/1952
f 3505/1894/1943 3504/1893/1942 3514/1899/1952
f 3505/1894/1943 3514/1899/1952 3515/1900/1953
f 3506/1895/1944 3505/1894/1943 3515/1900/1953
f 3506/1895/1944 3515/1900/1953 3516/1901/1954
f 3507/1896/1945 3506/1895/1944 3516/1901/1954
f 3507/1896/1945 3516/1901/1954 3517/1902/1955
f 3508/1897/1946 3507/1896/1945 3517/1902/1955
f 3508/1897/1946 3517/1902/1955 3518/1903/1956
f 3509/1896/1947 3508/1897/1946 3518/1903/1956
f 3509/1896/1947 3518/1903/1956 3519/1902/1957
f 3510/1895/1948 3509/1896/1947 3519/1902/1957
f 3510/1895/1948 3519/1902/1957 3520/1901/1958
f 3511/1894/1949 3510/1895/1948 3520/1901/1958
f 3511/1894/1949 3520/1901/1958 3521/1900/1959
f 3512/1893/1950 3511/1894/1949 3521/1900/1959
f 3512/1893/1950 3521/1900/1959 3522/1899/1960
f 3503/1892/1941 3512/1893/1950 3522/1899/1960
f 3503/1892/1941 3522/1899/1960 3513/1898/1951
f 3523/553/1961 3524/1904/1962 3525/1905/1961
f 3523/553/1961 3525/1905/1961 3526/535/1963
f 3527/1904/1964 3528/537/1965 3529/540/1966
f 3527/1904/1964 3529/540/1966 3530/1905/1967
f 3531/538/1968 3532/1906/1969 3533/1907/1970
f 3531/538/1968 3533/1907/1970 3534/539/1971
f 3535/1906/1972 3536/1908/1973 3537/1909/1972
f 3535/1906/1972 3537/1909/1972 3538/1907/1974
f 972/545/149 3539/546/149 971/544/149
f 973/547/150 3540/548/150 3541/549/150
f 973/547/150 3541/549/150 974/550/150
f 973/547/150 975/551/150 3542/552/150
f 3543/1910/1975 3544/1911/1976 3545/575/1976
f 3543/1910/1975 3545/575/1976 3546/556/1977
f 3547/1912/1978 3548/1913/1979 3549/560/1980
f 3547/1912/1978 3549/560/1980 3550/559/1981
f 3548/1913/1979 3551/1914/1982 3552/562/1983
f 3548/1913/1979 3552/562/1983 3549/560/1980
f 3551/1914/1982 3553/1915/1984 3554/564/1985
f 3551/1914/1982 3554/564/1985 3552/562/1983
f 3553/1915/1984 3555/1916/1986 3556/566/1987
f 3553/1915/1984 3556/566/1987 3554/564/1985
f 3555/1916/1986 3543/1910/1975 3546/556/1977
f 3555/1916/1986 3546/556/1977 3556/566/1987
f 3557/1917/1988 3558/1918/1989 3559/1919/1990
f 3557/1917/1988 3559/1919/1990 3560/1920/1991
f 3561/1921/1992 3557/1917/1988 3560/1920/1991
f 3561/1921/1992 3560/1920/1991 3562/1922/1993
f 3563/1923/1994 3561/1921/1992 3562/1922/1993
f 3563/1923/1994 3562/1922/1993 3564/1924/1995
f 3565/1925/1996 3563/1923/1994 3564/1924/1995
f 3565/1925/1996 3564/1924/1995 3566/1926/1997
f 3567/1927/1998 3568/1928/1999 3569/1929/2000
f 3567/1927/1998 3569/1929/2000 3570/1930/2001
f 3558/1918/1989 3567/1927/1998 3570/1930/2001
f 3558/1918/1989 3570/1930/2001 3559/1919/1990
f 976/554/2 978/556/2 3571/575/2
f 3560/1920/1991 3559/1919/1990 3572/1931/2002
f 3560/1920/1991 3572/1931/2002 3573/1932/2003
f 3562/1922/1993 3560/1920/1991 3573/1932/2003
f 3562/1922/1993 3573/1932/2003 3574/1933/2004
f 3564/1924/1995 3562/1922/1993 3574/1933/2004
f 3564/1924/1995 3574/1933/2004 3575/1934/2005
f 3566/1926/1997 3564/1924/1995 3575/1934/2005
f 3566/1926/1997 3575/1934/2005 3576/1935/2006
f 3577/1936/2007 3578/1937/2008 3579/1938/2009
f 3577/1936/2007 3579/1938/2009 3580/1939/2010
f 3569/1929/2000 3577/1936/2007 3580/1939/2010
f 3569/1929/2000 3580/1939/2010 3581/1940/2011
f 3570/1930/2001 3569/1929/2000 3581/1940/2011
f 3570/1930/2001 3581/1940/2011 3582/1941/2012
f 3559/1919/1990 3570/1930/2001 3582/1941/2012
f 3559/1919/1990 3582/1941/2012 3572/1931/2002
f 3583/1942/2013 3584/573/2014 3585/562/2015
f 3583/1942/2013 3585/562/2015 3586/1914/2015
f 3587/1943/2016 3588/1944/2017 3589/576/2018
f 3587/1943/2016 3589/576/2018 3590/1945/2019
f 3590/1945/2019 3589/576/2018 3591/575/2020
f 3590/1945/2019 3591/575/2020 3592/1911/2021
f 3592/1911/2021 3591/575/2020 3593/556/2022
f 3592/1911/2021 3593/556/2022 3594/1910/2023
f 3594/1910/2023 3593/556/2022 3595/566/2024
f 3594/1910/2023 3595/566/2024 3596/1916/2025
f 3596/1916/2025 3595/566/2024 3584/573/2014
f 3596/1916/2025 3584/573/2014 3583/1942/2013
f 3597/1946/2026 3598/1930/2027 3599/1919/2028
f 3597/1946/2026 3599/1919/2028 3600/1918/2029
f 3601/1928/2030 3602/1947/2031 3598/1930/2027
f 3601/1928/2030 3598/1930/2027 3597/1946/2026
f 3603/1948/2032 3604/1936/2033 3602/1947/2031
f 3603/1948/2032 3602/1947/2031 3601/1928/2030
f 3605/1949/2034 3606/1950/2035 3604/1936/2033
f 3605/1949/2034 3604/1936/2033 3603/1948/2032
f 3607/1923/2036 3608/1924/2037 3609/1926/2038
f 3607/1923/2036 3609/1926/2038 3610/1925/2039
f 3611/1921/2040 3612/1922/2041 3608/1924/2037
f 3611/1921/2040 3608/1924/2037 3607/1923/2036
f 3613/1917/2042 3614/1920/2043 3612/1922/2041
f 3613/1917/2042 3612/1922/2041 3611/1921/2040
f 3600/1918/2029 3599/1919/2028 3614/1920/2043
f 3600/1918/2029 3614/1920/2043 3613/1917/2042
f 995/561/2 3615/562/2044 996/573/2
f 3616/557/2045 3617/560/2046 3615/562/2044
f 3616/557/2045 3615/562/2044 995/561/2
f 3618/1951/2047 3619/1952/2 3617/560/2046
f 3618/1951/2047 3617/560/2046 3616/557/2045
f 1001/577/2 1000/576/2 3620/1944/2048
f 1001/577/2 3620/1944/2048 3621/1953/2
f 3598/1930/2027 3622/1941/2049 3623/1931/2050
f 3598/1930/2027 3623/1931/2050 3599/1919/2028
f 3602/1947/2031 3624/1940/2051 3622/1941/2049
f 3602/1947/2031 3622/1941/2049 3598/1930/2027
f 3604/1936/2033 3625/1939/2052 3624/1940/2051
f 3604/1936/2033 3624/1940/2051 3602/1947/2031
f 3606/1950/2035 3626/1954/2053 3625/1939/2052
f 3606/1950/2035 3625/1939/2052 3604/1936/2033
f 3608/1924/2037 3627/1934/2054 3628/1935/2055
f 3608/1924/2037 3628/1935/2055 3609/1926/2038
f 3612/1922/2041 3629/1933/2056 3627/1934/2054
f 3612/1922/2041 3627/1934/2054 3608/1924/2037
f 3614/1920/2043 3630/1932/2057 3629/1933/2056
f 3614/1920/2043 3629/1933/2056 3612/1922/2041
f 3599/1919/2028 3623/1931/2050 3630/1932/2057
f 3599/1919/2028 3630/1932/2057 3614/1920/2043
f 3631/1955/2058 3632/1954/2058 3633/1950/2059
f 3631/1955/2058 3633/1950/2059 3634/1956/2060
f 3635/1957/2061 3633/1950/2062 3636/1949/815
f 3635/1957/2061 3636/1949/815 3637/1958/815
f 3638/578/2063 3639/1959/2064 3640/1960/2065
f 3638/578/2063 3640/1960/2065 3641/579/2048
f 3642/1961/1975 3643/1962/2066 3644/1963/2067
f 3642/1961/1975 3644/1963/2067 3645/584/2068
f 3643/1962/2066 3646/1964/2069 3647/1965/2070
f 3643/1962/2066 3647/1965/2070 3644/1963/2067
f 3646/1964/2069 3648/580/2071 3649/579/2072
f 3646/1964/2069 3649/579/2072 3647/1965/2070
f 3650/1966/2073 3651/1967/1979 3652/588/1980
f 3650/1966/2073 3652/588/1980 3653/587/1981
f 3651/1967/1979 3654/1968/1982 3655/591/1983
f 3651/1967/1979 3655/591/1983 3652/588/1980
f 3654/1968/1982 3656/1969/1984 3657/592/1985
f 3654/1968/1982 3657/592/1985 3655/591/1983
f 3656/1969/1984 3658/1970/1986 3659/594/1987
f 3656/1969/1984 3659/594/1987 3657/592/1985
f 3658/1970/1986 3642/1961/1975 3645/584/2068
f 3658/1970/1986 3645/584/2068 3659/594/1987
f 3660/1971/1988 3661/1972/1989 3662/1973/1990
f 3660/1971/1988 3662/1973/1990 3663/1974/1991
f 3664/1975/1992 3660/1971/1988 3663/1974/1991
f 3664/1975/1992 3663/1974/1991 3665/1976/1993
f 3666/1977/1994 3664/1975/1992 3665/1976/1993
f 3666/1977/1994 3665/1976/1993 3667/1978/1995
f 3668/1979/2074 3666/1977/1994 3667/1978/1995
f 3668/1979/2074 3667/1978/1995 3669/1980/1997
f 3670/1981/2075 3671/1982/2076 3672/1983/2077
f 3670/1981/2075 3672/1983/2077 3673/1984/2078
f 3674/1985/2079 3670/1981/2075 3673/1984/2078
f 3674/1985/2079 3673/1984/2078 3675/1986/2080
f 3676/1987/1998 3674/1985/2079 3675/1986/2080
f 3676/1987/1998 3675/1986/2080 3677/1988/2001
f 3661/1972/1989 3676/1987/1998 3677/1988/2001
f 3661/1972/1989 3677/1988/2001 3662/1973/1990
f 1016/582/2 1018/584/2 3678/1963/2081
f 3679/1989/2082 1016/582/2 3678/1963/2081
f 3679/1989/2082 3678/1963/2081 3680/1965/2083
f 3681/1960/2084 3679/1989/2082 3680/1965/2083
f 3681/1960/2084 3680/1965/2083 3682/579/2
f 1023/589/2 1022/588/2 1025/591/2
f 3663/1974/1991 3662/1973/1990 3683/1990/2002
f 3663/1974/1991 3683/1990/2002 3684/1991/2003
f 3665/1976/1993 3663/1974/1991 3684/1991/2003
f 3665/1976/1993 3684/1991/2003 3685/1992/2004
f 3667/1978/1995 3665/1976/1993 3685/1992/2004
f 3667/1978/1995 3685/1992/2004 3686/1993/2005
f 3669/1980/1997 3667/1978/1995 3686/1993/2005
f 3669/1980/1997 3686/1993/2005 3687/1994/2006
f 3673/1984/2078 3672/1983/2077 3688/1995/2009
f 3673/1984/2078 3688/1995/2009 3689/1996/2010
f 3675/1986/2080 3673/1984/2078 3689/1996/2010
f 3675/1986/2080 3689/1996/2010 3690/1997/2011
f 3677/1988/2001 3675/1986/2080 3690/1997/2011
f 3677/1988/2001 3690/1997/2011 3691/1998/2012
f 3662/1973/1990 3677/1988/2001 3691/1998/2012
f 3662/1973/1990 3691/1998/2012 3683/1990/2002
f 1033/599/2 1030/596/2 1034/600/2
f 3692/1999/2085 3693/2000/2086 3694/2001/2087
f 3692/1999/2085 3694/2001/2087 3695/2002/2088
f 3696/2003/2089 3697/2004/2090 3698/2005/2091
f 3696/2003/2089 3698/2005/2091 3699/2006/2092
f 3698/2005/2091 3697/2004/2090 3700/2007/2093
f 3698/2005/2091 3700/2007/2093 3701/2008/2094
f 3694/2001/2087 3693/2000/2086 3702/2003/2095
f 3694/2001/2087 3702/2003/2095 3703/2006/2096
f 3695/2002/2088 3694/2001/2087 3704/2009/2097
f 3695/2002/2088 3704/2009/2097 3705/2010/2098
f 3694/2001/2087 3703/2006/2096 3706/2011/2099
f 3694/2001/2087 3706/2011/2099 3704/2009/2097
f 3699/2006/2092 3698/2005/2091 3707/2012/2100
f 3699/2006/2092 3707/2012/2100 3708/2011/2101
f 3698/2005/2091 3701/2008/2094 3709/2013/2102
f 3698/2005/2091 3709/2013/2102 3707/2012/2100
f 3693/2000/2086 3692/1999/2085 3710/2014/2103
f 3693/2000/2086 3710/2014/2103 3711/2015/2104
f 3700/2007/2093 3697/2004/2090 3712/2016/2105
f 3700/2007/2093 3712/2016/2105 3713/2017/2106
f 3697/2004/2090 3696/2003/2089 3714/2018/2107
f 3697/2004/2090 3714/2018/2107 3712/2016/2105
f 3702/2003/2095 3693/2000/2086 3711/2015/2104
f 3702/2003/2095 3711/2015/2104 3715/2018/2108
f 3716/1999/2109 3717/2000/2110 3718/2001/2111
f 3716/1999/2109 3718/2001/2111 3719/2002/2112
f 3720/2019/2113 3721/2020/2114 3722/2021/2115
f 3720/2019/2113 3722/2021/2115 3723/2022/2116
f 3724/2003/2089 3725/2004/2090 3726/2005/2091
f 3724/2003/2089 3726/2005/2091 3727/2006/2092
f 3726/2005/2091 3725/2004/2090 3728/2007/2093
f 3726/2005/2091 3728/2007/2093 3729/2008/2094
f 3722/2021/2115 3721/2020/2114 3730/2008/2117
f 3722/2021/2115 3730/2008/2117 3731/2007/2118
f 3718/2001/2111 3717/2000/2110 3732/2003/2095
f 3718/2001/2111 3732/2003/2095 3733/2006/2096
f 3719/2002/2112 3718/2001/2111 3734/2009/2119
f 3719/2002/2112 3734/2009/2119 3735/2010/2120
f 3721/2020/2114 3720/2019/2113 3736/2023/2121
f 3721/2020/2114 3736/2023/2121 3737/2024/2122
f 3718/2001/2111 3733/2006/2096 3738/2011/2099
f 3718/2001/2111 3738/2011/2099 3734/2009/2119
f 3727/2006/2092 3726/2005/2091 3739/2012/2100
f 3727/2006/2092 3739/2012/2100 3740/2011/2101
f 3726/2005/2091 3729/2008/2094 3741/2013/2102
f 3726/2005/2091 3741/2013/2102 3739/2012/2100
f 3730/2008/2117 3721/2020/2114 3737/2024/2122
f 3730/2008/2117 3737/2024/2122 3742/2013/2123
f 3717/2000/2110 3716/1999/2109 3743/2014/2124
f 3717/2000/2110 3743/2014/2124 3744/2015/2125
f 3723/2022/2116 3722/2021/2115 3745/2025/2126
f 3723/2022/2116 3745/2025/2126 3746/2026/2127
f 3722/2021/2115 3731/2007/2118 3747/2017/2128
f 3722/2021/2115 3747/2017/2128 3745/2025/2126
f 3728/2007/2093 3725/2004/2090 3748/2016/2105
f 3728/2007/2093 3748/2016/2105 3749/2017/2106
f 3725/2004/2090 3724/2003/2089 3750/2018/2107
f 3725/2004/2090 3750/2018/2107 3748/2016/2105
f 3732/2003/2095 3717/2000/2110 3744/2015/2125
f 3732/2003/2095 3744/2015/2125 3751/2018/2108
f 3752/2027/6 3753/2028/2129 3754/2029/2130
f 3752/2027/6 3754/2029/2130 3755/2030/6
f 3756/2031/2131 3752/2027/6 3755/2030/6
f 3756/2031/2131 3755/2030/6 3757/2032/2132
f 3758/2033/2133 3759/2034/2133 3754/2029/2130
f 3758/2033/2133 3754/2029/2130 3753/2028/2129
f 3756/2031/2131 3757/2032/2132 3760/2035/2134
f 3756/2031/2131 3760/2035/2134 3761/2036/2134
f 3762/1999/2135 3763/2002/2136 3764/2001/2137
f 3762/1999/2135 3764/2001/2137 3765/2000/2138
f 3766/2003/2139 3767/2006/2140 3768/2005/2141
f 3766/2003/2139 3768/2005/2141 3769/2004/2142
f 1048/602/2 59/33/2 57/32/2
f 3768/2005/2141 3770/2008/2143 3771/2007/2144
f 3768/2005/2141 3771/2007/2144 3769/2004/2142
f 3764/2001/2137 3772/2006/2145 3773/2003/2146
f 3764/2001/2137 3773/2003/2146 3765/2000/2138
f 3763/2002/2136 3774/2010/2147 3775/2009/2148
f 3763/2002/2136 3775/2009/2148 3764/2001/2137
f 3764/2001/2137 3775/2009/2148 3776/2011/2149
f 3764/2001/2137 3776/2011/2149 3772/2006/2145
f 3767/2006/2140 3777/2011/2150 3778/2012/2151
f 3767/2006/2140 3778/2012/2151 3768/2005/2141
f 3768/2005/2141 3778/2012/2151 3779/2013/2152
f 3768/2005/2141 3779/2013/2152 3770/2008/2143
f 3765/2000/2138 3780/2015/2153 3781/2014/2154
f 3765/2000/2138 3781/2014/2154 3762/1999/2135
f 3771/2007/2144 3782/2017/2155 3783/2016/2156
f 3771/2007/2144 3783/2016/2156 3769/2004/2142
f 3769/2004/2142 3783/2016/2156 3784/2018/2157
f 3769/2004/2142 3784/2018/2157 3766/2003/2139
f 3773/2003/2146 3785/2018/2158 3780/2015/2153
f 3773/2003/2146 3780/2015/2153 3765/2000/2138
f 3786/2037/5 3787/2030/5 3788/2038/2159
f 3786/2037/5 3788/2038/2159 3789/2039/2160
f 3790/2040/2161 3791/2032/2162 3787/2030/5
f 3790/2040/2161 3787/2030/5 3786/2037/5
f 3792/2041/2163 3789/2039/2160 3788/2038/2159
f 3792/2041/2163 3788/2038/2159 3793/2042/2163
f 3790/2040/2161 3794/2036/2164 3795/2035/2164
f 3790/2040/2161 3795/2035/2164 3791/2032/2162
f 3796/620/2165 3797/2043/2166 3798/2044/2167
f 3796/620/2165 3798/2044/2167 3799/621/2165
f 3797/2043/2166 3800/623/2168 3801/626/2168
f 3797/2043/2166 3801/626/2168 3798/2044/2167
f 3802/2045/2169 3803/2046/2170 3804/2047/2171
f 3802/2045/2169 3804/2047/2171 3805/2048/2172
f 3805/2048/2172 3804/2047/2171 3806/2049/2173
f 3805/2048/2172 3806/2049/2173 3807/2050/2174
f 3807/2050/2174 3806/2049/2173 3808/2051/2175
f 3807/2050/2174 3808/2051/2175 3809/2052/2176
f 3810/2053/2177 3811/2054/2178 3812/2055/2179
f 3810/2053/2177 3812/2055/2179 3813/2056/2180
f 3811/2054/2178 3814/2057/2181 3815/2058/2182
f 3811/2054/2178 3815/2058/2182 3812/2055/2179
f 3814/2057/2181 3816/2059/2183 3817/2060/2184
f 3814/2057/2181 3817/2060/2184 3815/2058/2182
f 3818/2061/2185 3819/2062/2186 3820/2063/2187
f 3818/2061/2185 3820/2063/2187 3821/2064/2185
f 3822/2065/2188 3823/2066/2189 3824/2067/2189
f 3822/2065/2188 3824/2067/2189 3825/2068/2190
f 3819/2062/2186 3826/2069/2191 3827/2070/2192
f 3819/2062/2186 3827/2070/2192 3820/2063/2187
f 3828/2071/2193 3822/2065/2188 3825/2068/2190
f 3828/2071/2193 3825/2068/2190 3829/2072/2194
f 3826/2069/2191 3830/2073/2195 3831/2074/2195
f 3826/2069/2191 3831/2074/2195 3827/2070/2192
f 3832/2075/2196 3828/2071/2193 3829/2072/2194
f 3832/2075/2196 3829/2072/2194 3833/2076/2196
f 3834/632/2197 3835/631/2198 3836/634/2199
f 3834/632/2197 3836/634/2199 3837/633/2197
f 3838/2077/2200 3839/2078/2201 3840/2079/4
f 3838/2077/2200 3840/2079/4 3841/2080/2200
f 3835/631/2198 3842/640/2202 3843/639/2202
f 3835/631/2198 3843/639/2202 3836/634/2199
f 3840/2079/4 3839/2078/2201 3844/2081/2203
f 3840/2079/4 3844/2081/2203 3845/2082/2203
f 3846/620/2165 3847/2043/2166 3848/2044/2167
f 3846/620/2165 3848/2044/2167 3849/621/2165
f 3847/2043/2166 3850/623/2168 3851/626/2168
f 3847/2043/2166 3851/626/2168 3848/2044/2167
f 3852/2045/2204 3853/2046/2170 3854/2047/2171
f 3852/2045/2204 3854/2047/2171 3855/2048/2172
f 3855/2048/2172 3854/2047/2171 3856/2049/2205
f 3855/2048/2172 3856/2049/2205 3857/2050/2174
f 3857/2050/2174 3856/2049/2205 3858/2051/2175
f 3857/2050/2174 3858/2051/2175 3859/2052/2176
f 3860/2053/2177 3861/2054/2178 3862/2055/2179
f 3860/2053/2177 3862/2055/2179 3863/2083/2206
f 3861/2054/2178 3864/2057/2181 3865/2058/2207
f 3861/2054/2178 3865/2058/2207 3862/2055/2179
f 3864/2057/2181 3866/2059/2183 3867/2060/2184
f 3864/2057/2181 3867/2060/2184 3865/2058/2207
f 3868/2061/2185 3869/2062/2186 3870/2063/2187
f 3868/2061/2185 3870/2063/2187 3871/2064/2185
f 3872/2065/2188 3873/2066/2189 3874/2067/2189
f 3872/2065/2188 3874/2067/2189 3875/2068/2190
f 3869/2062/2186 3876/2069/2191 3877/2084/2192
f 3869/2062/2186 3877/2084/2192 3870/2063/2187
f 3878/2071/2193 3872/2065/2188 3875/2068/2190
f 3878/2071/2193 3875/2068/2190 3879/2085/2194
f 3876/2069/2191 3880/2073/2195 3881/2074/2195
f 3876/2069/2191 3881/2074/2195 3877/2084/2192
f 3882/2075/2196 3878/2071/2193 3879/2085/2194
f 3882/2075/2196 3879/2085/2194 3883/2076/2196
f 80/42/5 1125/618/5 3884/612/5
f 82/42/6 3885/612/6 1130/618/6
f 3886/620/2208 3887/2043/2209 3888/2044/2210
f 3886/620/2208 3888/2044/2210 3889/621/2208
f 3887/2043/2209 3890/623/2211 3891/626/2211
f 3887/2043/2209 3891/626/2211 3888/2044/2210
f 3892/2053/2212 3893/2056/2213 3894/2055/2214
f 3892/2053/2212 3894/2055/2214 3895/2054/2215
f 3895/2054/2215 3894/2055/2214 3896/2058/2216
f 3895/2054/2215 3896/2058/2216 3897/2057/2217
f 3897/2057/2217 3896/2058/2216 3898/2060/2218
f 3897/2057/2217 3898/2060/2218 3899/2059/2219
f 3900/2053/2220 3901/2054/2221 3902/2055/2222
f 3900/2053/2220 3902/2055/2222 3903/2056/2223
f 3901/2054/2221 3904/2057/2224 3905/2058/2225
f 3901/2054/2221 3905/2058/2225 3902/2055/2222
f 3904/2057/2224 3906/2059/2226 3907/2060/2227
f 3904/2057/2224 3907/2060/2227 3905/2058/2225
f 3908/2061/2228 3909/2062/2229 3910/2063/2230
f 3908/2061/2228 3910/2063/2230 3911/2064/2228
f 3912/2065/2231 3913/2066/2232 3914/2067/2232
f 3912/2065/2231 3914/2067/2232 3915/2068/2233
f 3909/2062/2229 3916/2069/2234 3917/2084/2235
f 3909/2062/2229 3917/2084/2235 3910/2063/2230
f 3918/2071/2236 3912/2065/2231 3915/2068/2233
f 3918/2071/2236 3915/2068/2233 3919/2085/2237
f 3916/2069/2234 3920/2073/2238 3921/2074/2238
f 3916/2069/2234 3921/2074/2238 3917/2084/2235
f 3922/2075/2239 3918/2071/2236 3919/2085/2237
f 3922/2075/2239 3919/2085/2237 3923/2076/2239
f 3924/632/2240 3925/631/2241 3926/634/2242
f 3924/632/2240 3926/634/2242 3927/633/2240
f 3928/2077/2243 3929/2078/2201 3930/2079/2244
f 3928/2077/2243 3930/2079/2244 3931/2080/2243
f 3925/631/2241 3932/640/2245 3933/639/2245
f 3925/631/2241 3933/639/2245 3926/634/2242
f 3930/2079/2244 3929/2078/2201 3934/2081/2246
f 3930/2079/2244 3934/2081/2246 3935/2082/2246
f 86/42/5 1167/618/5 3936/612/5
f 88/42/6 3937/612/6 1172/618/6
f 3938/620/2208 3939/2043/2247 3940/2044/2210
f 3938/620/2208 3940/2044/2210 3941/621/2208
f 3942/646/154 3943/620/154 3944/621/154
f 3942/646/154 3944/621/154 3945/645/154
f 3939/2043/2247 3946/623/2211 3947/626/2211
f 3939/2043/2247 3947/626/2211 3940/2044/2210
f 3948/2053/2212 3949/2056/2213 3950/2055/2248
f 3948/2053/2212 3950/2055/2248 3951/2054/2249
f 3951/2054/2249 3950/2055/2248 3952/2058/2250
f 3951/2054/2249 3952/2058/2250 3953/2057/2217
f 3953/2057/2217 3952/2058/2250 3954/2060/2218
f 3953/2057/2217 3954/2060/2218 3955/2059/2219
f 3956/2053/2220 3957/2054/2251 3958/2055/2252
f 3956/2053/2220 3958/2055/2252 3959/2056/2223
f 3957/2054/2251 3960/2057/2224 3961/2058/2253
f 3957/2054/2251 3961/2058/2253 3958/2055/2252
f 3960/2057/2224 3962/2059/2254 3963/2060/2255
f 3960/2057/2224 3963/2060/2255 3961/2058/2253
f 3964/2061/2228 3965/2062/2229 3966/2063/2230
f 3964/2061/2228 3966/2063/2230 3967/2064/2228
f 3968/2065/2231 3969/2066/2232 3970/2067/2232
f 3968/2065/2231 3970/2067/2232 3971/2068/2233
f 3965/2062/2229 3972/2069/2234 3973/2084/2235
f 3965/2062/2229 3973/2084/2235 3966/2063/2230
f 3974/2071/2236 3968/2065/2231 3971/2068/2233
f 3974/2071/2236 3971/2068/2233 3975/2085/2237
f 3972/2069/2234 3976/2073/2238 3977/2074/2238
f 3972/2069/2234 3977/2074/2238 3973/2084/2235
f 3978/2075/2239 3974/2071/2236 3975/2085/2237
f 3978/2075/2239 3975/2085/2237 3979/2076/2239
f 3980/2086/2256 3981/2087/2257 3982/2088/2258
f 3980/2086/2256 3982/2088/2258 3983/2089/2259
f 3981/2087/2257 3984/2090/2260 3985/2091/2261
f 3981/2087/2257 3985/2091/2261 3982/2088/2258
f 3984/2090/2260 3986/2092/2262 3987/2093/2263
f 3984/2090/2260 3987/2093/2263 3985/2091/2261
f 3986/2092/2262 3988/2094/2264 3989/2095/2265
f 3986/2092/2262 3989/2095/2265 3987/2093/2263
f 3988/2094/2264 3990/2096/2266 3991/2097/2267
f 3988/2094/2264 3991/2097/2267 3989/2095/2265
f 3992/2098/2266 3993/2099/2268 3994/2100/2269
f 3992/2098/2266 3994/2100/2269 3995/2101/2270
f 3993/2099/2268 3996/2102/2271 3997/2103/2272
f 3993/2099/2268 3997/2103/2272 3994/2100/2269
f 3996/2102/2271 3998/2104/2273 3999/2105/2274
f 3996/2102/2271 3999/2105/2274 3997/2103/2272
f 3998/2104/2273 4000/2106/2275 4001/2107/2276
f 3998/2104/2273 4001/2107/2276 3999/2105/2274
f 4000/2106/2275 3980/2086/2256 3983/2089/2259
f 4000/2106/2275 3983/2089/2259 4001/2107/2276
f 3997/2103/2272 3999/2105/2274 4002/2108/2277
f 3997/2103/2272 4002/2108/2277 4003/2109/2278
f 3994/2100/2269 3997/2103/2272 4003/2109/2278
f 3994/2100/2269 4003/2109/2278 4004/2110/2279
f 3995/2101/2270 3994/2100/2269 4004/2110/2279
f 3995/2101/2270 4004/2110/2279 4005/2111/2280
f 3989/2095/2265 3991/2097/2267 4006/2112/2280
f 3989/2095/2265 4006/2112/2280 4007/2113/2281
f 3987/2093/2263 3989/2095/2265 4007/2113/2281
f 3987/2093/2263 4007/2113/2281 4008/2114/2282
f 3985/2091/2261 3987/2093/2263 4008/2114/2282
f 3985/2091/2261 4008/2114/2282 4009/2115/2283
f 3982/2088/2258 3985/2091/2261 4009/2115/2283
f 3982/2088/2258 4009/2115/2283 4010/2116/2284
f 3983/2089/2259 3982/2088/2258 4010/2116/2284
f 3983/2089/2259 4010/2116/2284 4011/2117/2285
f 4001/2107/2276 3983/2089/2259 4011/2117/2285
f 4001/2107/2276 4011/2117/2285 4012/2118/2286
f 3999/2105/2274 4001/2107/2276 4012/2118/2286
f 3999/2105/2274 4012/2118/2286 4002/2108/2277
f 4013/2119/2287 4014/2120/2288 4015/2121/2289
f 4013/2119/2287 4015/2121/2289 4016/2122/2290
f 4014/2120/2288 4017/2123/2291 4018/2124/2292
f 4014/2120/2288 4018/2124/2292 4015/2121/2289
f 4017/2123/2291 4019/2125/2293 4020/2126/2294
f 4017/2123/2291 4020/2126/2294 4018/2124/2292
f 4019/2125/2293 4021/2127/2295 4022/2128/2296
f 4019/2125/2293 4022/2128/2296 4020/2126/2294
f 4021/2127/2295 4023/2129/2297 4024/2130/2298
f 4021/2127/2295 4024/2130/2298 4022/2128/2296
f 4025/2131/2297 4026/2132/2299 4027/2133/2300
f 4025/2131/2297 4027/2133/2300 4028/2134/2301
f 4026/2132/2299 4029/2135/2302 4030/2136/2303
f 4026/2132/2299 4030/2136/2303 4027/2133/2300
f 4029/2135/2302 4031/2137/2304 4032/2138/2305
f 4029/2135/2302 4032/2138/2305 4030/2136/2303
f 4031/2137/2304 4033/2139/2306 4034/2140/2307
f 4031/2137/2304 4034/2140/2307 4032/2138/2305
f 4033/2139/2306 4013/2119/2287 4016/2122/2290
f 4033/2139/2306 4016/2122/2290 4034/2140/2307
f 4030/2136/2303 4032/2138/2305 4035/2141/2308
f 4030/2136/2303 4035/2141/2308 4036/2142/2309
f 4027/2133/2300 4030/2136/2303 4036/2142/2309
f 4027/2133/2300 4036/2142/2309 4037/2143/2310
f 4028/2134/2301 4027/2133/2300 4037/2143/2310
f 4028/2134/2301 4037/2143/2310 4038/2144/2311
f 4022/2128/2296 4024/2130/2298 4039/2145/2311
f 4022/2128/2296 4039/2145/2311 4040/2146/2312
f 4020/2126/2294 4022/2128/2296 4040/2146/2312
f 4020/2126/2294 4040/2146/2312 4041/2147/2313
f 4018/2124/2292 4020/2126/2294 4041/2147/2313
f 4018/2124/2292 4041/2147/2313 4042/2148/2314
f 4015/2121/2289 4018/2124/2292 4042/2148/2314
f 4015/2121/2289 4042/2148/2314 4043/2149/2315
f 4016/2122/2290 4015/2121/2289 4043/2149/2315
f 4016/2122/2290 4043/2149/2315 4044/2150/2316
f 4034/2140/2307 4016/2122/2290 4044/2150/2316
f 4034/2140/2307 4044/2150/2316 4045/2151/2317
f 4032/2138/2305 4034/2140/2307 4045/2151/2317
f 4032/2138/2305 4045/2151/2317 4035/2141/2308
f 4046/654/2318 4047/2152/2318 4048/658/2318
f 4046/654/2318 4048/658/2318 4049/655/2318
f 1201/664/1 1203/655/1 4050/654/1
f 4051/2153/2319 4052/2154/2320 4053/2155/2321
f 4051/2153/2319 4053/2155/2321 4054/2156/2322
f 4052/2154/2320 4055/2157/2323 4056/2158/2324
f 4052/2154/2320 4056/2158/2324 4053/2155/2321
f 4055/2157/2323 4057/2159/2325 4058/2160/2326
f 4055/2157/2323 4058/2160/2326 4056/2158/2324
f 4057/2159/2325 4059/2161/2327 4060/2162/2328
f 4057/2159/2325 4060/2162/2328 4058/2160/2326
f 4059/2161/2327 4061/2163/2329 4062/2164/2330
f 4059/2161/2327 4062/2164/2330 4060/2162/2328
f 4061/2163/2329 4063/2165/2331 4064/2166/2332
f 4061/2163/2329 4064/2166/2332 4062/2164/2330
f 4063/2165/2331 4065/2167/2333 4066/2168/2334
f 4063/2165/2331 4066/2168/2334 4064/2166/2332
f 4065/2167/2333 4067/2169/2335 4068/2170/2336
f 4065/2167/2333 4068/2170/2336 4066/2168/2334
f 4067/2169/2335 4069/2171/2337 4070/2172/2338
f 4067/2169/2335 4070/2172/2338 4068/2170/2336
f 4069/2171/2337 4071/2173/2319 4072/2174/2322
f 4069/2171/2337 4072/2174/2322 4070/2172/2338
f 4073/2175/2339 4074/2176/2340 4075/2177/2341
f 4073/2175/2339 4075/2177/2341 4076/2178/2342
f 4074/2176/2340 4077/2179/2343 4078/2180/2344
f 4074/2176/2340 4078/2180/2344 4075/2177/2341
f 4077/2179/2343 4079/2181/2345 4080/2182/2346
f 4077/2179/2343 4080/2182/2346 4078/2180/2344
f 4079/2181/2345 4081/2183/2347 4082/2184/2348
f 4079/2181/2345 4082/2184/2348 4080/2182/2346
f 4081/2183/2347 4083/2185/2349 4084/2186/2350
f 4081/2183/2347 4084/2186/2350 4082/2184/2348
f 4083/2185/2349 4085/2187/2351 4086/2188/2352
f 4083/2185/2349 4086/2188/2352 4084/2186/2350
f 4085/2187/2351 4087/2189/2353 4088/2190/2354
f 4085/2187/2351 4088/2190/2354 4086/2188/2352
f 4087/2189/2353 4089/2191/2355 4090/2192/2356
f 4087/2189/2353 4090/2192/2356 4088/2190/2354
f 4089/2191/2355 4091/2193/2357 4092/2194/2358
f 4089/2191/2355 4092/2194/2358 4090/2192/2356
f 4091/2193/2357 4093/2195/2359 4094/2196/2342
f 4091/2193/2357 4094/2196/2342 4092/2194/2358
f 4095/2178/2360 4096/2177/2361 4097/2197/2362
f 4095/2178/2360 4097/2197/2362 4098/2198/2363
f 4096/2177/2361 4099/2180/2364 4100/2199/2365
f 4096/2177/2361 4100/2199/2365 4097/2197/2362
f 4099/2180/2364 4101/2182/2366 4102/2200/2367
f 4099/2180/2364 4102/2200/2367 4100/2199/2365
f 4101/2182/2366 4103/2184/2368 4104/2201/2369
f 4101/2182/2366 4104/2201/2369 4102/2200/2367
f 4105/2184/2370 4106/2186/2371 4107/2202/2372
f 4105/2184/2370 4107/2202/2372 4108/2201/2373
f 4106/2186/2371 4109/2188/2374 4110/2203/2375
f 4106/2186/2371 4110/2203/2375 4107/2202/2372
f 4109/2188/2374 4111/2190/2376 4112/2204/2377
f 4109/2188/2374 4112/2204/2377 4110/2203/2375
f 4111/2190/2376 4113/2192/2378 4114/2205/2379
f 4111/2190/2376 4114/2205/2379 4112/2204/2377
f 4113/2192/2378 4115/2194/2380 4116/2206/2381
f 4113/2192/2378 4116/2206/2381 4114/2205/2379
f 4115/2194/2380 4117/2196/2382 4118/2207/2383
f 4115/2194/2380 4118/2207/2383 4116/2206/2381
f 4119/2208/2384 4120/2209/2385 4121/2191/2386
f 4119/2208/2384 4121/2191/2386 4122/2189/2387
f 4123/2210/2388 4119/2208/2384 4122/2189/2387
f 4123/2210/2388 4122/2189/2387 4124/2187/2389
f 4125/2211/2390 4123/2210/2388 4124/2187/2389
f 4125/2211/2390 4124/2187/2389 4126/2185/2391
f 4127/2212/2392 4125/2211/2390 4126/2185/2391
f 4127/2212/2392 4126/2185/2391 4128/2183/2393
f 4129/2213/2394 4127/2212/2392 4128/2183/2393
f 4129/2213/2394 4128/2183/2393 4130/2181/2395
f 4131/2214/2396 4129/2213/2394 4130/2181/2395
f 4131/2214/2396 4130/2181/2395 4132/2179/2397
f 4133/2215/2398 4131/2214/2396 4132/2179/2397
f 4133/2215/2398 4132/2179/2397 4134/2176/2399
f 4135/2216/2400 4133/2215/2398 4134/2176/2399
f 4135/2216/2400 4134/2176/2399 4136/2175/2401
f 4137/2217/2402 4138/2218/2403 4139/2195/2404
f 4137/2217/2402 4139/2195/2404 4140/2193/2405
f 4120/2209/2385 4137/2217/2402 4140/2193/2405
f 4120/2209/2385 4140/2193/2405 4121/2191/2386
f 4066/2168/2334 4068/2170/2336 4120/2209/2385
f 4066/2168/2334 4120/2209/2385 4119/2208/2384
f 4064/2166/2332 4066/2168/2334 4119/2208/2384
f 4064/2166/2332 4119/2208/2384 4123/2210/2388
f 4062/2164/2330 4064/2166/2332 4123/2210/2388
f 4062/2164/2330 4123/2210/2388 4125/2211/2390
f 4060/2162/2328 4062/2164/2330 4125/2211/2390
f 4060/2162/2328 4125/2211/2390 4127/2212/2392
f 4058/2160/2326 4060/2162/2328 4127/2212/2392
f 4058/2160/2326 4127/2212/2392 4129/2213/2394
f 4056/2158/2324 4058/2160/2326 4129/2213/2394
f 4056/2158/2324 4129/2213/2394 4131/2214/2396
f 4053/2155/2321 4056/2158/2324 4131/2214/2396
f 4053/2155/2321 4131/2214/2396 4133/2215/2398
f 4054/2156/2322 4053/2155/2321 4133/2215/2398
f 4054/2156/2322 4133/2215/2398 4135/2216/2400
f 4070/2172/2338 4072/2174/2322 4138/2218/2403
f 4070/2172/2338 4138/2218/2403 4137/2217/2402
f 4068/2170/2336 4070/2172/2338 4137/2217/2402
f 4068/2170/2336 4137/2217/2402 4120/2209/2385
f 4141/2219/2406 4142/2220/2406 4143/2221/2407
f 4141/2219/2406 4143/2221/2407 4144/2222/2408
f 4145/2223/2409 4146/2224/2410 4147/2225/2411
f 4145/2223/2409 4147/2225/2411 4148/2226/2411
f 4149/2220/2412 4150/2227/2413 4151/2228/2414
f 4149/2220/2412 4151/2228/2414 4152/2221/2415
f 4153/2229/2416 4154/2230/2417 4155/2231/2418
f 4153/2229/2416 4155/2231/2418 4156/2232/2419
f 4144/2222/2408 4143/2221/2407 4157/2233/2420
f 4144/2222/2408 4157/2233/2420 4158/2234/2420
f 4152/2221/2415 4151/2228/2414 4159/2235/2421
f 4152/2221/2415 4159/2235/2421 4160/2233/2422
f 4146/2224/2410 4145/2223/2409 4161/2236/2423
f 4146/2224/2410 4161/2236/2423 4162/2237/2423
f 4156/2232/2419 4155/2231/2418 4163/2238/2424
f 4156/2232/2419 4163/2238/2424 4164/2239/2425
f 4165/2223/2426 4156/2232/2419 4164/2239/2425
f 4165/2223/2426 4164/2239/2425 4166/2236/2427
f 4167/2226/2428 4153/2229/2416 4156/2232/2419
f 4167/2226/2428 4156/2232/2419 4165/2223/2426
f 4151/2228/2414 4150/2227/2413 4168/2225/2429
f 4151/2228/2414 4168/2225/2429 4169/2224/2430
f 4159/2235/2421 4151/2228/2414 4169/2224/2430
f 4159/2235/2421 4169/2224/2430 4170/2237/2431
f 4171/686/2432 4172/696/2432 4173/684/2433
f 4171/686/2432 4173/684/2433 4174/687/2434
f 1230/682/162 1232/684/162 4175/696/162
f 1233/685/163 4176/697/163 1234/686/163
f 1231/683/162 1238/690/162 1241/693/162
f 1231/683/162 1241/693/162 1232/684/162
f 4174/687/2434 4173/684/2433 4177/693/2435
f 4174/687/2434 4177/693/2435 4178/689/2436
f 4178/689/2436 4177/693/2435 4179/692/2
f 4178/689/2436 4179/692/2 4180/695/2
f 4181/686/2 4182/696/2 4183/684/2437
f 4181/686/2 4183/684/2437 4184/687/2438
f 4185/682/164 1244/683/164 1247/684/164
f 4185/682/164 1247/684/164 4186/696/164
f 4187/685/165 4188/697/165 4189/686/165
f 4187/685/165 4189/686/165 1249/687/165
f 4184/687/2438 4183/684/2437 4190/693/2439
f 4184/687/2438 4190/693/2439 4191/689/2440
f 1248/688/165 4187/685/165 1249/687/165
f 1245/690/164 1252/692/164 1246/693/164
f 4191/689/2440 4190/693/2439 4192/692/2441
f 4191/689/2440 4192/692/2441 4193/695/2441
f 4194/2219/2442 4195/2220/2442 4196/2221/2443
f 4194/2219/2442 4196/2221/2443 4197/2222/2444
f 4198/2223/2445 4199/2224/2446 4200/2225/2447
f 4198/2223/2445 4200/2225/2447 4201/2226/2447
f 4202/2220/2448 4203/2227/2449 4204/2228/2450
f 4202/2220/2448 4204/2228/2450 4205/2221/2451
f 4206/2229/2452 4207/2230/2453 4208/2231/2454
f 4206/2229/2452 4208/2231/2454 4209/2232/2455
f 4197/2222/2444 4196/2221/2443 4210/2233/2456
f 4197/2222/2444 4210/2233/2456 4211/2234/2456
f 4205/2221/2451 4204/2228/2450 4212/2235/2457
f 4205/2221/2451 4212/2235/2457 4213/2233/2458
f 4199/2224/2446 4198/2223/2445 4214/2236/2459
f 4199/2224/2446 4214/2236/2459 4215/2237/2459
f 4209/2232/2455 4208/2231/2454 4216/2238/2460
f 4209/2232/2455 4216/2238/2460 4217/2239/2461
f 4218/2223/2462 4209/2232/2455 4217/2239/2461
f 4218/2223/2462 4217/2239/2461 4219/2236/2463
f 4220/2226/2464 4206/2229/2452 4209/2232/2455
f 4220/2226/2464 4209/2232/2455 4218/2223/2462
f 4204/2228/2450 4203/2227/2449 4221/2225/2465
f 4204/2228/2450 4221/2225/2465 4222/2224/2466
f 4212/2235/2457 4204/2228/2450 4222/2224/2466
f 4212/2235/2457 4222/2224/2466 4223/2237/2467
f 4224/686/2468 4225/696/2468 4226/684/2469
f 4224/686/2468 4226/684/2469 4227/687/2470
f 1265/685/6 4228/697/6 1266/686/6
f 4227/687/2470 4226/684/2469 4229/693/2471
f 4227/687/2470 4229/693/2471 4230/689/2472
f 1268/690/5 4231/691/5 4232/692/5
f 1268/690/5 4232/692/5 1269/693/5
f 4230/689/2472 4229/693/2471 4233/692/2
f 4230/689/2472 4233/692/2 4234/695/2
f 4235/694/6 1270/688/6 1271/689/6
f 4235/694/6 1271/689/6 4236/695/6
f 4237/2219/2473 4238/2220/2473 4239/2221/2474
f 4237/2219/2473 4239/2221/2474 4240/2222/2475
f 4241/2223/2476 4242/2224/2477 4243/2225/2478
f 4241/2223/2476 4243/2225/2478 4244/2226/2478
f 4245/2220/2479 4246/2227/2480 4247/2228/2481
f 4245/2220/2479 4247/2228/2481 4248/2221/2482
f 4249/2229/2483 4250/2230/2484 4251/2231/2485
f 4249/2229/2483 4251/2231/2485 4252/2232/2486
f 4240/2222/2475 4239/2221/2474 4253/2233/2487
f 4240/2222/2475 4253/2233/2487 4254/2234/2488
f 4248/2221/2482 4247/2228/2481 4255/2235/2489
f 4248/2221/2482 4255/2235/2489 4256/2233/2490
f 4242/2224/2477 4241/2223/2476 4257/2236/2491
f 4242/2224/2477 4257/2236/2491 4258/2237/2491
f 4252/2232/2486 4251/2231/2485 4259/2238/2492
f 4252/2232/2486 4259/2238/2492 4260/2239/2493
f 4261/2223/2494 4252/2232/2486 4260/2239/2493
f 4261/2223/2494 4260/2239/2493 4262/2236/2495
f 4263/2226/2496 4249/2229/2483 4252/2232/2486
f 4263/2226/2496 4252/2232/2486 4261/2223/2494
f 4247/2228/2481 4246/2227/2480 4264/2225/2497
f 4247/2228/2481 4264/2225/2497 4265/2224/2498
f 4255/2235/2489 4247/2228/2481 4265/2224/2498
f 4255/2235/2489 4265/2224/2498 4266/2237/2499
f 4267/686/2500 4268/696/2500 4269/684/2501
f 4267/686/2500 4269/684/2501 4270/687/2502
f 4270/687/2502 4269/684/2501 4271/693/2503
f 4270/687/2502 4271/693/2503 4272/689/2504
f 1288/688/167 1282/685/167 1285/687/167
f 4272/689/2504 4271/693/2503 4273/692/2
f 4272/689/2504 4273/692/2 4274/695/2
f 4275/2219/2505 4276/2220/2505 4277/2221/2506
f 4275/2219/2505 4277/2221/2506 4278/2222/2507
f 4279/2223/2508 4280/2224/2509 4281/2225/2510
f 4279/2223/2508 4281/2225/2510 4282/2226/2510
f 4283/2220/2511 4284/2227/2512 4285/2228/2513
f 4283/2220/2511 4285/2228/2513 4286/2221/2514
f 4287/2229/2515 4288/2230/2516 4289/2231/2517
f 4287/2229/2515 4289/2231/2517 4290/2232/2518
f 4278/2222/2507 4277/2221/2506 4291/2233/2519
f 4278/2222/2507 4291/2233/2519 4292/2234/2519
f 4286/2221/2514 4285/2228/2513 4293/2235/2520
f 4286/2221/2514 4293/2235/2520 4294/2233/2521
f 4280/2224/2509 4279/2223/2508 4295/2236/2522
f 4280/2224/2509 4295/2236/2522 4296/2237/2522
f 4290/2232/2518 4289/2231/2517 4297/2238/2523
f 4290/2232/2518 4297/2238/2523 4298/2239/2524
f 4299/2223/2525 4290/2232/2518 4298/2239/2524
f 4299/2223/2525 4298/2239/2524 4300/2236/2526
f 4301/2226/2527 4287/2229/2515 4290/2232/2518
f 4301/2226/2527 4290/2232/2518 4299/2223/2525
f 4285/2228/2513 4284/2227/2512 4302/2225/2528
f 4285/2228/2513 4302/2225/2528 4303/2224/2529
f 4293/2235/2520 4285/2228/2513 4303/2224/2529
f 4293/2235/2520 4303/2224/2529 4304/2237/2530
f 4305/2240/2531 4306/2241/2532 4307/2242/2
f 4305/2240/2531 4307/2242/2 4308/2243/2533
f 4306/2241/2532 4309/2244/2534 4310/2245/2535
f 4306/2241/2532 4310/2245/2535 4307/2242/2
f 4308/2243/2533 4307/2242/2 4311/2246/2536
f 4308/2243/2533 4311/2246/2536 4312/2247/2537
f 4307/2242/2 4310/2245/2535 4313/2248/2538
f 4307/2242/2 4313/2248/2538 4311/2246/2536
f 4314/2249/2539 4315/2250/2540 4316/2251/2541
f 4314/2249/2539 4316/2251/2541 4317/2252/2542
f 4315/2250/2540 4318/2253/2543 4319/2254/2544
f 4315/2250/2540 4319/2254/2544 4316/2251/2541
f 4320/2255/2545 4321/2256/2546 4322/2257/2547
f 4320/2255/2545 4322/2257/2547 4323/2258/2548
f 4321/2256/2546 4324/2259/2549 4325/2260/2550
f 4321/2256/2546 4325/2260/2550 4322/2257/2547
f 4324/2259/2549 4326/2261/2551 4327/2262/2552
f 4324/2259/2549 4327/2262/2552 4325/2260/2550
f 4326/2261/2551 4328/2263/2553 4329/2264/2554
f 4326/2261/2551 4329/2264/2554 4327/2262/2552
f 4328/2263/2553 4330/2265/2555 4331/2266/2556
f 4328/2263/2553 4331/2266/2556 4329/2264/2554
f 4330/2265/2555 4332/2267/2557 4333/2268/2558
f 4330/2265/2555 4333/2268/2558 4331/2266/2556
f 4332/2267/2557 4334/2269/2559 4335/2270/2560
f 4332/2267/2557 4335/2270/2560 4333/2268/2558
f 4334/2269/2559 4336/2271/2561 4337/2272/2562
f 4334/2269/2559 4337/2272/2562 4335/2270/2560
f 4336/2271/2561 4338/2273/2563 4339/2274/2564
f 4336/2271/2561 4339/2274/2564 4337/2272/2562
f 4338/2273/2563 4314/2249/2539 4317/2252/2542
f 4338/2273/2563 4317/2252/2542 4339/2274/2564
f 4333/2268/2558 4335/2270/2560 4340/2275/2565
f 4333/2268/2558 4340/2275/2565 4341/2276/2566
f 4331/2266/2556 4333/2268/2558 4342/2276/2567
f 4331/2266/2556 4342/2276/2567 4343/2277/2568
f 4329/2264/2554 4331/2266/2556 4344/2277/2569
f 4329/2264/2554 4344/2277/2569 4345/2278/2570
f 4327/2262/2552 4329/2264/2554 4345/2278/2570
f 4327/2262/2552 4345/2278/2570 4346/2279/2571
f 4325/2260/2550 4327/2262/2552 4347/2279/2572
f 4325/2260/2550 4347/2279/2572 4348/2280/2573
f 4322/2257/2547 4325/2260/2550 4348/2280/2573
f 4322/2257/2547 4348/2280/2573 4349/2281/2574
f 4323/2258/2548 4322/2257/2547 4350/2281/2575
f 4323/2258/2548 4350/2281/2575 4351/2282/2576
f 4316/2251/2541 4319/2254/2544 4352/2283/2577
f 4316/2251/2541 4352/2283/2577 4353/2284/2578
f 4317/2252/2542 4316/2251/2541 4353/2284/2578
f 4317/2252/2542 4353/2284/2578 4354/2285/2579
f 4339/2274/2564 4317/2252/2542 4354/2285/2579
f 4339/2274/2564 4354/2285/2579 4355/2286/2580
f 4337/2272/2562 4339/2274/2564 4356/2286/2581
f 4337/2272/2562 4356/2286/2581 4357/2287/2582
f 4335/2270/2560 4337/2272/2562 4357/2287/2582
f 4335/2270/2560 4357/2287/2582 4340/2275/2565
f 1301/699/168 4358/2288/168 1310/708/168
f 1315/710/170 4359/718/170 1316/713/170
f 4360/2289/2583 4361/2290/2584 4362/2291/2583
f 4360/2289/2583 4362/2291/2583 4363/2292/2585
f 4364/2293/2586 4365/2294/2587 4366/2295/2586
f 4364/2293/2586 4366/2295/2586 4367/2296/2588
f 1326/709/174 1328/711/174 4368/712/174
f 1337/715/177 4369/709/177 1338/712/177
f 4370/2289/2589 4371/2290/2590 4372/2291/2589
f 4370/2289/2589 4372/2291/2589 4373/2292/2591
f 4374/2293/2592 4375/2294/2593 4376/2295/2592
f 4374/2293/2592 4376/2295/2592 4377/2296/2594
f 4378/2297/2595 4379/2298/2596 4380/2299/2597
f 4378/2297/2595 4380/2299/2597 4381/2300/2598
f 4382/2298/2599 4383/2301/2600 4384/2302/2601
f 4382/2298/2599 4384/2302/2601 4385/2299/2602
f 4386/2301/2603 4387/2303/2604 4388/2304/2605
f 4386/2301/2603 4388/2304/2605 4389/2302/2606
f 4390/2303/2607 4391/2305/2608 4392/2306/2609
f 4390/2303/2607 4392/2306/2609 4393/2304/2610
f 4394/2305/2611 4395/2307/2612 4396/2308/2613
f 4394/2305/2611 4396/2308/2613 4397/2306/2614
f 4398/2309/2615 4399/2297/2616 4400/2300/2617
f 4398/2309/2615 4400/2300/2617 4401/2310/2618
f 1340/719/178 1342/721/178 4402/2311/178
f 1345/724/179 1347/726/179 1348/727/179
f 1375/744/187 4403/757/187 1376/745/187
f 4404/2312/2619 4405/2313/2620 4406/757/2621
f 4404/2312/2619 4406/757/2621 4407/744/2622
f 4408/2314/2623 4409/2315/2624 4410/746/2625
f 4408/2314/2623 4410/746/2625 4411/745/2626
f 4412/2316/2627 4413/2317/2619 4414/748/2622
f 4412/2316/2627 4414/748/2622 4415/747/2628
f 4416/2318/2624 4417/2319/2629 4418/750/2630
f 4416/2318/2624 4418/750/2630 4419/749/2625
f 4420/2320/2631 4412/2316/2627 4415/747/2628
f 4420/2320/2631 4415/747/2628 4421/751/2632
f 4417/2319/2629 4422/2321/2633 4423/752/2634
f 4417/2319/2629 4423/752/2634 4418/750/2630
f 4424/2322/2635 4420/2320/2631 4421/751/2632
f 4424/2322/2635 4421/751/2632 4425/753/2636
f 4422/2321/2633 4426/2323/2637 4427/754/2638
f 4422/2321/2633 4427/754/2638 4423/752/2634
f 4428/2324/2639 4424/2322/2635 4425/753/2636
f 4428/2324/2639 4425/753/2636 4429/755/2640
f 4426/2323/2637 4430/2325/2641 4431/756/2642
f 4426/2323/2637 4431/756/2642 4427/754/2638
f 4405/2313/2620 4428/2324/2639 4429/755/2640
f 4405/2313/2620 4429/755/2640 4406/757/2621
f 4430/2325/2641 4408/2314/2623 4411/745/2626
f 4430/2325/2641 4411/745/2626 4431/756/2642
f 4432/2326/2643 4433/2327/2644 4434/2328/2645
f 4432/2326/2643 4434/2328/2645 4435/2329/2646
f 4436/2330/2647 4437/2326/2648 4438/2329/2649
f 4436/2330/2647 4438/2329/2649 4439/2331/2650
f 4440/2332/2651 4441/2330/2652 4442/2331/2653
f 4440/2332/2651 4442/2331/2653 4443/2333/2654
f 4444/2334/2655 4445/2332/2656 4446/2333/2657
f 4444/2334/2655 4446/2333/2657 4447/2335/2658
f 4448/2336/2659 4449/2334/2660 4450/2335/2661
f 4448/2336/2659 4450/2335/2661 4451/2337/2662
f 4452/2327/2663 4453/2338/2664 4454/2339/2665
f 4452/2327/2663 4454/2339/2665 4455/2328/2666
f 4435/2329/2646 4434/2328/2645 4456/2340/2667
f 4435/2329/2646 4456/2340/2667 4457/2341/2668
f 4439/2331/2650 4438/2329/2649 4458/2341/2669
f 4439/2331/2650 4458/2341/2669 4459/2342/2670
f 4443/2333/2654 4442/2331/2653 4460/2342/2671
f 4443/2333/2654 4460/2342/2671 4461/2343/2672
f 4447/2335/2658 4446/2333/2657 4462/2343/2673
f 4447/2335/2658 4462/2343/2673 4463/2344/2674
f 4451/2337/2662 4450/2335/2661 4464/2344/2675
f 4451/2337/2662 4464/2344/2675 4465/2345/2676
f 4455/2328/2666 4454/2339/2665 4466/2346/2677
f 4455/2328/2666 4466/2346/2677 4467/2340/2678
f 4393/2304/2610 4392/2306/2609 4433/2327/2644
f 4393/2304/2610 4433/2327/2644 4432/2326/2643
f 4389/2302/2606 4388/2304/2605 4437/2326/2648
f 4389/2302/2606 4437/2326/2648 4436/2330/2647
f 4385/2299/2602 4384/2302/2601 4441/2330/2652
f 4385/2299/2602 4441/2330/2652 4440/2332/2651
f 4381/2300/2598 4380/2299/2597 4445/2332/2656
f 4381/2300/2598 4445/2332/2656 4444/2334/2655
f 4401/2310/2618 4400/2300/2617 4449/2334/2660
f 4401/2310/2618 4449/2334/2660 4448/2336/2659
f 4397/2306/2614 4396/2308/2613 4453/2338/2664
f 4397/2306/2614 4453/2338/2664 4452/2327/2663
f 4468/2347/2679 4469/2348/2680 4470/2349/2681
f 4468/2347/2679 4470/2349/2681 4471/2350/2682
f 4472/2351/2683 4473/2352/2684 4474/980/2685
f 4472/2351/2683 4474/980/2685 4475/979/2686
f 4476/2353/2687 4477/2354/2688 4473/2352/2684
f 4476/2353/2687 4473/2352/2684 4472/2351/2683
f 4478/2355/2689 4479/2356/2690 4469/2348/2680
f 4478/2355/2689 4469/2348/2680 4468/2347/2679
f 4480/54/2691 4481/56/2692 4477/2354/2688
f 4480/54/2691 4477/2354/2688 4476/2353/2687
f 4482/2357/2693 4483/2358/2694 4479/2356/2690
f 4482/2357/2693 4479/2356/2690 4478/2355/2689
f 4481/56/2692 4482/2357/2693 4478/2355/2689
f 4481/56/2692 4478/2355/2689 4477/2354/2688
f 4473/2352/2684 4477/2354/2688 4478/2355/2689
f 4473/2352/2684 4478/2355/2689 4468/2347/2679
f 4474/980/2685 4473/2352/2684 4468/2347/2679
f 4474/980/2685 4468/2347/2679 4471/2350/2682
f 4484/2347/2695 4485/2350/2696 4486/2349/2697
f 4484/2347/2695 4486/2349/2697 4487/2348/2698
f 4488/2351/2699 4489/979/2700 4490/980/2701
f 4488/2351/2699 4490/980/2701 4491/2352/2702
f 4492/2353/2703 4488/2351/2699 4491/2352/2702
f 4492/2353/2703 4491/2352/2702 4493/2354/2704
f 4494/2359/2705 4484/2347/2695 4487/2348/2698
f 4494/2359/2705 4487/2348/2698 4495/2356/2706
f 4496/54/2707 4492/2353/2703 4493/2354/2704
f 4496/54/2707 4493/2354/2704 4497/56/2708
f 4498/2357/2709 4494/2359/2705 4495/2356/2706
f 4498/2357/2709 4495/2356/2706 4499/2358/2710
f 4497/56/2708 4493/2354/2704 4494/2359/2705
f 4497/56/2708 4494/2359/2705 4498/2357/2709
f 4491/2352/2702 4484/2347/2695 4494/2359/2705
f 4491/2352/2702 4494/2359/2705 4493/2354/2704
f 4490/980/2701 4485/2350/2696 4484/2347/2695
f 4490/980/2701 4484/2347/2695 4491/2352/2702
f 4500/2360/2711 4501/2361/2712 4502/2350/2713
f 4500/2360/2711 4502/2350/2713 4503/2349/2711
f 4504/2362/2714 4505/2363/2715 4506/2358/2715
f 4504/2362/2714 4506/2358/2715 4507/2357/2716
f 103/55/9 4504/2362/2714 4507/2357/2716
f 103/55/9 4507/2357/2716 104/56/9
f 4501/2361/2712 1707/978/420 1709/980/420
f 4501/2361/2712 1709/980/420 4502/2350/2713
f 4508/2364/2717 4509/2365/2718 4510/2366/2719
f 4508/2364/2717 4510/2366/2719 4511/2367/2720
f 4509/2365/2718 4512/2368/2721 4513/2369/2722
f 4509/2365/2718 4513/2369/2722 4510/2366/2719
f 4512/2368/2721 4514/2370/2723 4515/2371/2724
f 4512/2368/2721 4515/2371/2724 4513/2369/2722
f 4514/2370/2723 4516/2372/2725 4517/2373/2726
f 4514/2370/2723 4517/2373/2726 4515/2371/2724
f 4516/2372/2725 4518/2374/2727 4519/2375/2728
f 4516/2372/2725 4519/2375/2728 4517/2373/2726
f 4518/2374/2727 4520/2376/2729 4521/2377/2730
f 4518/2374/2727 4521/2377/2730 4519/2375/2728
f 4520/2376/2729 4522/2378/2731 4523/2379/2732
f 4520/2376/2729 4523/2379/2732 4521/2377/2730
f 4522/2378/2731 4524/2380/2733 4525/2381/2734
f 4522/2378/2731 4525/2381/2734 4523/2379/2732
f 4524/2380/2733 4526/2382/2735 4527/2383/2736
f 4524/2380/2733 4527/2383/2736 4525/2381/2734
f 4528/2384/2735 4508/2364/2717 4511/2367/2720
f 4528/2384/2735 4511/2367/2720 4529/2385/2736
f 1399/759/193 1407/767/193 1400/760/193
f 4530/2386/2737 4531/2387/2738 4532/2388/2739
f 4530/2386/2737 4532/2388/2739 4533/2389/2740
f 4531/2387/2738 4534/2390/2741 4535/2391/2742
f 4531/2387/2738 4535/2391/2742 4532/2388/2739
f 4534/2390/2741 4536/2392/2743 4537/2393/2744
f 4534/2390/2741 4537/2393/2744 4535/2391/2742
f 4536/2392/2743 4538/2394/2745 4539/2395/2746
f 4536/2392/2743 4539/2395/2746 4537/2393/2744
f 4538/2394/2745 4540/2396/2747 4541/2397/2748
f 4538/2394/2745 4541/2397/2748 4539/2395/2746
f 4540/2396/2747 4542/2398/2749 4543/2399/2750
f 4540/2396/2747 4543/2399/2750 4541/2397/2748
f 4542/2398/2749 4544/2400/2751 4545/2401/2752
f 4542/2398/2749 4545/2401/2752 4543/2399/2750
f 4544/2400/2751 4546/2402/2753 4547/2403/2754
f 4544/2400/2751 4547/2403/2754 4545/2401/2752
f 4546/2402/2753 4548/2404/2755 4549/2405/2756
f 4546/2402/2753 4549/2405/2756 4547/2403/2754
f 4550/2406/2757 4530/2386/2737 4533/2389/2740
f 4550/2406/2757 4533/2389/2740 4551/2407/2756
f 4531/2387/2738 4530/2386/2737 4552/2408/2758
f 4531/2387/2738 4552/2408/2758 4553/2409/2759
f 4534/2390/2741 4531/2387/2738 4553/2409/2759
f 4534/2390/2741 4553/2409/2759 4554/2410/2760
f 4536/2392/2743 4534/2390/2741 4554/2410/2760
f 4536/2392/2743 4554/2410/2760 4555/2411/2761
f 4538/2394/2745 4536/2392/2743 4555/2411/2761
f 4538/2394/2745 4555/2411/2761 4556/2412/2762
f 4540/2396/2747 4538/2394/2745 4556/2412/2762
f 4540/2396/2747 4556/2412/2762 4557/2413/2763
f 4542/2398/2749 4540/2396/2747 4557/2413/2763
f 4542/2398/2749 4557/2413/2763 4558/2414/2764
f 4544/2400/2751 4542/2398/2749 4558/2414/2764
f 4544/2400/2751 4558/2414/2764 4559/2415/2765
f 4546/2402/2753 4544/2400/2751 4559/2415/2765
f 4546/2402/2753 4559/2415/2765 4560/2416/2766
f 4548/2404/2755 4546/2402/2753 4560/2416/2766
f 4548/2404/2755 4560/2416/2766 4561/2417/2767
f 4530/2386/2737 4550/2406/2757 4562/2418/2767
f 4530/2386/2737 4562/2418/2767 4552/2408/2758
f 4553/2409/2759 4552/2408/2758 4563/2419/2768
f 4553/2409/2759 4563/2419/2768 4564/2420/2769
f 4554/2410/2760 4553/2409/2759 4564/2420/2769
f 4554/2410/2760 4564/2420/2769 4565/2421/2770
f 4555/2411/2761 4554/2410/2760 4565/2421/2770
f 4555/2411/2761 4565/2421/2770 4566/2422/2771
f 4556/2412/2762 4555/2411/2761 4566/2422/2771
f 4556/2412/2762 4566/2422/2771 4567/2423/2772
f 4557/2413/2763 4556/2412/2762 4567/2423/2772
f 4557/2413/2763 4567/2423/2772 4568/2424/2773
f 4558/2414/2764 4557/2413/2763 4568/2424/2773
f 4558/2414/2764 4568/2424/2773 4569/2425/2774
f 4559/2415/2765 4558/2414/2764 4569/2425/2774
f 4559/2415/2765 4569/2425/2774 4570/2426/2775
f 4560/2416/2766 4559/2415/2765 4570/2426/2775
f 4560/2416/2766 4570/2426/2775 4571/2427/2776
f 4561/2417/2767 4560/2416/2766 4571/2427/2776
f 4561/2417/2767 4571/2427/2776 4572/2428/2777
f 4552/2408/2758 4562/2418/2767 4573/2429/2777
f 4552/2408/2758 4573/2429/2777 4563/2419/2768
f 4574/769/2778 4575/2430/2779 4576/2431/2780
f 4574/769/2778 4576/2431/2780 4577/770/2781
f 4578/2432/2782 4579/772/2783 4580/775/2782
f 4578/2432/2782 4580/775/2782 4581/2433/2784
f 4582/773/2785 4583/2434/2786 4584/2435/2785
f 4582/773/2785 4584/2435/2785 4585/774/2787
f 4586/2434/2788 4587/768/2789 4588/771/2788
f 4586/2434/2788 4588/771/2788 4589/2435/2790
f 1422/782/198 4590/787/198 1423/783/198
f 4591/2364/2791 4592/2367/2792 4593/2366/2793
f 4591/2364/2791 4593/2366/2793 4594/2365/2794
f 4594/2365/2794 4593/2366/2793 4595/2369/2795
f 4594/2365/2794 4595/2369/2795 4596/2368/2796
f 4596/2368/2796 4595/2369/2795 4597/2371/2797
f 4596/2368/2796 4597/2371/2797 4598/2370/2798
f 4598/2370/2798 4597/2371/2797 4599/2373/2799
f 4598/2370/2798 4599/2373/2799 4600/2372/2800
f 4600/2372/2800 4599/2373/2799 4601/2375/2801
f 4600/2372/2800 4601/2375/2801 4602/2374/2802
f 4602/2374/2802 4601/2375/2801 4603/2377/2803
f 4602/2374/2802 4603/2377/2803 4604/2376/2804
f 4604/2376/2804 4603/2377/2803 4605/2379/2805
f 4604/2376/2804 4605/2379/2805 4606/2378/2806
f 4606/2378/2806 4605/2379/2805 4607/2381/2807
f 4606/2378/2806 4607/2381/2807 4608/2380/2808
f 4608/2380/2808 4607/2381/2807 4609/2383/2809
f 4608/2380/2808 4609/2383/2809 4610/2382/2810
f 4611/2384/2811 4612/2385/2812 4592/2367/2792
f 4611/2384/2811 4592/2367/2792 4591/2364/2791
f 1433/764/200 4613/765/200 1432/763/200
f 4614/2386/2813 4615/2389/2814 4616/2388/2815
f 4614/2386/2813 4616/2388/2815 4617/2387/2816
f 4617/2387/2816 4616/2388/2815 4618/2391/2817
f 4617/2387/2816 4618/2391/2817 4619/2390/2818
f 4619/2390/2818 4618/2391/2817 4620/2393/2819
f 4619/2390/2818 4620/2393/2819 4621/2392/2820
f 4621/2392/2820 4620/2393/2819 4622/2395/2821
f 4621/2392/2820 4622/2395/2821 4623/2394/2822
f 4623/2394/2822 4622/2395/2821 4624/2397/2823
f 4623/2394/2822 4624/2397/2823 4625/2396/2824
f 4625/2396/2824 4624/2397/2823 4626/2399/2825
f 4625/2396/2824 4626/2399/2825 4627/2398/2826
f 4627/2398/2826 4626/2399/2825 4628/2401/2827
f 4627/2398/2826 4628/2401/2827 4629/2400/2828
f 4629/2400/2828 4628/2401/2827 4630/2403/2829
f 4629/2400/2828 4630/2403/2829 4631/2402/2830
f 4631/2402/2830 4630/2403/2829 4632/2405/2831
f 4631/2402/2830 4632/2405/2831 4633/2404/2832
f 4634/2406/2833 4635/2407/2831 4615/2389/2814
f 4634/2406/2833 4615/2389/2814 4614/2386/2813
f 4617/2387/2816 4636/2409/2834 4637/2408/2835
f 4617/2387/2816 4637/2408/2835 4614/2386/2813
f 4619/2390/2818 4638/2410/2836 4636/2409/2834
f 4619/2390/2818 4636/2409/2834 4617/2387/2816
f 4621/2392/2820 4639/2411/2837 4638/2410/2836
f 4621/2392/2820 4638/2410/2836 4619/2390/2818
f 4623/2394/2822 4640/2412/2838 4639/2411/2837
f 4623/2394/2822 4639/2411/2837 4621/2392/2820
f 4625/2396/2824 4641/2413/2839 4640/2412/2838
f 4625/2396/2824 4640/2412/2838 4623/2394/2822
f 4627/2398/2826 4642/2414/2840 4641/2413/2839
f 4627/2398/2826 4641/2413/2839 4625/2396/2824
f 4629/2400/2828 4643/2415/2841 4642/2414/2840
f 4629/2400/2828 4642/2414/2840 4627/2398/2826
f 4631/2402/2830 4644/2416/2842 4643/2415/2841
f 4631/2402/2830 4643/2415/2841 4629/2400/2828
f 4633/2404/2832 4645/2417/2843 4644/2416/2842
f 4633/2404/2832 4644/2416/2842 4631/2402/2830
f 4614/2386/2813 4637/2408/2835 4646/2418/2843
f 4614/2386/2813 4646/2418/2843 4634/2406/2833
f 4636/2409/2834 4647/2420/2844 4648/2419/2845
f 4636/2409/2834 4648/2419/2845 4637/2408/2835
f 4638/2410/2836 4649/2421/2846 4647/2420/2844
f 4638/2410/2836 4647/2420/2844 4636/2409/2834
f 4639/2411/2837 4650/2422/2847 4649/2421/2846
f 4639/2411/2837 4649/2421/2846 4638/2410/2836
f 4640/2412/2838 4651/2423/2848 4650/2422/2847
f 4640/2412/2838 4650/2422/2847 4639/2411/2837
f 4641/2413/2839 4652/2424/2849 4651/2423/2848
f 4641/2413/2839 4651/2423/2848 4640/2412/2838
f 4642/2414/2840 4653/2425/2850 4652/2424/2849
f 4642/2414/2840 4652/2424/2849 4641/2413/2839
f 4643/2415/2841 4654/2426/2851 4653/2425/2850
f 4643/2415/2841 4653/2425/2850 4642/2414/2840
f 4644/2416/2842 4655/2427/2852 4654/2426/2851
f 4644/2416/2842 4654/2426/2851 4643/2415/2841
f 4645/2417/2843 4656/2428/2853 4655/2427/2852
f 4645/2417/2843 4655/2427/2852 4644/2416/2842
f 4637/2408/2835 4648/2419/2845 4657/2429/2854
f 4637/2408/2835 4657/2429/2854 4646/2418/2843
f 4658/769/2855 4659/770/2856 4660/2431/2857
f 4658/769/2855 4660/2431/2857 4661/2430/2858
f 4662/2432/2859 4663/2433/2860 4664/775/2859
f 4662/2432/2859 4664/775/2859 4665/772/2861
f 4666/773/2862 4667/774/2863 4668/2435/2862
f 4666/773/2862 4668/2435/2862 4669/2434/2864
f 4670/2434/2865 4671/2435/2866 4672/771/2865
f 4670/2434/2865 4672/771/2865 4673/768/2867
f 1450/782/205 1455/784/205 1451/783/205
f 1456/788/2868 1459/791/2868 1457/789/2868
f 1460/792/207 1710/981/421 1712/794/423
f 1460/792/207 1712/794/423 1461/793/2868
f 1467/792/208 1468/794/425 1713/981/424
f 1469/788/210 1471/789/210 4674/790/210
f 1472/792/210 1715/981/427 1717/794/429
f 1472/792/210 1717/794/429 1473/793/210
f 1474/788/211 4675/790/211 1475/789/211
f 1476/791/211 1475/789/211 1477/793/211
f 1478/792/211 1479/794/431 1718/981/430
